"ID","SRC","DB_TABLE","DB_NAME","TABLE_HCODE","TABLE_CNAME","TABLE_ENAME","TABLE_DESC","TABLE_DESC_GENERATED","UNIQ_KEY","IS_SHOW","HISQA","HISMAN","HISVALID","CREATE_BY","HCREATETIME","UPDATE_BY","HUPDATETIME","TABLE_DESC_AI"
1,JY,oracle,ODSJY,"1",证券主表,SecuMain,本表收录单个证券品种（股票、基金、债券）的代码、简称、上市交易所等基础信息。,表格SecuMain-证券主表: 本表收录单个证券品种（股票、基金、债券）的代码、简称、上市交易所等基础信息。,InnerCode,0,,,1,,"2024-06-06 17:33:37",,"2024-08-03 16:54:09",
2,JY,oracle,ODSJY,"2",港股证券主表,HK_delete,本表收录港股单个证券品种的简称、上市交易所等基础信息。,本表收录港股单个证券品种的简称、上市交易所等基础信息。,InnerCode,,,,1,,"2024-06-06 17:33:37",,"2024-09-19 18:31:23",
3,JY,oracle,ODSJY,"3","",LC_7PERCENTCHANGE,"",,"",,,,0,,"2024-06-06 17:33:37",,"2024-08-09 14:25:12",
4,JY,oracle,ODSJY,"4","",LC_7PERCENTCHANGE_SE,"",,"",,,,0,,"2024-06-06 17:33:37",,"2024-08-09 14:25:12",
5,JY,oracle,ODSJY,"5","",LC_ACCOUNTPAYABLE,"",,"",,,,0,,"2024-06-06 17:33:37",,"2024-08-09 14:25:12",
6,JY,oracle,ODSJY,"6","",LC_ACCOUNTRECEIVABLE,"",,"",,,,0,,"2024-06-06 17:33:37",,"2024-08-09 14:25:12",
7,JY,oracle,ODSJY,"7","",LC_ADDRESSCHANGE,"",,"",,,,0,,"2024-06-06 17:33:37",,"2024-08-09 14:25:12",
8,JY,oracle,ODSJY,"8","",LC_ADJUDICATEDOCINFO,"",,"",,,,0,,"2024-06-06 17:33:37",,"2024-08-09 14:25:12",
9,JY,oracle,ODSJY,"9","",LC_ADVANCES,"",,"",,,,0,,"2024-06-06 17:33:37",,"2024-08-09 14:25:12",
10,JY,oracle,ODSJY,"10","",LC_ANNCLASSIFI,"",,"",,,,0,,"2024-06-06 17:33:38",,"2024-08-09 14:25:12",
11,JY,oracle,ODSJY,"11","",LC_ANNOUNCEMENT,"",,"",,,,0,,"2024-06-06 17:33:38",,"2024-08-09 14:25:12",
12,JY,oracle,ODSJY,"12","",LC_ANNOUNCEMENTINFO,"",,"",,,,0,,"2024-06-06 17:33:38",,"2024-08-09 14:25:12",
13,JY,oracle,ODSJY,"13","",LC_ANNOUNCEMENTINFO_SE,"",,"",,,,0,,"2024-06-06 17:33:38",,"2024-08-09 14:25:13",
14,JY,oracle,ODSJY,"14","",LC_ANNOUNCESTRU,"",,"",,,,0,,"2024-06-06 17:33:38",,"2024-08-09 14:25:13",
15,JY,oracle,ODSJY,"15","",LC_AREACODE,"",,"",,,,0,,"2024-06-06 17:33:38",,"2024-08-09 14:25:13",
16,JY,oracle,ODSJY,"16","",LC_AREARELATINGINFO,"",,"",,,,0,,"2024-06-06 17:33:38",,"2024-08-09 14:25:13",
17,JY,oracle,ODSJY,"17","",LC_ASHAREIPO,"",,"",,,,0,,"2024-06-06 17:33:38",,"2024-08-09 14:25:13",
18,JY,oracle,ODSJY,"18","",LC_ASHAREIPO_SE,"",,"",,,,0,,"2024-06-06 17:33:38",,"2024-08-09 14:25:13",
19,JY,oracle,ODSJY,"19","",LC_ASHAREIPOBID,"",,"",,,,0,,"2024-06-06 17:33:38",,"2024-08-09 14:25:13",
20,JY,oracle,ODSJY,"20","",LC_ASHAREPLACEMENT,"",,"",,,,0,,"2024-06-06 17:33:38",,"2024-08-09 14:25:13",
21,JY,oracle,ODSJY,"21","",LC_ASHARESEASONEDNEWISSUE,"",,"",,,,0,,"2024-06-06 17:33:39",,"2024-08-09 14:25:13",
22,JY,oracle,ODSJY,"22","",LC_ASHARESEASONEDNEWISSUE_SE,"",,"",,,,0,,"2024-06-06 17:33:39",,"2024-08-09 14:25:13",
23,JY,oracle,ODSJY,"23","",LC_ASSETBUYANDSALE,"",,"",,,,0,,"2024-06-06 17:33:39",,"2024-08-09 14:25:13",
24,JY,oracle,ODSJY,"24","",LC_ASSETDEVALPROVINEW,"",,"",,,,0,,"2024-06-06 17:33:39",,"2024-08-09 14:25:13",
25,JY,oracle,ODSJY,"25","",LC_ASSETTCLD,"",,"",,,,0,,"2024-06-06 17:33:39",,"2024-08-09 14:25:13",
26,JY,oracle,ODSJY,"26","",LC_AUDITOPINION,"",,"",,,,0,,"2024-06-06 17:33:39",,"2024-08-09 14:25:13",
27,JY,oracle,ODSJY,"27","",LC_AVAILABLEFORSALEFS,"",,"",,,,0,,"2024-06-06 17:33:39",,"2024-08-09 14:25:14",
28,JY,oracle,ODSJY,"28","",LC_BALANCESHEET,"",,"",,,,0,,"2024-06-06 17:33:39",,"2024-08-09 14:25:14",
29,JY,oracle,ODSJY,"29",资产负债表_新会计准则,LC_BALANCESHEETALL,"1.反映企业依据2007年新会计准则在年报、中报、季报中披露的资产负债表数据；并依据新旧会计准则的科目对应关系，收录主要科目的历史对应数据。
2.收录同一公司在报告期末的四种财务报告，即未调整的合并报表、未调整的母公司报表、调整后的合并报表以及调整后的母公司报表。
3.若某个报告期的数据有多次调整，则该表展示历次调整数据。
4.该表中各财务科目的单位均为人民币元。
5.带“##”的特殊项目为单个公司披露的非标准化的科目，对应的“特殊字段说明”字段将对其作出说明；带“##”的调整项目是为了让报表的各个小项借贷平衡而设置的，便于客户对报表的遗漏和差错进行判断。",表格LC_BALANCESHEETALL-资产负债表_新会计准则: 表格“LC_BALANCESHEETALL”是一个资产负债表，依据2007年新会计准则设计，用于反映企业在年报、中报、季报中披露的资产负债数据。该表格收录了同一公司在报告期末的四种财务报告（未调整的合并报表、未调整的母公司报表、调整后的合并报表以及调整后的母公司报表），并展示历次调整数据。所有财务科目的单位均为人民币元。\n\n表格包含以下主要字段：\n\n1. 基本信息字段：包括ID、信息发布日期、信息来源、信息来源编码、公告类别、公司代码、截止日期、是否合并、是否调整、完整标志、会计准则、报表格式类型等。\n2. 流动资产模块：包括货币资金/现金及存放中央银行款项、其中:货币资金、其中:货币资金:客户资金存款、其中:现金及存放中央银行款项、结算备付金、其中:客户备付金、拆出资金、融出资金、存放同业款项、存放联行款项、贵金属、交易性金融资产合计、其中:交易性金融资产、其中:以公允价值计量且其变动计入当期损益的金融资产、衍生金融资产、存出保证金、应收票据及应收账款、其中:应收票据、其中:应收账款、应收款项融资、预付款项、应收保费、应收代位追偿款、应收分保账款、应收分保合同准备金、其中:应收分保未到期责任准备金、其中:应收分保未决赔款准备金、其中:应收分保寿险责任准备金、其中:应收分保长期健康险责任准备金、其他应收款(含利息和股利)、其中:其他应收款、其中:应收股利、其中:应收利息、应收融资租赁款、应收款项、应收货币保证金、应收质押保证金、应收结算担保金、应收风险损失款、应收手续费及佣金、买入返售金融资产、存货、其中:消耗性生物资产、合同资产、代理业务资产、持有待售资产、待摊费用、保户质押贷款、一年内到期的非流动资产、其他流动资产、##流动资产特殊项目、##流动资产调整项目、流动资产合计。\n3. 非流动资产模块：包括发放贷款和垫款、债权投资合计、其中:债权投资、其中:以摊余成本计量的金融资产、其他债权投资合计、其中:其他债权投资、其中:以公允价值计量且其变动计入其他综合收益的债务工具投资、投资-贷款及应收款项(应收款项类投资)、定期存款、其他权益工具投资合计、其中:其他权益工具投资、其中:以公允价值计量且其变动计入其他综合收益的非交易性权益工具投资、以公允价值计量且其变动计入其他综合收益的金融资产、持有至到期投资、可供出售金融资产、其他非流动金融资产、委托贷款、长期应收款、长期股权投资、存出资本保证金、投资性房地产、固定资产合计、其中:固定资产、其中:固定资产清理、在建工程合计、其中:在建工程、其中:工程物资、生产性生物资产、公益性生物资产、油气资产、使用权资产、无形资产、其中:交易席位费、开发支出、商誉、长期待摊费用、独立账户资产、递延所得税资产、抵债资产、期货会员资格投资、其他非流动资产、##非流动资产特殊项目、##非流动资产调整项目、非流动资产合计。\n4. 资产总计模块：包括金融投资、其他资产、##资产特殊项目、##资产调整项目、资产总计。\n5. 流动负债模块：包括短期借款、其中:质押借款、应付短期融资款、应付短期债券、向中央银行借款、拆入资金、交易性金融负债合计、其中:交易性金融负债、其中:以公允价值计量且其变动计入当期损益的金融负债、衍生金融负债、应付票据及应付账款、其中:应付票据、其中:应付账款、预收款项、预收保费、合同负债、卖出回购金融资产款、吸收存款及同业存款、其中:吸收存款、其中:同业及其他金融机构存放款项、联行存放款项、代理买卖证券款、代理承销证券款、应付职工薪酬、应交税费、其他应付款(含利息和股利)、其中:其他应付款、其中:应付股利、其中:应付利息、应付款项、应付手续费及佣金、应付货币保证金、应付质押保证金、应付期货投资者保障基金、应付分保账款、代理业务负债、持有待售负债、应付赔付款、应付保单红利、保户储金及投资款、保险合同准备金、存入保证金、预提费用、递延收益、担保赔偿准备金、担保业务准备金、期货风险准备金、一年内到期的非流动负债、其他流动负债、##流动负债特殊项目、##流动负债调整项目、流动负债合计。\n6. 非流动负债模块：包括长期保险合同准备金、其中:未到期责任准备金、其中:未决赔款准备金、其中:寿险责任准备金、其中:长期健康险责任准备金、长期借款、应付债券、其中:优先股(应付债券)、其中:永续债(应付债券)、租赁负债、长期应付款合计、其中:长期应付款、其中:专项应付款、应付融资租赁款、长期应付职工薪酬、预计负债、长期递延收益、独立账户负债、递延所得税负债、其他非流动负债、##非流动负债特殊项目、##非流动负债调整项目、非流动负债合计。\n7. 负债合计模块：包括其他负债、##负债特殊项目、##负债调整项目、负债合计。\n8. 所有者权益(或股东权益)模块：包括实收资本(或股本)、其他权益工具、其中:优先股(其他权益工具)、其中:永续债(其他权益工具)、资本公积、减:库存股、其他综合收益、专项储备、盈余公积、一般风险准备、交易风险准备、其他储备(公允价值变动储备)、未分配利润、外币报表折算差额、未确认投资损失、##归属母公司所有者权益(或股东权益)特殊项目、##归属母公司所有者权益(或股东权益)调整项目、归属母公司所有者权益(或股东权益)合计、其中:归属于母公司普通股股东权益、少数股东权益、##所有者权益(或股东权益)特殊项目、##所有者权益(或股东权益)调整项目、所有者权益(或股东权益)合计。\n9. 负债和所有者(或股东权益)总计模块：包括##负债和权益特殊项目、##负债和权益调整项目、负债和所有者权益(或股东权益)总计。\n10. 特殊字段模块：包括特殊字段说明、发布时间、更新时间、JSID、系统字段。\n\n该表格通过详细的字段定义和分类，帮助用户全面了解企业的资产、负债和所有者权益情况。,"InfoPublDate,CompanyCode,EndDate,IfAdjusted,IfMerged",,,,1,,"2024-06-06 17:33:39",,"2024-08-03 17:47:27",
30,JY,oracle,ODSJY,"30",非金融类资产负债表_新会计准则,LC_BALANCESHEETNEW,"",,"",,,,1,,"2024-06-06 17:33:39",,"2024-06-06 17:33:39",
31,JY,oracle,ODSJY,"31","",LC_BSHAREIPO,"",,"",,,,0,,"2024-06-06 17:33:39",,"2024-08-09 14:25:14",
32,JY,oracle,ODSJY,"32","",LC_BSHAREIPO_SE,"",,"",,,,0,,"2024-06-06 17:33:40",,"2024-08-09 14:25:14",
33,JY,oracle,ODSJY,"33","",LC_BSHAREPLACEMENT,"",,"",,,,0,,"2024-06-06 17:33:40",,"2024-08-09 14:25:14",
34,JY,oracle,ODSJY,"34","",LC_BSHARESEASONEDNEWISSUE,"",,"",,,,0,,"2024-06-06 17:33:40",,"2024-08-09 14:25:14",
35,JY,oracle,ODSJY,"35","",LC_BSHARESEASONEDNEWISSUE_SE,"",,"",,,,0,,"2024-06-06 17:33:40",,"2024-08-09 14:25:14",
36,JY,oracle,ODSJY,"36","",LC_BUSINESS,"",,"",,,,0,,"2024-06-06 17:33:40",,"2024-08-09 14:25:14",
37,JY,oracle,ODSJY,"37","",LC_BUSINESS_SE,"",,"",,,,0,,"2024-06-06 17:33:40",,"2024-08-09 14:25:14",
38,JY,oracle,ODSJY,"38","",LC_BUYBACK,"",,"",,,,0,,"2024-06-06 17:33:40",,"2024-08-09 14:25:14",
39,JY,oracle,ODSJY,"39","",LC_BUYBACK_SE,"",,"",,,,0,,"2024-06-06 17:33:40",,"2024-08-09 14:25:14",
40,JY,oracle,ODSJY,"40","",LC_CAPITALINVEST,"",,"",,,,0,,"2024-06-06 17:33:40",,"2024-08-09 14:25:14",
41,JY,oracle,ODSJY,"41","",LC_CAPITALINVEST_SE,"",,"",,,,0,,"2024-06-06 17:33:40",,"2024-08-09 14:25:14",
42,JY,oracle,ODSJY,"42","",LC_CAPITALRESERVE,"",,"",,,,0,,"2024-06-06 17:33:40",,"2024-08-09 14:25:14",
43,JY,oracle,ODSJY,"43","",LC_CASHFLOWSTATEMENT,"",,"",,,,0,,"2024-06-06 17:33:40",,"2024-08-09 14:25:14",
44,JY,oracle,ODSJY,"44",现金流量表_新会计准则,LC_CASHFLOWSTATEMENTALL,"
1.反映企业依据2007年新会计准则在年报、中报、季报中披露的现金流量表数据；并依据新旧会计准则的科目对应关系，收录了主要科目的历史对应数据。
2.收录同一公司在报告期末的四种财务报告，即未调整的合并报表、未调整的母公司报表、调整后的合并报表以及调整后的母公司报表。
3.若某个报告期的数据有多次调整，则该表展示历次调整数据。
4.该表中各财务科目的单位均为人民币元。
5.带“##”的特殊项目为单个公司披露的非标准化的科目，对应的“特殊字段说明”字段将对其作出说明；带“##”的调整项目是为了让报表的各个小项借贷平衡而设置的，便于客户对报表的遗漏和差错进行判断。","表格LC_CASHFLOWSTATEMENTALL-现金流量表_新会计准则: 表格“LC_CASHFLOWSTATEMENTALL”是依据2007年新会计准则编制的现金流量表，主要用于反映企业在年报、中报、季报中披露的现金流量数据，并收录了主要科目的历史对应数据。该表格包含了同一公司在报告期末的四种财务报告类型（未调整的合并报表、未调整的母公司报表、调整后的合并报表以及调整后的母公司报表），并展示了历次调整数据。所有财务科目的单位均为人民币元。表格中的字段包括：\n\n- 基本信息字段：ID、信息发布日期、信息来源、信息来源编码、公告类别、公司代码、截止日期、是否合并、是否调整、完整标志、会计准则、报表格式类型。\n- 经营活动产生的现金流量：销售商品、提供劳务收到的现金，客户存款和同业存放款项净增加额，向中央银行借款净增加额，向其他金融机构拆入资金净增加额，客户贷款及垫款净减少额，存放中央银行和同业款项净减少额，收到原保险合同保费取得的现金，收到再保业务现金净额，保户储金及投资款净增加额，拆入资金净增加额，拆出资金净减少额，返售业务资金净减少额(经营)，回购业务资金净增加额，代理买卖证券收到的现金净额，代理承销证券收到的现金净额，处置交易性金融资产净增加额，为交易目的而持有的金融资产净减少额，为交易目的而持有的金融负债净增加额，收取利息、手续费及佣金的现金，收到的税费返还，收回已核销贷款，融出资金净减少额，收到其他与经营活动有关的现金，##经营活动现金流入特殊项目，##经营活动现金流入调整项目，经营活动现金流入小计，购买商品、接受劳务支付的现金，客户存款和同业存放款项净减少额，向中央银行借款净减少额，向其他金融机构拆入资金净减少额，客户贷款及垫款净增加额，存放中央银行和同业款项净增加额，支付原保险合同赔付款项的现金，支付保单红利的现金，支付再保业务现金净额，保户储金及投资款净减少额，拆入资金净减少额，拆出资金净增加额，返售业务资金净增加额(经营)，回购业务资金净减少额，代理买卖证券支付的现金净额，代理承销证券支付的现金净额，处置交易性金融资产净减少额，为交易目的而持有的金融资产净增加额，为交易目的而持有的金融负债净减少额，支付利息、手续费及佣金的现金，支付给职工以及为职工支付的现金，支付的各项税费，以现金支付的业务及管理费，融出资金净增加额，支付其他与经营活动有关的现金，##经营活动现金流出特殊项目，##经营活动现金流出调整项目，经营活动现金流出小计，##经营活动现金流量净额调整项目，经营活动产生的现金流量净额。\n- 投资活动产生的现金流量：收回投资收到的现金，取得投资收益收到的现金，处置固定资产、无形资产和其他长期资产收回的现金净额，处置子公司及其他营业单位收到的现金净额，收到其他与投资活动有关的现金，##投资活动现金流入特殊项目，##投资活动现金流入调整项目，投资活动现金流入小计，购建固定资产、无形资产和其他长期资产支付的现金，投资支付的现金，质押贷款净增加额，取得子公司及其他营业单位支付的现金净额，返售业务资金净增加额(投资)，支付其他与投资活动有关的现金，##投资活动现金流出特殊项目，##投资活动现金流出调整项目，投资活动现金流出小计，##投资活动现金流量净额调整项目，投资活动产生的现金流量净额。\n- 筹资活动产生的现金流量：吸收投资收到的现金，其中:子公司吸收少数股东投资收到的现金，取得借款收到的现金，发行债券收到的现金，发行其他权益工具收到的现金，回购业务资金净增加额(筹资)，收到其他与筹资活动有关的现金，##筹资活动现金流入特殊项目，##筹资活动现金流入调整项目，筹资活动现金流入小计，偿还债务支付的现金，分配股利、利润或偿付利息支付的现金，其中:子公司支付给少数股东的股利、利润或偿付的利息，回购业务资金净减少额(筹资)，支付其他与筹资活动有关的现金，##筹资活动现金流出特殊项目，##筹资活动现金流出调整项目，筹资活动现金流出小计，##筹资活动流量现金净额调整项目，筹资活动产生的现金流量净额。\n- 现金及现金等价物：汇率变动对现金及现金等价物的影响，##影响现金及现金等价物的其他科目，##影响现金及现金等价物的调整项目，现金及现金等价物净增加额，加:期初现金及现金等价物余额，##现金及现金等价物净增加额的特殊项目，##现金及现金等价物净增加额的调整项目，期末现金及现金等价物余额。\n- 将净利润调节为经营活动的现金流量：净利润，其中:归属于母公司所有者的净利润，其中:少数股东损益，加:资产减值准备，固定资产折旧、油气资产折旧、生产性生物资产折旧，其中:生产性生物资产折旧，投资性房地产折旧/摊销，使用权资产摊销/折旧，无形资产摊销，长期待摊费用摊销，待摊费用减少(减:增加)，预提费用增加(减:减少)，处置固定资产、无形资产和其他长期资产的损失，固定资产报废损失，公允价值变动损失，财务费用，利息收入，利息支出，其中:租赁负债利息支出，其中:发行债券利息支出，汇兑损失(收益以""-""号填列)，投资损失，受限资金的增加，专项储备增加，信用减值损失，递延收益的增加/(减少)，预计负债的增加(减:减少)，递延税款贷项(减:借项)，递延所得税资产减少，递延所得税负债增加，存货的减少，股份支付费用，交易性金融资产的减少，可供出售金融资产的减少，贷款的减少，经营性应收项目的减少，经营性应付项目的增加，其他，##(附注)经营活动现金流量净额特殊项目，##(附注)经营活动现金流量净额调整项目，(附注)经营活动产生的现金流量净额，##加:经营流量净额前后对比调整项目。\n- 不涉及现金收支的投资和筹资活动：债务转为资本，一年内到期的可转换公司债券，融资租入固定资产。\n- 现金及现金等价物净变动情况：现金的期末余额，减:现金的期初余额，加:现金等价物的期末余额，减:现金等价物的期初余额，##(附注)现金特殊项目，##(附注)现金调整项目，(附注)现金及现金等价物净增加额，##加:现金净额前后对比调整项目。\n- 特殊字段模块：特殊字段说明，发布时间，更新日期，JSID，系统字段，1数据有效，0无效。\n\n该表格详细记录了企业在不同报告期内的现金流动情况，帮助用户分析企业的财务健康状况和经营活动的现金流量。","InfoPublDate,CompanyCode,EndDate,IfAdjusted,IfMerged",,,,1,,"2024-06-06 17:33:41",,"2024-08-03 17:46:08",
45,JY,oracle,ODSJY,"45",非金融类现金流量表_新会计准则,LC_CASHFLOWSTATEMENTNEW,"",,"",,,,1,,"2024-06-06 17:33:41",,"2024-06-06 17:33:41",
46,JY,oracle,ODSJY,"46","",LC_CERTIFICATION,"",,"",,,,0,,"2024-06-06 17:33:41",,"2024-08-09 14:25:15",
47,JY,oracle,ODSJY,"47","",LC_CERTIFICATION_SE,"",,"",,,,0,,"2024-06-06 17:33:41",,"2024-08-09 14:25:15",
48,JY,oracle,ODSJY,"48","",LC_COCONCEPT,"",,"",,,,0,,"2024-06-06 17:33:41",,"2024-08-09 14:25:15",
49,JY,oracle,ODSJY,"49","",LC_CODECHANGE,"",,"",,,,0,,"2024-06-06 17:33:41",,"2024-08-09 14:25:15",
50,JY,oracle,ODSJY,"50","",LC_CODERELATIONSHIP,"",,"",,,,0,,"2024-06-06 17:33:41",,"2024-08-09 14:25:15",
51,JY,oracle,ODSJY,"51","",LC_COMRELATIONSHIP,"",,"",,,,0,,"2024-06-06 17:33:41",,"2024-08-09 14:25:15",
52,JY,oracle,ODSJY,"52","",LC_CONCEPTLIST,"",,"",,,,0,,"2024-06-06 17:33:41",,"2024-08-09 14:25:15",
53,JY,oracle,ODSJY,"53","",LC_CORPORATIONAGENT,"",,"",,,,0,,"2024-06-06 17:33:41",,"2024-08-09 14:25:15",
54,JY,oracle,ODSJY,"54","",LC_CORRINDEXINDUSTRY,"",,"",,,,0,,"2024-06-06 17:33:41",,"2024-08-09 14:25:15",
55,JY,oracle,ODSJY,"55","",LC_CREDIT,"",,"",,,,0,,"2024-06-06 17:33:42",,"2024-08-09 14:25:15",
56,JY,oracle,ODSJY,"56","",LC_CSIINDUSPE,"",,"",,,,0,,"2024-06-06 17:33:42",,"2024-08-09 14:25:15",
57,JY,oracle,ODSJY,"57","",LC_DEREGULATION,"",,"",,,,0,,"2024-06-06 17:33:42",,"2024-08-09 14:25:15",
58,JY,oracle,ODSJY,"58","",LC_DEREGULATION_SE,"",,"",,,,0,,"2024-06-06 17:33:42",,"2024-08-09 14:25:15",
59,JY,oracle,ODSJY,"59",公司估值分析日指标_新会计准则,LC_DINDICESFORVALUATION,"",,"",,,,1,,"2024-06-06 17:33:42",,"2024-06-06 17:33:42",
60,JY,oracle,ODSJY,"60","",LC_DIVIDEND,"",,"",,,,0,,"2024-06-06 17:33:42",,"2024-08-09 14:25:15",
61,JY,oracle,ODSJY,"61","",LC_DIVIDEND_SE,"",,"",,,,0,,"2024-06-06 17:33:42",,"2024-08-09 14:25:16",
62,JY,oracle,ODSJY,"62","",LC_ENTRUSTINV,"",,"",,,,0,,"2024-06-06 17:33:42",,"2024-08-09 14:25:16",
63,JY,oracle,ODSJY,"63",所有者权益变动表_新会计准则,LC_EQUITYCHANGESSTATEMENT,"1.反映企业依据2007年新会计准则在在年报、中报、季报中披露的权益变动表。
2.收录同一公司在报告期末的四种财务报告，即未调整的合并报表、未调整的母公司报表、调整后的合并报表以及调整后的母公司报表。
3.若某个报告期的数据有多次调整，则该表展示最新调整数据；若某报告期暂未披露调整后数据，则已调整类别下的数据与调整前的数据一致。
4.该表中各财务科目的单位均为人民币元。
5.带“##”的特殊项目为单个公司披露的非标准化的科目，对应的“特殊字段说明”字段将对其作出说明；带“##”的调整项目是为了让报表的各个小项借贷平衡而设置的，便于客户对报表的遗漏和差错进行判断。
6.数据范围：2003-12-31至今
7.信息来源：招股说明书、定报、审计报告等",表格LC_EQUITYCHANGESSTATEMENT-所有者权益变动表_新会计准则: 表格“所有者权益变动表_新会计准则”主要用于反映企业依据2007年新会计准则在年报、中报、季报中披露的权益变动情况。该表收录同一公司在报告期末的四种财务报告，包括未调整和调整后的合并报表及母公司报表，展示最新调整数据，单位为人民币元。表格涵盖了多个字段，包括基本信息字段如ID、信息发布日期、信息来源、公告类别、公司代码、截止日期、合并调整标志、会计准则、项目序号、项目名称、所属类别等；财务数据字段如实收资本/股本、其他权益工具、优先股、永续债、其他、资本公积、盈余公积、未分配利润、库存股、其他综合收益、一般风险准备、交易风险准备、外币报表折算差额、专项储备、其他所有者权益、特殊项目、调整项目、母公司所有者权益合计、少数股东权益、所有者权益合计等；以及其他字段如特殊字段说明、发布时间、更新时间、JSID、系统字段等。该表格的数据来源包括招股说明书、定报、审计报告等，数据范围从2003年12月31日至今。,"CompanyCode,EndDate,Mark,ItemsType,InfoPublDate",,,,1,,"2024-06-06 17:33:42",,"2024-08-03 17:44:14",
64,JY,oracle,ODSJY,"64","",LC_EXECUTIVESHOLDINGS,"",,"",,,,0,,"2024-06-06 17:33:42",,"2024-08-09 14:25:16",
65,JY,oracle,ODSJY,"65","",LC_EXECUTIVESHOLDINGS_SE,"",,"",,,,0,,"2024-06-06 17:33:42",,"2024-08-09 14:25:16",
66,JY,oracle,ODSJY,"66",公司行业划分表,LC_EXGINDUSTRY,收录上市公司在证监会行业划分、中信行业划分、GICS行业划分、申万行业划分、中信建投、中银(BOCI)行业分类、中证指数行业分类、聚源行业划分等各种划分标准下的所属行业情况。,表格LC_EXGINDUSTRY-公司行业划分表: 收录上市公司在证监会行业划分、中信行业划分、GICS行业划分、申万行业划分、中信建投、中银(BOCI)行业分类、中证指数行业分类、聚源行业划分等各种划分标准下的所属行业情况。,"CompanyCode,InfoPublDate,Standard,Industry",0,,,1,,"2024-06-06 17:33:43",,"2024-08-03 16:58:05",
67,JY,oracle,ODSJY,"67","",LC_FAIRVALUECHANGEINCOME,"",,"",,,,0,,"2024-06-06 17:33:43",,"2024-08-09 14:25:16",
68,JY,oracle,ODSJY,"68",金融类资产负债表_新会计准则,LC_FBALANCESHEETNEW,"",,"",,,,1,,"2024-06-06 17:33:43",,"2024-06-06 17:33:43",
69,JY,oracle,ODSJY,"69","",LC_FCASHFLOWSTATEMENT,"",,"",,,,0,,"2024-06-06 17:33:43",,"2024-08-09 14:25:16",
70,JY,oracle,ODSJY,"70","",LC_FCASHFLOWSTATEMENTNEW,"",,"",,,,0,,"2024-06-06 17:33:43",,"2024-08-09 14:25:16",
71,JY,oracle,ODSJY,"71","",LC_FINANCESPECIALINDEX,"",,"",,,,0,,"2024-06-06 17:33:43",,"2024-08-09 14:25:16",
72,JY,oracle,ODSJY,"72","",LC_FINANCIALDATA,"",,"",,,,0,,"2024-06-06 17:33:43",,"2024-08-09 14:25:16",
73,JY,oracle,ODSJY,"73","",LC_FINANCIALEXPENSE_EXPIRE,"",,"",,,,0,,"2024-06-06 17:33:43",,"2024-08-11 09:46:46",
74,JY,oracle,ODSJY,"74","",LC_FINANCIALLICENSE,"",,"",,,,0,,"2024-06-06 17:33:43",,"2024-08-09 14:25:16",
75,JY,oracle,ODSJY,"75","",LC_FINCOMESTATEMENT,"",,"",,,,0,,"2024-06-06 17:33:44",,"2024-08-09 14:25:16",
76,JY,oracle,ODSJY,"76",金融类利润表_新会计准则,LC_FINCOMESTATEMENTNEW,"",,"",,,,1,,"2024-06-06 17:33:44",,"2024-06-06 17:33:44",
77,JY,oracle,ODSJY,"77","",LC_FLAGENCY,"",,"",,,,0,,"2024-06-06 17:33:44",,"2024-08-09 14:25:16",
78,JY,oracle,ODSJY,"78","",LC_FQCASHFLOWSTATEMENT,"",,"",,,,0,,"2024-06-06 17:33:44",,"2024-08-09 14:25:16",
79,JY,oracle,ODSJY,"79","",LC_FQINCOMESTATEMENT,"",,"",,,,0,,"2024-06-06 17:33:44",,"2024-08-09 14:25:17",
80,JY,oracle,ODSJY,"80","",LC_FREEFLOAT,"",,"",,,,0,,"2024-06-06 17:33:44",,"2024-08-09 14:25:17",
81,JY,oracle,ODSJY,"81","",LC_FreeFloat_bak,"",,"",,,,0,,"2024-06-06 17:33:44",,"2024-08-09 14:25:17",
82,JY,oracle,ODSJY,"82",公司衍生报表数据_新会计准则(新),LC_FSDERIVEDDATA,"",,"",,,,1,,"2024-06-06 17:33:44",,"2024-06-06 17:33:44",
83,JY,oracle,ODSJY,"83","",LC_FSPECIALINDICATORS,"",,"",,,,0,,"2024-06-06 17:33:44",,"2024-08-09 14:25:17",
84,JY,oracle,ODSJY,"84","",LC_FSPERFORMEDLETTERS,"",,"",,,,0,,"2024-06-06 17:33:44",,"2024-08-09 14:25:17",
85,JY,oracle,ODSJY,"85","",LC_GREATEVENTS,"",,"",,,,0,,"2024-06-06 17:33:44",,"2024-08-09 14:25:17",
86,JY,oracle,ODSJY,"86","",LC_GREATEVENTS_SE,"",,"",,,,0,,"2024-06-06 17:33:44",,"2024-08-09 14:25:17",
87,JY,oracle,ODSJY,"87","",LC_HTMINVESTMENT,"",,"",,,,0,,"2024-06-06 17:33:45",,"2024-08-09 14:25:17",
88,JY,oracle,ODSJY,"88","",LC_INCOMESTATEMENT,"",,"",,,,0,,"2024-06-06 17:33:45",,"2024-08-09 14:25:17",
89,JY,oracle,ODSJY,"89",利润分配表_新会计准则,LC_INCOMESTATEMENTALL,"
1.反映企业依据2007年新会计准则在在年报、中报、季报中披露的利润表数据；并依据新旧会计准则的科目对应关系，收录了主要科目的历史对应数据。
2.收录同一公司在报告期末的四种财务报告，即未调整的合并报表、未调整的母公司报表、调整后的合并报表以及调整后的母公司报表。
3.若某个报告期的数据有多次调整，则该表展示历次调整数据。
4.该表中各财务科目的单位均为人民币元。
5.带“##”的特殊项目为单个公司披露的非标准化的科目，对应的“特殊字段说明”字段将对其作出说明；带“##”的调整项目是为了让报表的各个小项借贷平衡而设置的，便于客户对报表的遗漏和差错进行判断。",表格LC_INCOMESTATEMENTALL-利润分配表_新会计准则: 表格“LC_INCOMESTATEMENTALL”是一个利润分配表，依据2007年新会计准则，反映企业在年报、中报、季报中披露的利润表数据，并收录了主要科目的历史对应数据。该表包含同一公司在报告期末的四种财务报告（未调整的合并报表、未调整的母公司报表、调整后的合并报表以及调整后的母公司报表），并展示历次调整数据。所有财务科目的单位均为人民币元。\n\n表格字段包括：\n\n1. 基本信息字段：ID、信息发布日期、信息来源、信息来源编码、公告类别、公司代码、截止日期、是否合并、是否调整、完整标志、会计准则、报表格式类型。\n2. 营业收入模块：营业总收入、营业收入、主营业务收入、其他业务收入、利息净收入、利息收入、利息支出、已赚保费、保险业务收入、分保费收入、减:分出保费、减:提取未到期责任准备金、担保业务收入、手续费及佣金净收入、手续费及佣金收入、经纪业务手续费收入、投资银行业务手续费收入、资产管理业务手续费收入、基金管理业务手续费收入、投资咨询业务收入、风险管理业务收入、投资管理业务收入、其他代理业务收入、手续费及佣金支出、经纪业务手续费支出、投资银行业务手续费支出、资产管理业务手续费支出、基金管理业务手续费支出、投资咨询业务支出、风险管理业务支出、投资管理业务支出、其他代理业务支出、代理买卖证券业务净收入、证券承销业务净收入、受托客户资产管理业务净收入、基金管理业务手续费净收入、其他收入、特殊项目、调整项目。\n3. 营业支出模块：营业总成本、营业支出、保险手续费及佣金支出、退保金、提取保费准备金、提取期货风险准备金、提取担保业务准备金、提取担保赔偿准备金、赔付支出净额、赔付支出、减:摊回赔付支出、提取保险责任准备金净额、提取保险责任准备金、减:摊回保险责任准备金、保单红利支出、分保费用、其他成本、营业成本、主营业务成本、其他业务成本、营业税金及附加、销售费用、管理费用合计、管理费用、业务及管理费、减:摊回分保费用、研发费用、财务费用、利息费用(财务费用)、利息收入(财务费用)、勘探费用、信用减值损失(成本)、资产减值损失(成本)、特殊项目、调整项目。\n4. 特别收益/收入模块：非经营性净收益、其他收益、投资净收益、对联营合营企业的投资收益、以摊余成本计量的金融资产终止确认收益、汇兑收益、净敞口套期收益、公允价值变动净收益、信用减值损失(利润)、资产减值损失(利润)、资产处置收益、特殊项目、调整项目。\n5. 营业利润模块：营业利润、营业外收入、营业外支出、非流动资产处置净损失、特殊项目、调整项目。\n6. 利润总额模块：利润总额、未确认的投资损失、所得税费用、特殊项目、调整项目。\n7. 净利润模块：净利润、按经营持续性分类、持续经营净利润、终止经营净利润、按所有权归属分类、归属于母公司所有者的净利润、归属于母公司普通股股东的净利润、归属于母公司其他权益工具持有者的净利润、少数股东损益、特殊项目、调整项目。\n8. 其他综合收益模块：其他综合收益的税后净额、归属于母公司所有者的其他综合收益的税后净额、以后不能重分类进损益的其他综合收益、重新计量设定受益计划净负债或净资产的变动、权益法下在被投资单位不能重分类进损益的其他综合收益、其他权益工具投资公允价值变动、企业自身信用风险公允价值变动、以后将重分类进损益的其他综合收益、权益法下在被投资单位以后将重分类进损益的其他综合收益、其他债权投资公允价值变动、金融资产重分类计入其他综合收益的金额、其他债权投资信用减值准备、现金流量套期损益的有效部分、外币财务报表折算差额、可供出售金融资产公允价值变动损益、持有至到期投资重分类为可供出售金融资产损益、其他、归属于少数股东的其他综合收益的税后净额、特殊项目、调整项目、综合收益总额、归属于母公司所有者的综合收益总额、归属于母公司普通股股东的综合收益、归属于母公司其他权益工具持有者的综合收益、归属于少数股东的综合收益总额、调整项目。\n9. 每股收益模块：基本每股收益、稀释每股收益。\n10. 特殊字段模块：特殊字段说明、发布时间、更新时间、JSID、系统字段。\n\n该表格详细记录了企业在不同报告期内的财务表现，帮助用户分析企业的盈利能力和财务健康状况,"InfoPublDate,CompanyCode,EndDate,IfAdjusted,IfMerged",,,,1,,"2024-06-06 17:33:45",,"2024-08-03 16:28:26",
90,JY,oracle,ODSJY,"90",非金融类利润表_新会计准则,LC_INCOMESTATEMENTNEW,"",,"",,,,1,,"2024-06-06 17:33:45",,"2024-06-06 17:33:45",
91,JY,oracle,ODSJY,"91","",LC_INDEXBASICINFO,"",,"",,,,0,,"2024-06-06 17:33:45",,"2024-08-09 14:25:17",
92,JY,oracle,ODSJY,"92","",LC_INDEXCOMPONENT,"",,"",,,,0,,"2024-06-06 17:33:45",,"2024-08-09 14:25:17",
93,JY,oracle,ODSJY,"93","",LC_INDEXCOMPONENTSWEIGHT,"",,"",,,,0,,"2024-06-06 17:33:45",,"2024-08-09 14:25:17",
94,JY,oracle,ODSJY,"94","",LC_INDEXPREPCOMPONENT,"",,"",,,,0,,"2024-06-06 17:33:45",,"2024-08-09 14:25:17",
95,JY,oracle,ODSJY,"95","",LC_INDEXRELATIONSHIP,"",,"",,,,0,,"2024-06-06 17:33:45",,"2024-08-09 14:25:17",
96,JY,oracle,ODSJY,"96","",LC_INDFININDICATORS,"",,"",,,,0,,"2024-06-06 17:33:45",,"2024-08-09 14:25:17",
97,JY,oracle,ODSJY,"97","",LC_INDICESFORVALUATION,"",,"",,,,0,,"2024-06-06 17:33:45",,"2024-08-09 14:25:18",
98,JY,oracle,ODSJY,"98","",LC_INDUSTRYVALUATION,"",,"",,,,0,,"2024-06-06 17:33:46",,"2024-08-09 14:25:18",
99,JY,oracle,ODSJY,"99","",LC_INSTIARCHIVE,"",,"",,,,0,,"2024-06-06 17:33:46",,"2024-08-09 14:25:18",
100,JY,oracle,ODSJY,"100","",LC_INSTIEVALUATION,"",,"",,,,0,,"2024-06-06 17:33:46",,"2024-08-09 14:25:18",
101,JY,oracle,ODSJY,"101","",LC_INSTIQUAL,"",,"",,,,0,,"2024-06-06 17:33:46",,"2024-08-09 14:25:18",
102,JY,oracle,ODSJY,"102","",LC_INSTIQUALCORE,"",,"",,,,0,,"2024-06-06 17:33:46",,"2024-08-09 14:25:18",
103,JY,oracle,ODSJY,"103","",LC_INSTIQUALCORRE,"",,"",,,,0,,"2024-06-06 17:33:46",,"2024-08-09 14:25:18",
104,JY,oracle,ODSJY,"104","",LC_INTANGIBLEASSETNEW,"",,"",,,,0,,"2024-06-06 17:33:46",,"2024-08-09 14:25:18",
105,JY,oracle,ODSJY,"105","",LC_INTASSETSDETAIL,"",,"",,,,0,,"2024-06-06 17:33:46",,"2024-08-09 14:25:18",
106,JY,oracle,ODSJY,"106","",LC_INVENTORY,"",,"",,,,0,,"2024-06-06 17:33:46",,"2024-08-09 14:25:18",
107,JY,oracle,ODSJY,"107","",LC_INVESTQUOTA,"",,"",,,,0,,"2024-06-06 17:33:46",,"2024-08-09 14:25:18",
108,JY,oracle,ODSJY,"108","",LC_IPODECLARATION,"",,"",,,,0,,"2024-06-06 17:33:46",,"2024-08-09 14:25:18",
109,JY,oracle,ODSJY,"109","",LC_IPONEWS,"",,"",,,,0,,"2024-06-06 17:33:46",,"2024-08-09 14:25:18",
110,JY,oracle,ODSJY,"110","",LC_ISSUEANDLISTAGENT,"",,"",,,,0,,"2024-06-06 17:33:47",,"2024-08-09 14:25:18",
111,JY,oracle,ODSJY,"111","",LC_LARGESHSUBSCRIPTION,"",,"",,,,0,,"2024-06-06 17:33:47",,"2024-08-09 14:25:19",
112,JY,oracle,ODSJY,"112","",LC_LARGESHSUBSCRIPTION_SE,"",,"",,,,0,,"2024-06-06 17:33:47",,"2024-08-09 14:25:19",
113,JY,oracle,ODSJY,"113","",LC_LEADERINTRODUCE,"",,"",,,,0,,"2024-06-06 17:33:47",,"2024-08-09 14:25:19",
114,JY,oracle,ODSJY,"114","",LC_LEADERINTRODUCE_SE,"",,"",,,,0,,"2024-06-06 17:33:47",,"2024-08-09 14:25:19",
115,JY,oracle,ODSJY,"115","",LC_LEADERPOSITION_EXPIRE,"",,"",,,,0,,"2024-06-06 17:33:47",,"2024-08-11 09:47:25",
116,JY,oracle,ODSJY,"116","",LC_LEGALDISTRIBUTION,"",,"",,,,0,,"2024-06-06 17:33:47",,"2024-08-09 14:25:19",
117,JY,oracle,ODSJY,"117","",LC_LEGALDISTRIBUTION_SE,"",,"",,,,0,,"2024-06-06 17:33:47",,"2024-08-09 14:25:19",
118,JY,oracle,ODSJY,"118","",LC_LISTSTATUS,"",,"",,,,0,,"2024-06-06 17:33:47",,"2024-08-09 14:25:19",
119,JY,oracle,ODSJY,"119",公司报告期主要会计数据_新会计准则,LC_MAINDATANEW,"1.展示上市公司、发债主体，定期报告维度下的主要指标。
2.该表收录报告期（一季度、半年度、三季度、年度）合并未调整、合并调整的数据。
3.该表中各财务科目的单位均为人民币元。
4.数据范围：1989-12-31至今
5.信息来源：招股说明书、定报、审计报告等",表格LC_MAINDATANEW-公司报告期主要会计数据_新会计准则: 表格“LC_MAINDATANEW”用于展示上市公司和发债主体在定期报告维度下的主要会计数据，涵盖从1989年12月31日至今的数据，信息来源包括招股说明书、定报、审计报告等。表格中的各财务科目单位均为人民币元。字段包括公司代码、信息发布日期、信息来源编码、信息来源、公告类别、截止日期、会计准则、合并调整标志等基本信息。财务指标方面，涵盖了基本每股收益、稀释每股收益、净资产收益率、营业收入、投资净收益、财务费用、公允价值变动净收益、营业利润、营业外收入、营业外支出、利润总额、所得税、未确认的投资损失、净利润（不含少数损益）、少数股东损益、净利润、非经常性损益、扣非归母净利润、国际会计准则净利润等利润表指标。现金流量表指标包括经营活动产生的现金流量净额、每股经营活动现金流量净额、投资活动产生的现金流量净额、筹资活动产生的现金流量净额、现金及现金等价物净增加额、汇率变动对现金及现金等价物的影响、期末现金及现金等价物余额。资产负债表指标涵盖货币资金、交易性金融资产、应收票据及应收账款、应收票据、应收账款、其他应收款（含利息和股利）、应收利息、应收股利、存货、流动资产合计、可供出售金融资产、持有至到期投资、投资性房地产、长期股权投资、无形资产、非流动资产合计、资产总计、短期借款、交易性金融负债、应付职工薪酬、应交税费、其他应付款（含利息和股利）、应付股利、应付利息、一年内到期的非流动负债、流动负债合计、非流动负债合计、负债合计、实收资本（或股本）、资本公积、盈余公积、未分配利润、股东权益（不含少数权益）、归属于普通股股东权益、少数股东权益、所有者权益合计、负债和所有者权益总计、国际会计准则净资产/股东权益、每股净资产、调整后每股净资产、总股本等。其它指标包括分配融资方案说明、更新日期、发布时间、JSID等。,"CompanyCode,EndDate,Mark,InfoPublDate",,,,1,,"2024-06-06 17:33:47",,"2024-08-26 14:12:59",
120,JY,oracle,ODSJY,"120",公司主要财务分析指标_新会计准则,LC_MAININDEXNEW,"1.根据报告期公布的财务科目数据衍生而来的每股指标，以及反映公司盈利、偿债、成长、营运、分红、现金流、资本结构等能力的指标。
2.若某个报告期的数据有多次调整，则该表优先展示最新未调整数据；如对应截止日期无未调整数据，则展示调整数据。
3.“十、杜邦分析”另有两个指标－“净资产收益率ROE_平均,计算”和“总资产周转率”，分别在“二、盈利能力”和“五、营运能力”下。
4.本表中的同比数据计算公式为：（本期数据－去年同期数据）/︱去年同期数据︱*100%。
5.针对CDR证券，权益分派单位均为“股”，表内每股类等指标按照股数展示。",表格LC_MAININDEXNEW-公司主要财务分析指标_新会计准则: 表格“LC_MAININDEXNEW”是用于公司主要财务分析指标的记录，基于新会计准则。该表格包含了多个财务指标，涵盖了公司盈利、偿债、成长、营运、分红、现金流、资本结构等方面的能力分析。具体字段包括：\n\n1. **公司代码**、**信息发布日期**、**截止日期**等基本信息。\n2. **每股指标**：如基本每股收益、稀释每股收益、每股净资产、每股营业收入、每股经营活动产生的现金流量净额等。\n3. **盈利能力**：如净资产收益率、总资产报酬率、销售净利率、销售毛利率、营业利润率、息税前利润、息税折旧摊销前利润等。\n4. **偿债能力**：如流动比率、速动比率、超速动比率、产权比率、利息保障倍数、净资产负债率等。\n5. **成长能力**：如基本每股收益同比增长、营业收入同比增长、净利润同比增长、总资产同比增长等。\n6. **营运能力**：如存货周转率、应收账款周转率、应付账款周转率、流动资产周转率、固定资产周转率、总资产周转率等。\n7. **现金状况**：如经营活动产生的现金流量净额、销售商品提供劳务收到的现金、自由现金流量、净利润现金含量、总资产现金回收率等。\n8. **分红能力**：如每股股利、股利支付率、留存盈余比率等。\n9. **资本结构**：如资产负债率、流动资产/总资产、非流动资产/总资产、固定资产比率、无形资产比率、长期借款/总资产等。\n10. **收益质量**：如经营活动净收益/利润总额、对联营合营公司投资收益/利润总额、价值变动净收益/利润总额、扣除非经常损益后的净利润/净利润等。\n11. **杜邦分析**：如权益乘数_杜邦分析。\n\n此外，表格还包含系统字段用于数据有效性标识。该表格通过这些指标全面反映了公司的财务健康状况和经营能力。,"CompanyCode,EndDate",0,,,1,,"2024-06-06 17:33:47",,"2024-08-06 17:47:07",
121,JY,oracle,ODSJY,"121",公司主营业务构成,LC_MAINOPERINCOME,收录公司主营业务的收入来源、成本构成；主营业务收入、成本和利润与上年同期的对比较。,表格“LC_MAINOPERINCOME”用于记录和分析公司主营业务的构成情况。它包含了公司代码、信息发布日期、截止日期、日期类型、信息来源及其编码等基本信息。表格详细列出了公司主营业务的收入来源、成本构成，以及主营业务收入、成本和利润与上年同期的对比数据。具体字段包括：\n\n- 公司代码、信息发布日期、截止日期、日期类型、信息来源及其编码，用于标识和描述数据的基本属性。\n- 合并标志和调整标志，用于指示数据是否经过合并或调整。\n- 分类方式和货币单位，用于说明数据的分类标准和货币单位。\n- 序号、经营项目名称、所属层级和上级科目名称，用于详细描述各经营项目的层级和分类。\n- 主营业务收入、主营业务成本、主营业务利润和毛利率，记录了公司在当前期间的主营业务财务数据。\n- 上年同期主营业务收入、上年同期主营业务成本、上年同期主营业务利润和上年同期毛利率，提供了与上年同期的对比数据。\n- 系统字段，用于标识数据的有效性。\n\n通过这些字段，表格能够全面展示公司主营业务的收入、成本和利润情况，并提供与上年同期的对比分析，帮助用户了解公司业务的变化和发展趋势。,"CompanyCode,EndDate,DateType,IfMerged,IfAdjusted,Classification,Project,InfoPublDate",0,,,1,,"2024-06-06 17:33:48",,"2024-08-03 16:49:29",
122,JY,oracle,ODSJY,"122",公司季度主要会计数据及财务指标_新会计准则,LC_MAINQUARTERDATA,"",,"",,,,1,,"2024-06-06 17:33:48",,"2024-06-06 17:33:48",
123,JY,oracle,ODSJY,"123",股东名单,LC_MAINSHLISTNEW,收录公司主要股东构成及持股数量比例、持股性质等明细资料，包括发行前和上市后的历次变动记录。,表格LC_MAINSHLISTNEW-股东名单: 表格“LC_MAINSHLISTNEW”是一个记录公司主要股东构成及其持股情况的详细资料的表格。它包括了股东的基本信息、持股数量及比例、持股性质和变动情况等。具体字段包括：\n\n- **ID**: 记录的唯一标识。\n- **公司代码**: 与上市公司的交易代码、简称等关联。\n- **截止日期**和**信息发布日期**: 记录数据的时间点。\n- **信息来源**和**信息类别编码**: 描述信息的来源和类别。\n- **股东排名**和**股东序号**: 表示股东的排名和序号。\n- **股东ID**和**股东名称**: 标识股东的唯一ID和名称。\n- **股东属性**、**股东性质编码**和**股东性质**: 描述股东的属性和性质。\n- **股东类别编码**和**股东类别**: 描述股东的类别。\n- **持股数(股)**、**有限售股数(股)**、**无限售股数(股)**、**转融通借出股份的限售股数(股)**: 记录股东持有的股份数量及其性质。\n- **股本性质描述**: 描述股本的性质。\n- **持股变动类型**、**持股数量增减(股)**和**持股数量增减幅度(%)**: 记录持股数量的变动情况。\n- **占总股本比例(%)**、**占流通A股比例(%)**和**占无限售股份比例(%)**: 记录持股数量占不同股本的比例。\n- **持有A股数量(股)**、**持有B股数量(股)**、**持有H股数量(股)**、**持有其他股数量(股)**: 记录股东持有的不同类型股票的数量。\n- **持有A类普通股数量(股)**、**持有B类普通股数量(股)**、**持有C类普通股数量(股)**、**持有D类普通股数量(股)**、**持有其他类普通股数量(股)**: 记录股东持有的普通股数量。\n- **有投票权的优先股数量(股)**、**表决权总数(股)**、**表决权比例(%)**、**特别表决权数量(股)**: 记录股东的表决权情况。\n- **股权质押涉及股数(股)**、**股权冻结涉及股数(股)**、**股权质押冻结情况说明**: 记录股东的质押和冻结情况。\n- **股东关联关系**、**与其他股东关联关系说明**、**与其他股东同属一致行动人说明**: 描述股东之间的关联关系。\n- **备注**: 记录其他相关信息。\n- **更新时间**和**发布时间**: 记录数据的更新时间和发布时间。\n- **JSID**和**系统字段**: 系统相关字段，标识数据的有效性。\n\n这个表格详细记录了公司主要股东的持股情况及其变动，为分析股东结构和股东行为提供了重要的数据支持。,"CompanyCode,EndDate,InfoTypeCode,SHSerial",0,,,1,,"2024-06-06 17:33:48",,"2024-08-03 17:50:31",
124,JY,oracle,ODSJY,"124","",LC_MAJOREVENTSTAT,"",,"",,,,0,,"2024-06-06 17:33:48",,"2024-08-09 14:25:19",
125,JY,oracle,ODSJY,"125","",LC_MAJORPUNISHALL,"",,"",,,,0,,"2024-06-06 17:33:48",,"2024-08-09 14:25:19",
126,JY,oracle,ODSJY,"126","",LC_MAJORPUNISHALL_SE,"",,"",,,,0,,"2024-06-06 17:33:48",,"2024-08-09 14:25:19",
127,JY,oracle,ODSJY,"127","",LC_MERGER,"",,"",,,,0,,"2024-06-06 17:33:48",,"2024-08-09 14:25:19",
128,JY,oracle,ODSJY,"128","",LC_MODELINDEX,"",,"",,,,0,,"2024-06-06 17:33:48",,"2024-08-09 14:25:19",
129,JY,oracle,ODSJY,"129","",LC_MONEYFUNDS,"",,"",,,,0,,"2024-06-06 17:33:48",,"2024-08-09 14:25:19",
130,JY,oracle,ODSJY,"130","",LC_MSHAREHOLDER,"",,"",,,,0,,"2024-06-06 17:33:48",,"2024-08-09 14:25:19",
131,JY,oracle,ODSJY,"131","",LC_MSHAREHOLDER_SE,"",,"",,,,0,,"2024-06-06 17:33:49",,"2024-08-09 14:25:20",
132,JY,oracle,ODSJY,"132","",LC_NAMECHANGE,"",,"",,,,0,,"2024-06-06 17:33:49",,"2024-08-09 14:25:20",
133,JY,oracle,ODSJY,"133","",LC_NEWESTFINAINDEX,"",,"",,,,0,,"2024-06-06 17:33:49",,"2024-08-09 14:25:20",
134,JY,oracle,ODSJY,"134","",LC_NEWESTSHARESTRU,"",,"",,,,0,,"2024-06-06 17:33:49",,"2024-08-09 14:25:20",
135,JY,oracle,ODSJY,"135","",LC_OPERATINGSTATUS,"",,"",,,,0,,"2024-06-06 17:33:49",,"2024-08-09 14:25:20",
136,JY,oracle,ODSJY,"136","",LC_OTHERPAYABLES,"",,"",,,,0,,"2024-06-06 17:33:49",,"2024-08-09 14:25:20",
137,JY,oracle,ODSJY,"137","",LC_OTHERRECEIVABLES,"",,"",,,,0,,"2024-06-06 17:33:49",,"2024-08-09 14:25:20",
138,JY,oracle,ODSJY,"138","",LC_PAYBEBTDETAIL,"",,"",,,,0,,"2024-06-06 17:33:49",,"2024-08-09 14:25:20",
139,JY,oracle,ODSJY,"139","",LC_PAYBEBTDETAIL_SE,"",,"",,,,0,,"2024-06-06 17:33:49",,"2024-08-09 14:25:20",
140,JY,oracle,ODSJY,"140","",LC_PAYBEBTSUMMARY,"",,"",,,,0,,"2024-06-06 17:33:49",,"2024-08-09 14:25:20",
143,JY,oracle,ODSJY,"143","",LC_PERFORMANCELETTERS,"",,"",,,,0,,"2024-06-06 17:33:50",,"2024-08-09 14:25:20",
144,JY,oracle,ODSJY,"144","",LC_PLATEBELONGED,"",,"",,,,0,,"2024-06-06 17:33:50",,"2024-08-09 14:25:20",
145,JY,oracle,ODSJY,"145","",LC_PREPAYMENT,"",,"",,,,0,,"2024-06-06 17:33:50",,"2024-08-09 14:25:21",
146,JY,oracle,ODSJY,"146","",LC_PROMISEIMPLEMENT,"",,"",,,,0,,"2024-06-06 17:33:50",,"2024-08-09 14:25:21",
147,JY,oracle,ODSJY,"147","",LC_PURCHASEANDSALE,"",,"",,,,0,,"2024-06-06 17:33:50",,"2024-08-09 14:25:21",
148,JY,oracle,ODSJY,"148","",LC_QCASHFLOWSTATEMENT,"",,"",,,,0,,"2024-06-06 17:33:50",,"2024-08-09 14:25:21",
149,JY,oracle,ODSJY,"149",单季现金流量表_新会计准则,LC_QCASHFLOWSTATEMENTNEW,"",,"",,,,1,,"2024-06-06 17:33:50",,"2024-06-06 17:33:50",
150,JY,oracle,ODSJY,"150",公司单季财务指标_新会计准则,LC_QFinancialIndexNew,"说明:   
1.本表收录自公布季报以来上市企业(含科创板)、发债企业的单季主要财务指标信息，计算基础数据为“单季利润表_新会计准则”和“单季现金流量表_新会计准则”，单位为人民币元。
2.由于会计期间可能发生同一控制下企业合并、企业自身错报漏报、企业列报项目变化等问题，将会导致二、四季度的单季数据的可靠性下降
3.数据范围：2000-09-30至今
4.信息来源：定报、审计报告等
error_outline 针对CDR证券，表内每股类等相关指标按照股为单位展示。
表数据更新频率： 季更新",表格“LC_QFINANCIALINDEXNEW”记录了上市企业和发债企业在单季的主要财务指标信息，数据来源于“单季利润表”和“单季现金流量表”，单位为人民币元。数据范围从2000年9月30日至今，信息来源包括定报和审计报告等，数据每季度更新一次。表格中的字段涵盖了以下内容：\n\n1. 基本信息：包括ID、信息发布日期、公告类型、公司代码、截止日期、合并调整标志和会计准则。\n2. 盈利能力：包括归属母公司股东的净利润、扣除非经常性损益后的归母净利润、价值变动净收益、经营活动净收益、息税前利润、销售净利率、销售毛利率、营业成本率、期间费用率、销售费用率、管理费用率、财务费用率、营业利润率、成本费用利润率、销售税金率、非经常性损益比率、销售成本率、净资产收益率、总资产报酬率、投入资本回报率、资产减值损失/营业总收入、营业总成本/营业总收入、净利润/营业总收入、利润总额/营业收入、归属母公司股东的净利润/营业收入、营业利润/营业收入、息税前利润/营业总收入。\n3. 营运能力：包括营业周期、营运资本周转率、存货周转率、存货周转天数、应收账款周转率、应收账款周转天数、应付账款周转率、应付账款周转天数、流动资产周转率、总资产周转率、固定资产周转率、非流动资产周转率、净营业周期、营运资金周转天数。\n4. 资产获利能力：包括总资产收益率、净资产收益率。\n5. 现金流量分析：包括销售现金比率、归属母公司股东的净利润现金含量、营业收入现金含量、总资产现金回收率、净利润现金含量(含少数股东)、经营活动产生的现金流量净额/营业利润、经营活动产生的现金流量净额/经营活动净收益、支付给职工的现金比率。\n6. 同比增长：包括营业收入同比增长、归属母公司股东的净利润同比增长、净利润同比增长、营业利润同比增长、利润总额同比增长、营业总收入同比增长率、营业总成本同比增长、归属母公司股东的净利润(扣除)同比增长、经营活动产生的现金流量净额同比增长、现金净流量同比增长、净资产收益率(摊薄)同比增长、净资产同比增长、总资产同比增长、总负债同比增长、货币资金增长率、固定资产投资扩张率、应收账款周转率增长率、固定资产周转率增长率、存货周转率增长率、每股经营活动产生的现金流量增长率。\n7. 环比增长：包括营业收入环比增长、归属母公司股东的净利润环比增长、营业总收入环比增长率、营业利润环比增长率、净利润环比增长率。\n8. 偿债能力：包括现金到期债务比、现金流动负债比、现金债务总额比。\n9. 每股指标：包括每股收益(摊薄)、每股收益(扣除)、每股经营活动产生的现金流量净额、每股营业利润、每股息税前利润、每股营业收入、每股营业总收入、每股现金流量净额、价值变动净收益/利润总额、经营活动净收益/利润总额、营业外收支净额/利润总额、营业利润/利润总额、扣除非经常损益后的归母净利润/净利润。\n\n该表格通过详细记录和分析这些财务指标，帮助用户全面了解企业的财务状况和经营成果。,"CompanyCode,EndDate,Mark
",,,,1,,"2024-06-06 17:33:50",,"2024-09-24 23:10:11",
151,JY,oracle,ODSJY,"151","",LC_QINCOMESTATEMENT,"",,"",,,,0,,"2024-06-06 17:33:50",,"2024-08-09 14:25:21",
152,JY,oracle,ODSJY,"152",单季利润表_新会计准则,LC_QINCOMESTATEMENTNEW,"说明:   
1.本表收录自公布季报以来公司的单季利润表情况，数据单位均为人民币元。
2.科目的计算方法：第一季度数据=直接取公布值；第二季度数据＝半年度数据－第一季度数据；第三季度数据=优先取原文披露的第三季度单季度数据，当原文未披露单季度，则（第三季度累计数据-第二季度累计数据）；第四季度数据＝年度数据－前三季度数据。各期的原始数据均取合并后的最新数据（有调整的为最新调整后数据）。
3.由于会计期间可能发生同一控制下企业合并、企业自身错报漏报、企业列报项目变化等问题，将会导致二、四季度的单季数据的可靠性下降。
4.带“##”的特殊项目为单个公司披露的非标准化的科目，对应的“特殊字段说明” 字段将对其作出说明；带“##”的调整项目是为了让报表的各个小项借贷平衡而设置的，便于客户对报表的遗漏和差错进行判断。
5.因简表数据原文披露不完整，且披露的数据量有限，通过简表计算的数据，不能真实反应企业单季度现金情况，所以本表展示完整标志（IfComplete）=1-完整的单季度数据。
6.因集团类企业涉及金融类业务，在财报中会披露金融类科目数据，本表在计算时，不区分金融/非金融字段，如定期报告中披露原始数据，则都计算单季度数据。
7.数据范围：2000-03-31至今
8.信息来源：定报、审计报告等
表数据更新频率： 季更新",表格LC_QINCOMESTATEMENTNEW-单季利润表_新会计准则: 表格“LC_QINCOMESTATEMENTNEW”是一个记录公司单季利润表情况的数据库表，采用新会计准则。该表格收录自公司公布季报以来的单季利润表数据，数据单位为人民币元。表格中的数据通过不同季度的财务报告计算得出，并且包含了合并调整后的最新数据。\n\n表格的字段包括：\n\n1. **基本信息字段**：包括ID、信息发布日期、信息来源、公告类别、公司代码、截止日期、合并调整标志、会计准则、公司类别、是否计算等。\n2. **收入模块**：包括营业总收入、营业收入、利息净收入、利息收入、利息支出、手续费及佣金净收入、手续费及佣金收入、手续费及佣金支出、代理买卖证券业务净收入、证券承销业务净收入、受托客户资产管理业务净收入、已赚保费、保险业务收入、分保费收入、分出保费、提取未到期责任准备金、担保业务收入、其他收入、特殊项目和调整项目等。\n3. **支出模块**：包括营业总成本、营业成本、销售费用、管理费用合计、管理费用、业务及管理费、摊回分保费用、财务费用、利息费用、利息收入、研发费用、营业支出、退保金、提取保费准备金、赔付支出净额、赔付支出、摊回赔付支出、提取保险责任准备金净额、提取保险责任准备金、摊回保险责任准备金、保单红利支出、分保费用、保险手续费及佣金支出、营业税金及附加、勘探费用、信用减值损失、资产减值损失、其他成本、特殊项目和调整项目等。\n4. **特别收益/收入模块**：包括其他收益、投资净收益、对联营合营企业的投资收益、以摊余成本计量的金融资产终止确认收益、净敞口套期收益、公允价值变动净收益、汇兑收益、资产处置收益、信用减值损失、资产减值损失、特殊项目和调整项目等。\n5. **营业利润模块**：包括营业利润、营业外收入、营业外支出、非流动资产处置净损失、特殊项目和调整项目等。\n6. **利润总额模块**：包括利润总额、所得税费用、未确认的投资损失、特殊项目和调整项目等。\n7. **净利润模块**：包括净利润、持续经营净利润、终止经营净利润、归属于母公司所有者的净利润、归属于母公司普通股股东的净利润、归属于母公司其他权益工具持有者的净利润、少数股东损益、特殊项目和调整项目等。\n8. **其他综合收益模块**：包括其他综合收益的税后净额、归属于母公司所有者的其他综合收益的税后净额、以后不能重分类进损益的其他综合收益、重新计量设定受益计划净负债或净资产的变动、权益法下在被投资单位不能重分类进损益的其他综合收益、其他权益工具投资公允价值变动、企业自身信用风险公允价值变动、以后将重分类进损益的其他综合收益、权益法下在被投资单位以后将重分类进损益的其他综合收益、其他债权投资公允价值变动、金融资产重分类计入其他综合收益的金额、其他债权投资信用减值准备、现金流量套期损益的有效部分、外币财务报表折算差额、可供出售金融资产公允价值变动损益、持有至到期投资重分类为可供出售金融资产损益、其他（以后能重分类进损益表的其他综合收益）、归属于少数股东的其他综合收益的税后净额、调整项目等。\n9. **综合收益模块**：包括综合收益总额、归属于母公司所有者的综合收益总额、归属于少数股东的综合收益总额、调整项目等。\n10. **每股收益模块**：包括基本每股收益和稀释每股收益。\n\n该表格的数据来源于定期报告和审计报告，数据范围从2000年3月31日至今，并且每季度更新一次。,"CompanyCode,EndDate,Mark,InfoPublDate",,,,1,,"2024-06-06 17:33:50",,"2024-08-03 16:04:48",
153,JY,oracle,ODSJY,"153","",LC_RCALENDAR,"",,"",,,,0,,"2024-06-06 17:33:50",,"2024-08-09 14:25:21",
154,JY,oracle,ODSJY,"154","",LC_RCONSIDERATION,"",,"",,,,0,,"2024-06-06 17:33:51",,"2024-08-09 14:25:21",
155,JY,oracle,ODSJY,"155","",LC_RCONSIDERATION_SE,"",,"",,,,0,,"2024-06-06 17:33:51",,"2024-08-09 14:25:21",
156,JY,oracle,ODSJY,"156","",LC_REGROUP,"",,"",,,,0,,"2024-06-06 17:33:51",,"2024-08-09 14:25:21",
157,JY,oracle,ODSJY,"157","",LC_RELATEDSH,"",,"",,,,0,,"2024-06-06 17:33:51",,"2024-08-09 14:25:21",
158,JY,oracle,ODSJY,"158","",LC_RELATEDTRADE,"",,"",,,,0,,"2024-06-06 17:33:51",,"2024-08-09 14:25:21",
159,JY,oracle,ODSJY,"159","",LC_RELATIONSHIP,"",,"",,,,0,,"2024-06-06 17:33:51",,"2024-08-09 14:25:21",
160,JY,oracle,ODSJY,"160","",LC_REPORTSTOCKSRECOM,"",,"",,,,0,,"2024-06-06 17:33:51",,"2024-08-09 14:25:21",
161,JY,oracle,ODSJY,"161",财务报告预约披露日,LC_RESERVEREPORTDATE_EXPIRE,收录上市公司（剔除科创板）定期报告预约披露日信息，包括公告类别、预约披露起始与截止日和实际披露日期等内容。,,"InnerCode,InfoPublDate,NoticeStartDate,NoticeType,DateType",,,,1,,"2024-06-06 17:33:51",,"2024-08-11 09:49:52",
162,JY,oracle,ODSJY,"162","",LC_RESTRICTEDTOFLOATS,"",,"",,,,0,,"2024-06-06 17:33:51",,"2024-08-09 14:25:21",
163,JY,oracle,ODSJY,"163","",LC_REWARDSTAT,"",,"",,,,0,,"2024-06-06 17:33:51",,"2024-08-09 14:25:22",
164,JY,oracle,ODSJY,"164","",LC_SECUCHANGE,"",,"",,,,0,,"2024-06-06 17:33:51",,"2024-08-09 14:25:22",
165,JY,oracle,ODSJY,"165","",LC_SECUHOLDER,"",,"",,,,0,,"2024-06-06 17:33:51",,"2024-08-09 14:25:22",
166,JY,oracle,ODSJY,"166","",LC_SECUHOLDER_SE,"",,"",,,,0,,"2024-06-06 17:33:52",,"2024-08-09 14:25:22",
167,JY,oracle,ODSJY,"167","",LC_SHAREFP,"",,"",,,,0,,"2024-06-06 17:33:52",,"2024-08-09 14:25:22",
168,JY,oracle,ODSJY,"168","",LC_SHAREMERGERREFORM,"",,"",,,,0,,"2024-06-06 17:33:52",,"2024-08-09 14:25:22",
169,JY,oracle,ODSJY,"169","",LC_SHAREMERGERREFORM_SE,"",,"",,,,0,,"2024-06-06 17:33:52",,"2024-08-09 14:25:22",
170,JY,oracle,ODSJY,"170","",LC_SHARESFLOATINGSCHEDULE,"",,"",,,,0,,"2024-06-06 17:33:52",,"2024-08-09 14:25:22",
171,JY,oracle,ODSJY,"171","",LC_SHARESTRU,"",,"",,,,0,,"2024-06-06 17:33:52",,"2024-08-09 14:25:22",
172,JY,oracle,ODSJY,"172","",LC_SHARESTRU_SE,"",,"",,,,0,,"2024-06-06 17:33:52",,"2024-08-09 14:25:22",
173,JY,oracle,ODSJY,"173","",LC_SHARETRANSFER,"",,"",,,,0,,"2024-06-06 17:33:52",,"2024-08-09 14:25:22",
174,JY,oracle,ODSJY,"174","",LC_SHARETRANSFER_SE,"",,"",,,,0,,"2024-06-06 17:33:52",,"2024-08-09 14:25:22",
175,JY,oracle,ODSJY,"175","",LC_SHARETRUSTEE,"",,"",,,,0,,"2024-06-06 17:33:52",,"2024-08-09 14:25:22",
176,JY,oracle,ODSJY,"176","",LC_SHNUMBER,"",,"",,,,0,,"2024-06-06 17:33:52",,"2024-08-09 14:25:22",
177,JY,oracle,ODSJY,"177","",LC_SHPROMISE,"",,"",,,,0,,"2024-06-06 17:33:53",,"2024-08-09 14:25:23",
178,JY,oracle,ODSJY,"178","",LC_SHPROMISE_SE,"",,"",,,,0,,"2024-06-06 17:33:53",,"2024-08-09 14:25:23",
179,JY,oracle,ODSJY,"179","",LC_SHSCACTIVESHARES,"",,"",,,,0,,"2024-06-06 17:33:53",,"2024-08-09 14:25:23",
180,JY,oracle,ODSJY,"180","",LC_SHSCCOMPONENT,"",,"",,,,0,,"2024-06-06 17:33:53",,"2024-08-09 14:25:23",
181,JY,oracle,ODSJY,"181","",LC_SHSCELISTOCKS,"",,"",,,,0,,"2024-06-06 17:33:53",,"2024-08-09 14:25:23",
182,JY,oracle,ODSJY,"182","",LC_SHSCFOREX,"",,"",,,,0,,"2024-06-06 17:33:53",,"2024-08-09 14:25:23",
183,JY,oracle,ODSJY,"183","",LC_SHSCQUOTAINFO,"",,"",,,,0,,"2024-06-06 17:33:53",,"2024-08-09 14:25:23",
184,JY,oracle,ODSJY,"184","",LC_SHSCTRADESTAT,"",,"",,,,0,,"2024-06-06 17:33:53",,"2024-08-09 14:25:23",
185,JY,oracle,ODSJY,"185","",LC_SMTVOTING,"",,"",,,,0,,"2024-06-06 17:33:53",,"2024-08-09 14:25:23",
186,JY,oracle,ODSJY,"186","",LC_SMVOTING,"",,"",,,,0,,"2024-06-06 17:33:53",,"2024-08-09 14:25:23",
187,JY,oracle,ODSJY,"187","",LC_SPECIALNOTICE,"",,"",,,,0,,"2024-06-06 17:33:53",,"2024-08-09 14:25:23",
188,JY,oracle,ODSJY,"188","",LC_SPECIALTRADE,"",,"",,,,0,,"2024-06-06 17:33:53",,"2024-08-09 14:25:23",
189,JY,oracle,ODSJY,"189","",LC_SSIINDUSPE,"",,"",,,,0,,"2024-06-06 17:33:54",,"2024-08-09 14:25:23",
190,JY,oracle,ODSJY,"190","",LC_STAFF_EXPIRE,"",,"",,,,0,,"2024-06-06 17:33:54",,"2024-08-11 09:48:01",
191,JY,oracle,ODSJY,"191","",LC_STIBADJUSTINGFACTOR,"",,"",,,,0,,"2024-06-06 17:33:54",,"2024-08-09 14:25:24",
192,JY,oracle,ODSJY,"192","",LC_STIBBALANCESHEET,"",,"",,,,0,,"2024-06-06 17:33:54",,"2024-08-09 14:25:24",
193,JY,oracle,ODSJY,"193","",LC_STIBCAPFLOWTYPE,"",,"",,,,0,,"2024-06-06 17:33:54",,"2024-08-09 14:25:24",
194,JY,oracle,ODSJY,"194","",LC_STIBCASHFLOWSTATE,"",,"",,,,0,,"2024-06-06 17:33:54",,"2024-08-09 14:25:24",
195,JY,oracle,ODSJY,"195","",LC_STIBDAILYQUOTE,"",,"",,,,0,,"2024-06-06 17:33:54",,"2024-08-09 14:25:24",
196,JY,oracle,ODSJY,"196","",LC_STIBDINDIFORVALUE,"",,"",,,,0,,"2024-06-06 17:33:54",,"2024-08-09 14:25:24",
197,JY,oracle,ODSJY,"197","",LC_STIBDIVIDEND,"",,"",,,,0,,"2024-06-06 17:33:54",,"2024-08-09 14:25:24",
198,JY,oracle,ODSJY,"198","",LC_STIBDIVIDEND_SE,"",,"",,,,0,,"2024-06-06 17:33:54",,"2024-08-09 14:25:24",
199,JY,oracle,ODSJY,"199","",LC_STIBEQUITYCHASTATE,"",,"",,,,0,,"2024-06-06 17:33:54",,"2024-08-09 14:25:24",
200,JY,oracle,ODSJY,"200","",LC_STIBEXGINDUSTRY,"",,"",,,,0,,"2024-06-06 17:33:54",,"2024-08-09 14:25:24",
201,JY,oracle,ODSJY,"201","",LC_STIBFINANCINGAGENT,"",,"",,,,0,,"2024-06-06 17:33:55",,"2024-08-09 14:25:24",
202,JY,oracle,ODSJY,"202","",LC_STIBINCOMESTATE,"",,"",,,,0,,"2024-06-06 17:33:55",,"2024-08-09 14:25:24",
203,JY,oracle,ODSJY,"203","",LC_STIBIPOBID,"",,"",,,,0,,"2024-06-06 17:33:55",,"2024-08-09 14:25:24",
204,JY,oracle,ODSJY,"204","",LC_STIBIPOISSUE,"",,"",,,,0,,"2024-06-06 17:33:55",,"2024-08-09 14:25:24",
205,JY,oracle,ODSJY,"205","",LC_STIBIPOISSUE_SE,"",,"",,,,0,,"2024-06-06 17:33:55",,"2024-08-09 14:25:25",
206,JY,oracle,ODSJY,"206","",LC_STIBMAINDATA,"",,"",,,,0,,"2024-06-06 17:33:55",,"2024-08-09 14:25:25",
207,JY,oracle,ODSJY,"207",科创板主要财务分析指标,LC_STIBMAININDEX,"1.内容说明：
1.1 由上市公司的主要会计科目（合并报表）衍生出来的数据，若三大财务报表中任意报表在某报告期的数据经历调整/修订，则该表相关字段展示每个历史调整数据；未经历调整/修订的报表相关字段则沿用未调整数据。
1.2 根据报告期公布的财务科目数据衍生而来的每股指标，以及反映公司盈利、偿债、成长、营运、分红、现金流、资本结构等能力的指标。
1.3 “十、杜邦分析”另有两个指标“净资产收益率ROE_平均,计算”和“总资产周转率”，分别在“二、盈利能力”和“五、营运能力”下。
1.4 本表中的同比数据计算公式为：（本期数据－去年同期数据）/︱去年同期数据︱*100%。
1.5 本表比率类指标（字段后有%）展示数据有进行百分化处理（计算过程中*100）。
1.6 针对CDR证券，权益分派单位均为“股”，表内每股类等指标按照股数展示。",表格LC_STIBMAININDEX-科创板主要财务分析指标: 表格“LC_STIBMAININDEX”是用于分析科创板上市公司主要财务指标的工具。该表格包含了多个字段，涵盖了公司代码、信息发布日期、信息来源编码、截止日期等基本信息。主要财务指标包括：\n\n1. **每股指标**：基本每股收益、稀释每股收益、每股净资产、每股营业收入、每股经营活动产生的现金流量净额等。\n2. **盈利能力**：净资产收益率、总资产报酬率、销售净利率、销售毛利率、营业利润率等。\n3. **偿债能力**：流动比率、速动比率、产权比率、利息保障倍数、长期负债与营运资金比率等。\n4. **成长能力**：基本每股收益同比增长、营业收入同比增长、净利润同比增长、净资产同比增长等。\n5. **营运能力**：营业周期、存货周转率、应收账款周转率、流动资产周转率、总资产周转率等。\n6. **现金状况**：经营活动产生的现金流量净额、自由现金流量、现金营运指数、现金到期债务比等。\n7. **分红能力**：每股股利、股利支付率、留存盈余比率等。\n8. **资本结构**：资产负债率、流动资产/总资产、非流动资产/总资产、股东权益比率等。\n9. **收益质量**：经营活动净收益/利润总额、对联营合营公司投资收益/利润总额、价值变动净收益/利润总额等。\n10. **杜邦分析**：权益乘数、净利润/营业总收入、利润总额/息税前利润等。\n\n此外，表格还包含了发布时间、更新时间、系统字段等辅助信息。通过这些指标，用户可以全面了解科创板上市公司的财务状况和经营绩效。,"CompanyCode,InfoPublDate,EndDate,IfMerged,IfAdjusted",0,,,1,,"2024-06-06 17:33:55",,"2024-08-03 16:02:51",
208,JY,oracle,ODSJY,"208",科创板行情表现,LC_STIBPERFORMANCE,内容说明：展示科创板股票从最近一个交易日往前追溯一段时期的行情表现信息，包括近1周、1周以来、近1月、1月以来、近3月、近半年、近1年、今年以来、上市以来的表现情况，以及波动率等风险指标。,表格LC_STIBPERFORMANCE-科创板行情表现: 表格“LC_STIBPERFORMANCE”用于展示科创板股票的行情表现信息。该表格包含多个字段，涵盖了股票在不同时间段内的表现情况，包括日表现、近一周表现、本周以来表现、近一月表现、本月以来表现、近三个月表现、近半年表现、近一年表现、今年以来表现和上市以来表现。具体字段包括：\n\n- 基本信息：ID、证券内部编码、交易日、是否停牌、更新时间、发布时间、JSID、系统字段。\n- 日表现：昨收盘、今开盘、最高价、最低价、收盘价、成交量、成交金额、涨跌幅、振幅、换手率、换手率_自由流通股本、成交均价。\n- 近一周表现：周成交金额、周成交量、周涨跌幅、周振幅、周换手率、周换手率_自由流通股本、周成交均价、周最高价、周最低价、周收盘最高价、周收盘最低价、周日均成交金额、周日均换手率、周日均换手率_自由流通股本。\n- 本周以来表现：本周以来成交金额、本周以来成交量、本周以来涨跌幅、本周以来振幅、本周以来换手率、本周以来换手率_自由流通股本、本周以来成交均价、本周以来最高价、本周以来最低价、本周以来收盘最高价、本周以来收盘最低价、本周以来日均成交金额、本周以来日均换手率、本周以来日均换手率_自由流通股本。\n- 近一月表现：月成交金额、月成交量、月涨跌幅、月振幅、月换手率、月换手率_自由流通股本、月成交均价、月最高价、月最低价、月收盘最高价、月收盘最低价、月日均成交金额、月日均换手率、月日均换手率_自由流通股本。\n- 本月以来表现：本月以来成交金额、本月以来成交量、本月以来涨跌幅、本月以来振幅、本月以来换手率、本月以来换手率_自由流通股本、本月以来成交均价、本月以来最高价、本月以来最低价、本月以来收盘最高价、本月以来收盘最低价、本月以来日均成交金额、本月以来日均换手率、本月以来日均换手率_自由流通股本。\n- 近三个月表现：三个月成交金额、三个月成交量、三个月涨跌幅、三个月振幅、三个月换手率、三个月换手率_自由流通股本。\n- 近半年表现：六个月成交金额、六个月成交量、六个月涨跌幅、六个月振幅、六个月换手率、六个月换手率_自由流通股本。\n- 近一年表现：近一年成交金额、近一年成交量、近一年涨跌幅、近一年振幅、近一年换手率、近一年换手率_自由流通股本、近一年成交均价、近一年最高价、近一年最低价、近一年收盘最高价、近一年收盘最低价、近一年日均成交金额、近一年日均换手率、近一年日均换手率_自由流通股本。\n- 今年以来表现：今年以来成交金额、今年以来成交量、今年以来涨跌幅、今年以来振幅、今年以来换手率、今年以来换手率_自由流通股本、今年以来成交均价、今年以来最高价、今年以来最低价、今年以来收盘最高价、今年以来收盘最低价、今年以来日均成交金额、今年以来日均换手率、今年以来日均换手率_自由流通股本。\n- 上市以来表现：上市以来后复权最高价、上市以来后复权最高价时间、上市以来后复权最低价、上市以来后复权最低价时间。\n- 波动率：波动率(周)、波动率(月)、波动率(年)。\n- 市值：总市值、流通市值(不含限售股)。\n\n该表格通过这些字段详细记录了科创板股票在不同时间段内的市场表现和风险指标，为投资者和分析师提供了全面的数据支持。,"InnerCode,TradingDay",0,,,1,,"2024-06-06 17:33:55",,"2024-08-03 16:47:02",
209,JY,oracle,ODSJY,"209","",LC_STIBQCASHFLOWSTATE,"",,"",,,,0,,"2024-06-06 17:33:55",,"2024-08-09 14:25:25",
210,JY,oracle,ODSJY,"210",科创板单季度利润分配表,LC_STIBQINCOMESTATE,"说明:   
1.内容说明：
1.1该表收录科创板公司的单季度利润分配表情况。
1.2科目的计算方法：
第一季度数据：直接取公布值；
第二季度数据：根据公式计算取值，第二季度数据=半年度数据－第一季度数据；(第一季度数据取信息发布日期小于半年报信息发布日期里的最新一条数据)
第三季度数据：优先取原文披露值，若原文未披露，则根据公式计算取值：第三季度数据=前三季度数据-半年度数据；（半年度数据取信息发布日期小于三季报信息发布日期里的最新一条数据）
第四季度数据：根据公式计算取值，第四季度数据＝年度数据－前三季度数据（三季报数据取信息发布日期小于年报信息发布日期里的最新一条数据）
各期的原始数据均取完整报表数据
1.3由于会计期间可能发生同一控制下企业合并、企业自身错报漏报、企业列报项目变化等问题，将会导致二、三、四季度的单季数据的可靠性下降。
1.4该表中各财务科目的单位均为人民币元。
1.5带“##”的特殊项目为单个公司披露的非标准化的科目，对应的“特殊字段说明”字段将对其作出说明；带“##”的调整项目是为了让报表的各个小项借贷平衡而设置的，便于客户对报表的遗漏和差错进行判断。
2.数据范围：2018-03-31至今
3.信息来源：招股说明书、定报、审计报告等
表数据更新频率： 季更新",表格“LC_STIBQINCOMESTATE”是科创板单季度利润分配表，主要用于记录和分析科创板公司在单个季度内的利润分配情况。该表格涵盖了从2018年3月31日至今的数据，信息来源包括招股说明书、定报、审计报告等，数据每季度更新一次。\n\n表格中的字段包括：\n\n1. 基本信息字段：ID、公司代码、信息发布日期、截止日期、信息来源编码、是否合并、是否调整、报表格式类型、是否计算、公告ID、发布时间、修改时间、JSID。\n2. 收入相关字段：营业总收入、营业收入、利息净收入、利息收入、利息支出、手续费及佣金净收入、手续费及佣金收入、手续费及佣金支出、代理买卖证券业务净收入、证券承销业务净收入、受托客户资产管理业务净收入、已赚保费、保险业务收入、分保费收入、减:分出保费、减:提取未到期责任准备金、担保业务收入、其他收入、##营业收入特殊项目、##营业收入调整项目。\n3. 成本相关字段：营业总成本、营业支出、退保金、提取保费准备金、赔付支出净额、赔付支出、减:摊回赔付支出、提取保险责任准备金净额、提取保险责任准备金、减:摊回保险责任准备金、保单红利支出、分保费用、保险手续费及佣金支出、其他成本、营业成本、营业税金及附加、销售费用、管理费用合计、管理费用、业务及管理费、减:摊回分保费用、财务费用、利息费用(财务)、利息收入(财务)、研发费用、勘探费用、资产减值损失(成本)、信用减值损失(成本)、##营业支出OR营业总成本特殊项目、##营业支出OR营业总成本调整项目。\n4. 收益相关字段：加:公允价值变动净收益、加:投资净收益、对联营合营企业的投资收益、以摊余成本计量的金融资产终止确认收益、加:净敞口套期收益、加:汇兑收益、加:资产处置收益、加:其他收益、资产减值损失(利润)、信用减值损失(利润)、##加:影响营业利润的其他科目、##加:影响营业利润的调整项目。\n5. 利润相关字段：营业利润、加:营业外收入、减:营业外支出、非流动资产处置净损失、##加:影响利润总额的其他科目、##加:影响利润总额的调整项目、利润总额、减:所得税费用、加:未确认的投资损失、加:##影响净利润的其他科目、加:##影响净利润的调整项目、净利润、持续经营净利润、终止经营净利润、归属于母公司所有者的净利润、归属于母公司普通股股东的净利润、归属于母公司其他权益工具持有者的净利润、少数股东损益、##影响母公司净利润的特殊项目、##影响母公司净利润的调整项目。\n6. 综合收益相关字段：其他综合收益的税后净额、归属于母公司所有者的其他综合收益的税后净额、以后不能重分类进损益表的其他综合收益、重新计量设定收益计划净负债或净资产的变动、权益法下在被投资单位不能重分类进损益表的其他综合收益中享有的份额、其他权益工具投资公允价值变动、企业自身信用风险公允价值变动、以后将重分类进损益表的其他综合收益、权益法下在被投资单位以后将重分类进损益表的其他综合收益中享有的份额、可供出售金融资产公允价值变动损益、持有至到期投资重分类为可供出售金融资产损益、现金流量套期损益的有效部分、外币财务报表分析折算差额、其他(以后能重分类进损益表的其他综合收益)、其他债权投资公允价值变动、金融资产重分类计入其他综合收益的金额、其他债权投资信用减值准备、归属于少数股东的其他综合收益的税后净额、加:##影响综合收益总额的调整项目、综合收益总额、归属于母公司所有者的综合收益总额、归属于少数股东的综合收益总额、##加:影响母公司综合收益总额的调整项目。\n7. 每股收益相关字段：基本每股收益、稀释每股收益。\n8. 其他字段：利息支出合计、手续费及佣金支出合计、营业总成本(含减值损失)、营业总成本(不含减值损失)、信用减值损失合计、资产减值损失合计。\n\n该表格通过详细记录和计算各个季度的财务数据，帮助用户分析科创板公司的财务状况和利润分配情况。,"CompanyCode,InfoPublDate,EndDate,IfMerged,IfAdjusted",,,,1,,"2024-06-06 17:33:55",,"2024-08-03 16:00:23",
211,JY,oracle,ODSJY,"211","",LC_STIBSHARESTRU,"",,"",,,,0,,"2024-06-06 17:33:56",,"2024-08-09 14:25:25",
212,JY,oracle,ODSJY,"212","",LC_STIBSHARESTRU_SE,"",,"",,,,0,,"2024-06-06 17:33:56",,"2024-08-09 14:25:25",
213,JY,oracle,ODSJY,"213","",LC_STIBSPECIALNOTICE,"",,"",,,,0,,"2024-06-06 17:33:56",,"2024-08-09 14:25:25",
214,JY,oracle,ODSJY,"214","",LC_STIBSTAFF,"",,"",,,,0,,"2024-06-06 17:33:56",,"2024-08-09 14:25:25",
215,JY,oracle,ODSJY,"215",公司概况,LC_STOCKARCHIVES,收录上市公司的基本情况，包括：联系方式、注册信息、中介机构、行业和产品、公司证券品种及背景资料等内容。,表格LC_STOCKARCHIVES-公司概况: 收录上市公司的基本情况，包括：联系方式、注册信息、中介机构、行业和产品、公司证券品种及背景资料等内容。,CompanyCode,0,,,1,,"2024-06-06 17:33:56",,"2024-08-03 16:56:27",
216,JY,oracle,ODSJY,"216","",LC_STOCKHOLDINGST,"",,"",,,,0,,"2024-06-06 17:33:56",,"2024-08-09 14:25:25",
217,JY,oracle,ODSJY,"217","",LC_SUBSIDY,"",,"",,,,0,,"2024-06-06 17:33:56",,"2024-08-09 14:25:25",
218,JY,oracle,ODSJY,"218","",LC_SUBSIDY_SE,"",,"",,,,0,,"2024-06-06 17:33:56",,"2024-08-09 14:25:25",
219,JY,oracle,ODSJY,"219","",LC_SUITARBITRATION,"",,"",,,,0,,"2024-06-06 17:33:56",,"2024-08-09 14:25:25",
220,JY,oracle,ODSJY,"220","",LC_SUITARBITRATION_SE,"",,"",,,,0,,"2024-06-06 17:33:56",,"2024-08-09 14:25:25",
221,JY,oracle,ODSJY,"221","",LC_SURPLUSRESERVE,"",,"",,,,0,,"2024-06-06 17:33:56",,"2024-08-09 14:25:25",
222,JY,oracle,ODSJY,"222","",LC_SUSPENDRESUMPTION,"",,"",,,,0,,"2024-06-06 17:33:57",,"2024-08-09 14:25:26",
223,JY,oracle,ODSJY,"223","",LC_SWSINDEXCW,"",,"",,,,0,,"2024-06-06 17:33:57",,"2024-08-09 14:25:26",
224,JY,oracle,ODSJY,"224","",LC_TAX,"",,"",,,,0,,"2024-06-06 17:33:57",,"2024-08-09 14:25:26",
225,JY,oracle,ODSJY,"225","",LC_TAXCHANGE,"",,"",,,,0,,"2024-06-06 17:33:57",,"2024-08-09 14:25:26",
226,JY,oracle,ODSJY,"226","",LC_TRADINGFINANCIALASSETS,"",,"",,,,0,,"2024-06-06 17:33:57",,"2024-08-09 14:25:26",
227,JY,oracle,ODSJY,"227","",LC_WAGESPAYABLE,"",,"",,,,0,,"2024-06-06 17:33:57",,"2024-08-09 14:25:26",
228,JY,oracle,ODSJY,"228","",LC_WARRANT,"",,"",,,,0,,"2024-06-06 17:33:57",,"2024-08-09 14:25:26",
229,JY,oracle,ODSJY,"229","",LC_WARRANTSUMMARY,"",,"",,,,0,,"2024-06-06 17:33:57",,"2024-08-09 14:25:26",
230,JY,oracle,ODSJY,"230","",LC_WARRANTTRADE,"",,"",,,,0,,"2024-06-06 17:33:57",,"2024-08-09 14:25:26",
231,JY,oracle,ODSJY,"231","",LC_WARRENTCREATIONCHANGE,"",,"",,,,0,,"2024-06-06 17:33:57",,"2024-08-09 14:25:26",
232,JY,oracle,ODSJY,"232","",LC_ZHSCACTIVESHARES,"",,"",,,,0,,"2024-06-06 17:33:57",,"2024-08-09 14:25:26",
233,JY,oracle,ODSJY,"233","",LC_ZHSCCOMPONENT,"",,"",,,,0,,"2024-06-06 17:33:58",,"2024-08-09 14:25:26",
234,JY,oracle,ODSJY,"234","",LC_ZHSCELISTOCKS,"",,"",,,,0,,"2024-06-06 17:33:58",,"2024-08-09 14:25:26",
235,JY,oracle,ODSJY,"235","",LC_ZHSCFOREX,"",,"",,,,0,,"2024-06-06 17:33:58",,"2024-08-09 14:25:27",
236,JY,oracle,ODSJY,"236","",LC_ZHSCQUOTAINFO,"",,"",,,,0,,"2024-06-06 17:33:58",,"2024-08-09 14:25:27",
237,JY,oracle,ODSJY,"237","",LC_ZHSCTRADESTAT,"",,"",,,,0,,"2024-06-06 17:33:58",,"2024-08-09 14:25:27",
238,JY,oracle,ODSJY,"238","",HK_ADJFACTORNEW,"",,"",,,,0,,"2024-06-06 17:33:58",,"2024-08-09 14:25:27",
239,JY,oracle,ODSJY,"239","",HK_ANNOUNCEMENT,"",,"",,,,0,,"2024-06-06 17:33:58",,"2024-08-09 14:25:27",
240,JY,oracle,ODSJY,"240",港股资产负债表,HK_BALANCESHEET,"说明:   
1.介绍港股资产负债表的相关指标，该表是资产负债表的竖表，数据内容和财报一致。
2.数据范围：1998年至今。
3.数据来源：港交所。","说明:   
1.介绍港股资产负债表的相关指标，该表是资产负债表的竖表，数据内容和财报一致。
2.数据范围：1998年至今。
3.数据来源：港交所。","CompanyCode,EndDate,PeriodMark,IfMerged,IfAdjusted,ItemName,ProjectName
",,,,1,,"2024-06-06 17:33:58",,"2024-09-19 18:31:23",
241,JY,oracle,ODSJY,"241","",HK_BALANCESHEETBHK,"",,"",,,,0,,"2024-06-06 17:33:58",,"2024-08-09 14:25:27",
242,JY,oracle,ODSJY,"242","",HK_BALANCESHEETFULL,"",,"",,,,0,,"2024-06-06 17:33:58",,"2024-08-09 14:25:27",
243,JY,oracle,ODSJY,"243","",HK_BALANCESHEETGEHK,"",,"",,,,0,,"2024-06-06 17:33:58",,"2024-08-09 14:25:27",
244,JY,oracle,ODSJY,"244","",HK_BALANCESHEETICHK,"",,"",,,,0,,"2024-06-06 17:33:59",,"2024-08-09 14:25:27",
245,JY,oracle,ODSJY,"245",港股现金流量表,HK_CASHFLOWSTATEMENT,"说明:   
1.介绍港股现金流量表中各项指标，该表是现金流量表的竖表，数据内容和财报一致。
2.数据范围：1998年至今。
3.数据来源：港交所。","说明:   
1.介绍港股现金流量表中各项指标，该表是现金流量表的竖表，数据内容和财报一致。
2.数据范围：1998年至今。
3.数据来源：港交所。","CompanyCode,EndDate,PeriodMark,IfMerged,IfAdjusted,ItemName,ProjectName",,,,1,,"2024-06-06 17:33:59",,"2024-09-19 18:31:23",
246,JY,oracle,ODSJY,"246","",HK_CASHFLOWSTATEMENTFULL,"",,"",,,,0,,"2024-06-06 17:33:59",,"2024-08-09 14:25:27",
247,JY,oracle,ODSJY,"247","",HK_CASHFLOWSTATEMENTHK,"",,"",,,,0,,"2024-06-06 17:33:59",,"2024-08-09 14:25:27",
248,JY,oracle,ODSJY,"248","",HK_CODECHANGE,"",,"",,,,0,,"2024-06-06 17:33:59",,"2024-08-09 14:25:28",
249,JY,oracle,ODSJY,"249","",HK_COMPANYARCHIVES,"",,"",,,,0,,"2024-06-06 17:33:59",,"2024-08-09 14:25:28",
250,JY,oracle,ODSJY,"250","",HK_CORPORATIONEQUITY,"",,"",,,,0,,"2024-06-06 17:33:59",,"2024-08-09 14:25:28",
251,JY,oracle,ODSJY,"251","",HK_CORPORATIONEQUITY_SE,"",,"",,,,0,,"2024-06-06 17:33:59",,"2024-08-09 14:25:28",
252,JY,oracle,ODSJY,"252","",HK_DIRECTOREQUITY,"",,"",,,,0,,"2024-06-06 17:33:59",,"2024-08-09 14:25:28",
253,JY,oracle,ODSJY,"253","",HK_DIRECTOREQUITY_SE,"",,"",,,,0,,"2024-06-06 17:33:59",,"2024-08-09 14:25:28",
254,JY,oracle,ODSJY,"254","",HK_DIVIDEND_EXPIRE,"",,"",,,,0,,"2024-06-06 17:33:59",,"2024-08-11 09:49:09",
255,JY,oracle,ODSJY,"255","",HK_DIVIDEND_SE,"",,"",,,,0,,"2024-06-06 17:34:00",,"2024-08-09 14:25:28",
256,JY,oracle,ODSJY,"256","",HK_EXFUNDADJUSTFACTOR,"",,"",,,,0,,"2024-06-06 17:34:00",,"2024-08-09 14:25:28",
257,JY,oracle,ODSJY,"257",港股公司行业划分表,HK_EXGINDUSTRY,"1.描述香港联交所上市的公司的行业分类，主要有恒生行业分类、恒生聚源行业分类、中国证监会行业分类、申万行业分类等，该表记录港股上市公司的行业分类。
2.信息来源：港交所、恒生聚源等。","表格HK_EXGINDUSTRY-港股公司行业划分表: 该表主要 1.描述香港联交所上市的公司的行业分类，主要有恒生行业分类、恒生聚源行业分类、中国证监会行业分类、申万行业分类等，该表记录港股上市公司的行业分类。
2.信息来源：港交所、恒生聚源等。","CompanyCode,Standard,IndustryNum,ExcuteDate",0,,,1,,"2024-06-06 17:34:00",,"2024-08-04 09:57:55",
258,JY,oracle,ODSJY,"258","",HK_FINANCIALINDEX,"",,"",,,,0,,"2024-06-06 17:34:00",,"2024-08-09 14:25:28",
259,JY,oracle,ODSJY,"259","",HK_FUNDADJUSTINGFACTOR,"",,"",,,,0,,"2024-06-06 17:34:00",,"2024-08-09 14:25:28",
260,JY,oracle,ODSJY,"260","",HK_FUNDARCHIVES,"",,"",,,,0,,"2024-06-06 17:34:00",,"2024-08-09 14:25:29",
261,JY,oracle,ODSJY,"261","",HK_FUNDARCHIVES_SE,"",,"",,,,0,,"2024-06-06 17:34:00",,"2024-08-09 14:25:29",
262,JY,oracle,ODSJY,"262","",HK_FUNDCHARGERATE,"",,"",,,,0,,"2024-06-06 17:34:00",,"2024-08-09 14:25:29",
263,JY,oracle,ODSJY,"263","",HK_FUNDCHARGERATE_SE,"",,"",,,,0,,"2024-06-06 17:34:00",,"2024-08-09 14:25:29",
264,JY,oracle,ODSJY,"264","",HK_FUNDDIVIDEND,"",,"",,,,0,,"2024-06-06 17:34:00",,"2024-08-09 14:25:29",
265,JY,oracle,ODSJY,"265","",HK_FUNDMANAGER,"",,"",,,,0,,"2024-06-06 17:34:00",,"2024-08-09 14:25:29",
266,JY,oracle,ODSJY,"266","",HK_INCOMESTATEMENT,"",,"",,,,0,,"2024-06-06 17:34:01",,"2024-08-09 14:25:29",
267,JY,oracle,ODSJY,"267","",HK_INCOMESTATEMENTBHK,"",,"",,,,0,,"2024-06-06 17:34:01",,"2024-08-09 14:25:29",
269,JY,oracle,ODSJY,"269","",HK_INCOMESTATEMENTFULL,"",,"",,,,0,,"2024-06-06 17:34:01",,"2024-08-09 14:25:29",
270,JY,oracle,ODSJY,"270","",HK_INCOMESTATEMENTGEHK,"",,"",,,,0,,"2024-06-06 17:34:01",,"2024-08-09 14:25:29",
271,JY,oracle,ODSJY,"271","",HK_INCOMESTATEMENTIHK,"",,"",,,,0,,"2024-06-06 17:34:01",,"2024-08-09 14:25:29",
272,JY,oracle,ODSJY,"272","",HK_INDEXCOMPONENT,"",,"",,,,0,,"2024-06-06 17:34:01",,"2024-08-09 14:25:29",
273,JY,oracle,ODSJY,"273","",HK_INDEXCPSWEIGHT,"",,"",,,,0,,"2024-06-06 17:34:01",,"2024-08-09 14:25:29",
274,JY,oracle,ODSJY,"274",港股行业分类表,HK_IndustryCategory,"本表格记录香港证券市场主要公司行业分类标准及分类信息，包括行业的历史变更情况，包含的行业分类有恒生行业分类、恒生聚源行业分类、中国证监会行业分类、申万行业分类等。
表格信息来源：港交所、MSCI、中国证监会、申万官网等。","本表格记录香港证券市场主要公司行业分类标准及分类信息，包括行业的历史变更情况，包含的行业分类有恒生行业分类、恒生聚源行业分类、中国证监会行业分类、申万行业分类等。
表格信息来源：港交所、MSCI、中国证监会、申万官网等。","",,,,0,,"2024-06-06 17:34:01",,"2024-09-10 13:41:56",
275,JY,oracle,ODSJY,"275","",HK_INFORMATION,"",,"",,,,0,,"2024-06-06 17:34:01",,"2024-08-09 14:25:30",
276,JY,oracle,ODSJY,"276","",HK_INFORMATION_SE,"",,"",,,,0,,"2024-06-06 17:34:01",,"2024-08-09 14:25:30",
277,JY,oracle,ODSJY,"277","",HK_ISSUEANDLISTAGENT,"",,"",,,,0,,"2024-06-06 17:34:02",,"2024-08-09 14:25:30",
278,JY,oracle,ODSJY,"278","",HK_LEADERINTRODUCE,"",,"",,,,0,,"2024-06-06 17:34:02",,"2024-08-09 14:25:30",
279,JY,oracle,ODSJY,"279","",HK_LEADERINTRODUCE_SE,"",,"",,,,0,,"2024-06-06 17:34:02",,"2024-08-09 14:25:30",
280,JY,oracle,ODSJY,"280","",HK_LEADERPOSITION,"",,"",,,,0,,"2024-06-06 17:34:02",,"2024-08-09 14:25:30",
281,JY,oracle,ODSJY,"281",港股主要财务分析指标	,HK_MAININDEX,"1.根据报告期公布的财务科目数据衍生而来的每股指标，以及反映公司盈利、偿债、成长、营运、分红、现金流、资本结构等能力的指标。
2.该表中各财务科目的单位均为港币。若报告期公布的记帐本位币不是港币，则通过汇率转换为港币。
3.对于季度报告，上市公司可能只披露了损益表，而未披露资产负债表和现金流量表。这会导致财务指标表中，相应报告期的基本每股收益，毛利率等指标有值，而每股净资产，存货周转率等指标为空值。
4.对于招股说明书，由于上市之前年度公司的总股本数据通常不正常（无股本或股本很小），或导致上市前年度的每股收益，每股净资产等每股指标为空值，或数值畸大。
5.由于公司毛利中可能大部分来自于原材料价值变动等项目，可能会因此导致毛利率指标畸大。
6.数据范围：1998年至今。
7.数据来源：港交所。",表格HK_MAININDEX-港股主要财务分析指标: 表格“HK_MAININDEX”是用于港股主要财务分析指标的记录和分析。该表格的数据来源于港交所，涵盖了从1998年至今的财务数据，所有数据均以港币为单位。表格中的数据包括每股指标、盈利能力、偿债能力、成长能力、营运能力、资本结构和其他相关财务指标。\n\n具体字段包括：\n\n- **系统字段**：HISVALID（数据有效性标志）、ID（唯一标识符）、InsertTime（发布时间）、UpdateTime（修改日期）、JSID（系统标识符）。\n- **公司信息**：CompanyCode（公司代码）。\n- **时间信息**：BeginDate（开始日期）、EndDate（截止日期）、PeriodMark（日期标志）、PeriodDesc（日期标志说明）、FinancialYear（财政年度）。\n- **每股指标**：BasicEPS（基本每股收益）、DilutedEPS（稀释每股收益）、EPS（每股收益_期末股本摊薄）、NetAssetPS（每股净资产）、OperCashFlowPS（每股经营现金净流量）、CashFlowPS（每股现金流量净额）、MainIncomePS（每股营业收入）。\n- **盈利能力**：GrossIncomeRatio（销售毛利率）、OperatingProfitRatio（经营利润率）、NetProfitRatio（销售净利率）、EarningBeforeTaxRatio（税前利润率）、ROEWeighted（净资产收益率）、ROA（总资产净利率）。\n- **收益质量**：OperProfitToTP（营业利润/利润总额）、TaxToTP（税项/利润总额）、OperCashToTP（经营活动产生的现金流量净额/营业收入）。\n- **资本结构**：DebtAssetsRatio（资产负债率）、EquityMultipler（权益乘数）、DebtEquityRatio（产权比率）、CurrentAssetsToTA（流动资产/总资产）、NonCurrentAssetsToTA（非流动资产/总资产）、CurrentLiabilityToTL（流动负债/负债合计）、NonCurrentLiabilityToTL（非流动负债/负债合计）。\n- **偿债能力**：CurrentRatio（流动比率）、QuickRatio（速动比率）、OperProfitToCL（营业利润/流动负债）、OperCashFlowToCL（经营活动产生的现金流量净额/流动负债）、SEWithoutMIToTL（归属母公司股东的权益/负债合计）、OperCashFlowToTL（经营活动产生的现金流量净额/负债合计）、OPToTL（营业利润/负债合计）。\n- **营运能力**：InventoryTRate（存货周转率）、InventoryTDays（存货周转天数）、ARTRate（应收账款周转率）、ARTDays（应收账款周转天数）、AccountsPayablesTRate（应付账款周转率）、AccountsPayablesTDays（应付账款周转天数）、CurrentAssetsTRate（流动资产周转率）、CurrentAssetsTDays（流动资产周转天数）、FixedAssetTRate（固定资产周转率）、FixedAssetTDays（固定资产周转天数）、TotalAssetTRate（总资产周转率）、TotalAssetsTDays（总资产周转天数）。\n- **成长能力**：OperatingRevenueGR1Y（营业收入年增长率）、OperatingRevenueGR3Y（营业收入近3年增长率）、GrossIncomeGR1Y（毛利年增长率）、GrossIncomeGR3Y（毛利近3年增长率）、OperProfitGR1Y（营业利润年增长率）、OperProfitGR3Y（营业利润近3年增长率）、EBTGR1Y（税前利润年增长率）、EBTGR3Y（税前利润近3年增长率）、NetProfitGR1Y（净利润年增长率）、NetProfitGR3Y（净利润近3年增长率）、NPParentCompanyGR1Y（归属母公司股东的净利润年增长率）、NPParentCompanyGR3Y（归属母公司股东的净利润近3年增长率）、TotalAssetGR1Y（资产总计年增长率）、TotalAssetGR3Y（资产总计近3年增长率）、SEWithoutMIGR1Y（归属母公司股东的权益年增长率）、SEWithoutMIGR3Y（归属母公司股东的权益近3年增长率）、EquityGR1Y（股东权益年增长率）、EquityGR3Y（股东权益近3年增长率）、LiabilityGR1Y（负债合计年增长率）、LiabilityGR3Y（负债合计近3年增长率）、BasicEPS1Y（基本每股收益年增长率）、BasicEPS3Y（基本每股收益近3年增长率）、NetAssetPS1Y（每股净资产年增长率）、NetAssetPS3Y（每股净资产近3年增长率）。\n- **其他**：DividendRatio（派息比率）。\n\n该表格通过这些字段全面反映了港股上市公司的财务状况和经营能力，帮助投资者和分析师进行深入的财务分析和决策。,"CompanyCode,BeginDate,EndDate,PeriodMark",0,,,1,,"2024-06-06 17:34:02",,"2024-08-03 17:53:48",
282,JY,oracle,ODSJY,"282","",HK_NETVALUE,"",,"",,,,0,,"2024-06-06 17:34:02",,"2024-08-09 14:25:30",
283,JY,oracle,ODSJY,"283","",HK_NVPERFORMANCE,"",,"",,,,0,,"2024-06-06 17:34:02",,"2024-08-09 14:25:30",
284,JY,oracle,ODSJY,"284","",HK_OPERATINGSTATUS,"",,"",,,,0,,"2024-06-06 17:34:02",,"2024-08-09 14:25:30",
285,JY,oracle,ODSJY,"285","",HK_RMFARCHIVES,"",,"",,,,0,,"2024-06-06 17:34:02",,"2024-08-09 14:25:30",
286,JY,oracle,ODSJY,"286",港股证券主表,HK_SecuMain,"说明:   
本表收录港股单个证券品种的简称、上市交易所等基础信息。
表数据更新频率： 日处理，不定时更新",表格“HK_SecuMain”是港股证券主表，主要收录港股单个证券品种的基础信息，包括证券的简称、上市交易所等。该表格的数据更新频率为每日处理，不定时更新。表格中的字段包括：ID、证券内部编码、公司代码、证券代码、中文名称、中文名称缩写、英文名称、英文名称缩写、证券简称、拼音证券简称、证券市场、证券类别、上市日期、上市板块、上市状态、曾用名、退市日期、买卖单位、交易货币类别、ISIN代码、发布时间、更新时间和JSID。这些字段涵盖了证券的基本信息、市场信息、上市信息、交易信息以及时间戳信息等。,"",,,,0,,"2024-06-06 17:34:02",,"2024-08-04 09:54:53",
287,JY,oracle,ODSJY,"287","",HK_SHAREIPO,"",,"",,,,0,,"2024-06-06 17:34:02",,"2024-08-09 14:25:30",
288,JY,oracle,ODSJY,"288","",HK_SHAREIPO_SE,"",,"",,,,0,,"2024-06-06 17:34:03",,"2024-08-09 14:25:30",
289,JY,oracle,ODSJY,"289",港股股本结构,HK_SHARESTRU,"1.介绍港股的具体股本结构信息，包括股票面值、普通股、优先股、股本变动原因等内容。记录有港股股本历次变动的信息，和其他市场存有的公司股票。
2.数据范围：1999年至今。
3.信息来源：港交所",表格HK_SHARESTRU-港股股本结构: 表格“港股股本结构”详细记录了港股公司的股本结构信息，数据来源于港交所，涵盖1999年至今的股本变动情况。表格中的字段包括公司代码、信息发布日期、信息来源、截止日期等基本信息。它详细描述了普通股和优先股的面值单位和面值（元/股），以及A类和B类普通股的投票权（票/股）。此外，还包括法定股本、法定股数、实收股本、实收股数、已上市港股股数、库存股、待上市港股股数、非港股股数、A股、B股、D股、非上市流通股等股本数据。表格还记录了海外上市国家、股本变动原因类别及说明、修改日期等信息。通过这些字段，用户可以全面了解港股公司的股本结构及其变动情况。,"CompanyCode,EndDate",,,,1,,"2024-06-06 17:34:03",,"2024-08-04 10:05:26",
290,JY,oracle,ODSJY,"290","",HK_SHARESTRU_SE,"",,"",,,,0,,"2024-06-06 17:34:03",,"2024-08-09 14:25:31",
291,JY,oracle,ODSJY,"291","",HK_SHEQUITY,"",,"",,,,0,,"2024-06-06 17:34:03",,"2024-08-09 14:25:31",
292,JY,oracle,ODSJY,"292","",HK_SHEQUITY_SE,"",,"",,,,0,,"2024-06-06 17:34:03",,"2024-08-09 14:25:31",
293,JY,oracle,ODSJY,"293","",HK_SPECIALNOTICE,"",,"",,,,0,,"2024-06-06 17:34:03",,"2024-08-09 14:25:31",
294,JY,oracle,ODSJY,"294","",HK_SPLITCOMBINATIONSHARE,"",,"",,,,0,,"2024-06-06 17:34:03",,"2024-08-09 14:25:31",
295,JY,oracle,ODSJY,"295","",HK_STOCKARCHIVES,"",,"",,,,0,,"2024-06-06 17:34:03",,"2024-08-09 14:25:31",
296,JY,oracle,ODSJY,"296","",HK_TEMPPARTRADE,"",,"",,,,0,,"2024-06-06 17:34:03",,"2024-08-09 14:25:31",
297,JY,oracle,ODSJY,"297",股票行情表现,QT_StockPerformance,"内容说明：
收录股票从最近一个交易日往前追溯一段时期的行情表现信息，包括近1周、1周以来、近1月、1月以来、近3月、近半年、近1年、今年以来、上市以来的表现情况，以及β、α、波动率、夏普比率等风险指标，本表包含停牌数据。
计算方法：
1)区间成交金额＝∑区间每个交易日成交金额
2)区间成交量＝∑区间每个交易日成交量
3)区间涨跌幅＝(区间内最新复权收盘价/区间首日复权昨收盘－1)*100
4)区间振幅＝(区间最高复权价－区间最低复权家价)/区间首日复权昨收盘*100
5)区间换手率＝区间每一天换手率的合计值
6) 区间成交均价＝区间成交金额之和/区间成交量之和（考虑了区间有除权的情况）
7) 区间日均成交金额＝区间成交金额之和/区间实际交易天数
8) 区间日均换手率＝区间每日换手率之和/区间实际交易天数",表格QT_StockPerformance-股票行情表现: 表格“QT_StockPerformance”记录了股票在不同时间段内的行情表现及相关风险指标。该表格包含以下字段：\n\n1. **基本信息**：包括ID、证券内部编码、交易日、是否停牌、更新时间、发布时间、系统字段等。\n2. **日表现**：包括昨收盘、今开盘、最高价、最低价、收盘价、成交量、成交金额、涨跌幅、振幅、换手率、自由流通股本换手率、均价等。\n3. **近一周表现**：包括周成交金额、周成交量、周涨跌幅、周振幅、周换手率、自由流通股本周换手率、周成交均价、周最高价、周最低价、周收盘最高价、周收盘最低价、周日均成交金额、周日均换手率、自由流通股本周日均换手率等。\n4. **本周以来表现**：包括本周以来成交金额、本周以来成交量、本周以来涨跌幅、本周以来振幅、本周以来换手率、自由流通股本本周以来换手率、本周以来成交均价、本周以来最高价、本周以来最低价、本周以来收盘最高价、本周以来收盘最低价、本周以来日均成交金额、本周以来日均换手率、自由流通股本本周以来日均换手率等。\n5. **近一月表现**：包括月成交金额、月成交量、月涨跌幅、月振幅、月换手率、自由流通股本月换手率、月成交均价、月最高价、月最低价、月收盘最高价、月收盘最低价、月日均成交金额、月日均换手率、自由流通股本月日均换手率等。\n6. **本月以来表现**：包括本月以来成交金额、本月以来成交量、本月以来涨跌幅、本月以来振幅、本月以来换手率、自由流通股本本月以来换手率、本月以来成交均价、本月以来最高价、本月以来最低价、本月以来收盘最高价、本月以来收盘最低价、本月以来日均成交金额、本月以来日均换手率、自由流通股本本月以来日均换手率等。\n7. **近三个月表现**：包括三个月成交金额、三个月成交量、三个月涨跌幅、三个月振幅、三个月换手率、自由流通股本三个月换手率等。\n8. **近半年表现**：包括六个月成交金额、六个月成交量、六个月涨跌幅、六个月振幅、六个月换手率、自由流通股本六个月换手率等。\n9. **近一年表现**：包括十二个月成交金额、十二个月成交量、十二个月涨跌幅、十二个月振幅、十二个月换手率、自由流通股本十二个月换手率、十二个月成交均价、十二个月最高价、十二个月最低价、十二个月收盘最高价、十二个月收盘最低价、十二个月日均成交金额、十二个月日均换手率、自由流通股本十二个月日均换手率等。\n10. **今年以来表现**：包括今年以来成交金额、今年以来成交量、今年以来涨跌幅、今年以来振幅、今年以来换手率、自由流通股本今年以来换手率、今年以来成交均价、今年以来最高价、今年以来最低价、今年以来收盘最高价、今年以来收盘最低价、今年以来日均成交金额、今年以来日均换手率、自由流通股本今年以来日均换手率等。\n11. **上市以来表现**：包括上市以来后复权最高价、上市以来后复权最高价时间、上市以来后复权最低价、上市以来后复权最低价时间等。\n12. **Beta、波动率**：包括Beta值（相对沪深300、综合指数、申万行业、中证500、一年）、Beta值（两年，周步长）、调整Beta值（两年，周步长）、阿尔法（相对沪深300、综合指数、申万行业、中证500、一年）、波动率（日步长、周步长）、夏普比率（年化）、市场收益率（算术平均、几何平均）等。\n13. **市值**：包括总市值、流通市值（不含限售股）等。\n\n该表格通过详细记录股票在不同时间段内的表现和风险指标，帮助用户全面了解股票的历史表现和风险特征。,"InnerCode,TradingDay",0,,,0,,"2024-06-06 17:34:03",,"2024-08-03 16:38:08",
298,JY,oracle,ODSJY,"298",利润分配表_新会计准则,DZ_INCOMESTATEMENTALL,"1.内容说明：
1.1反映上市、发债、非上市非发债公司依据2007年新会计准则在在年报、中报、季报中披露的利润表数据；并依据新旧会计准则的科目对应关系，收录了主要科目的历史对应数据。
1.2收录同一公司在报告期末的四种财务报告，即未调整的合并报表、未调整的母公司报表、调整后的合并报表以及调整后的母公司报表。
1.3若某个报告期的数据有多次调整，则该表展示历次调整数据。
1.4该表中各财务科目的单位均为人民币元。
1.5带“##”的特殊项目为单个公司披露的非标准化的科目，对应的“特殊字段说明”字段将对其作出说明；带“##”的调整项目是为了让报表的各个小项借贷平衡而设置的，便于客户对报表的遗漏和差错进行判断。",表格DZ_INCOMESTATEMENTALL-利润分配表_新会计准则: 表格“DZ_INCOMESTATEMENTALL”是一个利润分配表，依据2007年新会计准则，反映上市、发债、非上市非发债公司在年报、中报、季报中披露的利润表数据。该表收录了同一公司在报告期末的四种财务报告（未调整的合并报表、未调整的母公司报表、调整后的合并报表以及调整后的母公司报表），并展示历次调整数据。表格中的各财务科目单位均为人民币元。\n\n表格字段包括：\n\n1. 基本信息字段：ID、信息发布日期、信息来源、信息来源编码、公告类别、公司代码、截止日期、是否合并、是否调整、完整标志、会计准则、报表格式类型、发布时间、更新时间、JSID、系统字段。\n2. 营业收入模块：营业总收入、营业收入、主营业务收入、其他业务收入、利息净收入、利息收入、利息支出、已赚保费、保险业务收入、分保费收入、减:分出保费、减:提取未到期责任准备金、担保业务收入、手续费及佣金净收入、手续费及佣金收入、经纪业务手续费收入、投资银行业务手续费收入、资产管理业务手续费收入、基金管理业务手续费收入、投资咨询业务收入、风险管理业务收入、投资管理业务收入、其他代理业务收入、手续费及佣金支出、经纪业务手续费支出、投资银行业务手续费支出、资产管理业务手续费支出、基金管理业务手续费支出、投资咨询业务支出、风险管理业务支出、投资管理业务支出、其他代理业务支出、代理买卖证券业务净收入、证券承销业务净收入、受托客户资产管理业务净收入、基金管理业务手续费净收入、其他收入、特殊项目、调整项目。\n3. 营业支出模块：营业总成本、营业支出、保险手续费及佣金支出、退保金、提取保费准备金、提取期货风险准备金、提取担保业务准备金、提取担保赔偿准备金、赔付支出净额、赔付支出、减:摊回赔付支出、提取保险责任准备金净额、提取保险责任准备金、减:摊回保险责任准备金、保单红利支出、分保费用、其他成本、营业成本、主营业务成本、其他业务成本、营业税金及附加、销售费用、管理费用合计、管理费用、业务及管理费、减:摊回分保费用、研发费用、财务费用、利息费用、利息收入、勘探费用、信用减值损失、资产减值损失、特殊项目、调整项目。\n4. 特别收益/收入模块：非经营性净收益、其他收益、投资净收益、对联营合营企业的投资收益、以摊余成本计量的金融资产终止确认收益、汇兑收益、净敞口套期收益、公允价值变动净收益、信用减值损失、资产减值损失、资产处置收益、特殊项目、调整项目。\n5. 营业利润模块：营业利润、营业外收入、营业外支出、非流动资产处置净损失、特殊项目、调整项目。\n6. 利润总额模块：利润总额、所得税费用、未确认的投资损失、特殊项目、调整项目。\n7. 净利润模块：净利润、持续经营净利润、终止经营净利润、归属于母公司所有者的净利润、归属于母公司普通股股东的净利润、归属于母公司其他权益工具持有者的净利润、少数股东损益、特殊项目、调整项目。\n8. 其他综合收益模块：其他综合收益的税后净额、归属于母公司所有者的其他综合收益的税后净额、以后不能重分类进损益的其他综合收益、重新计量设定受益计划净负债或净资产的变动、权益法下在被投资单位不能重分类进损益的其他综合收益、其他权益工具投资公允价值变动、企业自身信用风险公允价值变动、以后将重分类进损益的其他综合收益、权益法下在被投资单位以后将重分类进损益的其他综合收益、其他债权投资公允价值变动、金融资产重分类计入其他综合收益的金额、其他债权投资信用减值准备、现金流量套期损益的有效部分、外币财务报表折算差额、可供出售金融资产公允价值变动损益、持有至到期投资重分类为可供出售金融资产损益、其他、归属于少数股东的其他综合收益的税后净额、特殊项目、调整项目、综合收益总额、归属于母公司所有者的综合收益总额、归属于母公司普通股股东的综合收益、归属于母公司其他权益工具持有者的综合收益、归属于少数股东的综合收益总额、调整项目。\n9. 每股收益模块：基本每股收益、稀释每股收益。\n10. 特殊字段模块：特殊字段说明。\n\n该表格通过详细的字段定义，帮助用户全面了解公司在不同报告期内的财务表现和利润分配情况。,"CompanyCode,InfoPublDate,EndDate,IfAdjusted,IfMerged",0,,,1,,"2024-06-12 11:26:23",,"2024-08-03 15:54:29",
299,JY,oracle,ODSJY,"299",公司分红,DZ_DIVIDEND,内容说明：该表包括上市公司（含科创板）历次分红预案及实施进展，以及下年分配次数、方式等，以分红事件为维度，一次分红做一条记录。,表格DZ_DIVIDEND-公司分红: 表格“DZ_DIVIDEND”用于记录上市公司（包括科创板）历次分红预案及实施进展的信息。该表以分红事件为维度，每次分红记录一条数据。主要字段包括：\n\n- **ID**：唯一标识每条记录。\n- **证券内部编码**：关联证券主表，获取证券交易代码和简称。\n- **截止日期**：记录分红事件的截止日期。\n- **议案编号**：分红议案的编号。\n- **事件进程及描述**：记录分红事件的进展状态及其描述。\n- **是否分红**：标识是否进行分红及分红类型。\n- **方案类型**：记录分红方案的提出方。\n- **最新信息发布日期**：记录最新信息的发布日期。\n- **分红意向公布日、预案公布日、决案公布日、分红实施公告日**：记录分红各阶段的关键日期。\n- **送股比例、转增股比例**：记录送股和转增股的比例。\n- **派现外币单位**：记录派现的外币单位。\n- **派现金额（含税和税后，人民币和外币）**：记录派现的具体金额。\n- **股权登记日、除权除息日、除权除息参考价**：记录股权登记和除权除息的相关信息。\n- **送转股到账日、送转股上市日、股息到帐日期/红利发放日**：记录送转股和股息发放的日期。\n- **最后交易日**：记录分红前的最后交易日。\n- **分红股本基数、分红派息股本基准日、送转后总股本**：记录分红相关的股本信息。\n- **分红对象**：记录分红的对象类型。\n- **公司合计派现金额（人民币和外币）、A股派现金额、B股派现金额（人民币和外币）**：记录公司派现的总金额及分类金额。\n- **送股比例、转增比例、派现金额（计算除权价用）**：记录用于计算除权价的分红方案。\n- **方案是否变更、方案变更说明、方案变更类型**：记录分红方案是否变更及变更的具体信息。\n- **备注、方案补充说明、利润不分配说明**：记录分红方案的补充说明和备注。\n- **发布时间、更新时间**：记录信息的发布时间和更新时间。\n- **系统字段**：标识数据是否有效。\n\n该表格详细记录了上市公司分红的各个方面，包括分红方案、实施进展、分红金额及相关日期等信息。,"InnerCode,EndDate,AdvanceDate,ProposalSN
",0,,,1,,"2024-06-12 11:26:23",,"2024-08-03 15:57:12",
300,JY,oracle,ODSJY,"300",科创板股东名,LC_STIBMainSHList,内容说明：收录科创板A股发行人的主要股东构成及持股数量比例、持股性质等明细资料，包括发行前和上市后的历次变动记录。,表格LC_STIBMainSHList-科创板股东名: 表格“LC_STIBMainSHList”主要用于记录科创板A股发行人的主要股东构成及其持股情况，包括发行前和上市后的历次变动记录。表格中的字段涵盖了股东的基本信息、持股数量及比例、持股性质、持股变动情况、股东属性和性质、股东关联关系等详细资料。具体字段包括：\n\n- **ID**：唯一标识符。\n- **公司代码**：与证券主表关联，获取公司交易代码和简称。\n- **截止日期**和**信息发布日期**：记录数据的时间点。\n- **信息来源**和**信息类别编码**：描述信息的来源和类别。\n- **股东序号**、**股东ID**、**股东名称**：标识股东的基本信息。\n- **股东属性**和**股东性质编码**：描述股东的属性和性质。\n- **持股数**、**有限售股数**、**无限售股数**、**转融通借出股份的限售股数**：记录股东持有的股份数量及其性质。\n- **股本性质描述**：描述股本的性质。\n- **持股变动类型**、**持股数量增减**、**持股数量增减幅度**：记录持股变动情况。\n- **占总股本比例**、**占流通A股比例**、**占无限售股份比例**：记录持股比例。\n- **持有A股数量**、**有限售A股数**、**无限售A股数**、**持有H股数量**、**持有其他股数量**：记录不同类型股份的持有情况。\n- **持有A类普通股数量**、**有限售A类普通股数量**、**无限售A类普通股数量**、**持有B类普通股数量**、**有限售B类普通股数量**、**无限售B类普通股数量**、**持有C类普通股数量**、**持有D类普通股数量**、**持有其他类普通股数量**：记录普通股的持有情况。\n- **有投票权的优先股数量**、**表决权总数**、**表决权比例**、**特别表决权股份数量**：记录表决权相关信息。\n- **股权质押涉及股数**、**股权冻结涉及股数**、**股权质押冻结情况说明**：记录质押冻结情况。\n- **股东关联关系**、**与其他股东关联关系说明**、**与其他股东同属一致行动人说明**：记录股东之间的关联关系。\n- **更新时间**和**发布时间**：记录数据的更新时间和发布时间。\n- **JSID**和**系统字段**：系统相关字段，标识数据有效性。\n\n通过这些字段，表格详细记录了科创板A股发行人的主要股东信息及其持股情况，为分析股东结构和持股变动提供了全面的数据支持。,"CompanyCode,EndDate,InfoTypeCode,SHSN
",0,,,0,,"2024-06-12 11:26:23",,"2024-08-26 18:18:13",
301,JY,oracle,ODSJY,"301",现金流量表_新会计准则,DZ_CASHFLOWSTATEMENTALL,"1.内容说明：
1.1反映上市、发债、非上市非发债公司依据2007年新会计准则在年报、中报、季报中披露的现金流量表数据；并依据新旧会计准则的科目对应关系，收录了主要科目的历史对应数据。
1.2收录同一公司在报告期末的四种财务报告，即未调整的合并报表、未调整的母公司报表、调整后的合并报表以及调整后的母公司报表。
1.3若某个报告期的数据有多次调整，则该表展示历次调整数据。
1.4该表中各财务科目的单位均为人民币元。
1.5带“##”的特殊项目为单个公司披露的非标准化的科目，对应的“特殊字段说明”字段将对其作出说明；带“##”的调整项目是为了让报表的各个小项借贷平衡而设置的，便于客户对报表的遗漏和差错进行判断。","表格DZ_CASHFLOWSTATEMENTALL-现金流量表_新会计准则: 表格“DZ_CASHFLOWSTATEMENTALL”是一个基于2007年新会计准则的现金流量表，主要用于反映上市、发债、非上市非发债公司在年报、中报、季报中披露的现金流量数据。该表格收录了同一公司在报告期末的四种财务报告（未调整的合并报表、未调整的母公司报表、调整后的合并报表以及调整后的母公司报表），并展示了历次调整数据。所有财务科目的单位均为人民币元。\n\n表格中的字段包括：\n\n1. 基本信息字段：ID、信息发布日期、信息来源、信息来源编码、公告类别、公司代码、截止日期、是否合并、是否调整、完整标志、会计准则、报表格式类型。\n2. 经营活动产生的现金流量：销售商品、提供劳务收到的现金，客户存款和同业存放款项净增加额，向中央银行借款净增加额，向其他金融机构拆入资金净增加额，客户贷款及垫款净减少额，存放中央银行和同业款项净减少额，收到原保险合同保费取得的现金，收到再保业务现金净额，保户储金及投资款净增加额，拆入资金净增加额，拆出资金净减少额，返售业务资金净减少额(经营)，回购业务资金净增加额，代理买卖证券收到的现金净额，代理承销证券收到的现金净额，处置交易性金融资产净增加额，为交易目的而持有的金融资产净减少额，为交易目的而持有的金融负债净增加额，收取利息、手续费及佣金的现金，收到的税费返还，收回已核销贷款，融出资金净减少额，收到其他与经营活动有关的现金，##经营活动现金流入特殊项目，##经营活动现金流入调整项目，经营活动现金流入小计，购买商品、接受劳务支付的现金，客户存款和同业存放款项净减少额，向中央银行借款净减少额，向其他金融机构拆入资金净减少额，客户贷款及垫款净增加额，存放中央银行和同业款项净增加额，支付原保险合同赔付款项的现金，支付保单红利的现金，支付再保业务现金净额，保户储金及投资款净减少额，拆入资金净减少额，拆出资金净增加额，返售业务资金净增加额(经营)，回购业务资金净减少额，代理买卖证券支付的现金净额，代理承销证券支付的现金净额，处置交易性金融资产净减少额，为交易目的而持有的金融资产净增加额，为交易目的而持有的金融负债净减少额，支付利息、手续费及佣金的现金，支付给职工以及为职工支付的现金，支付的各项税费，以现金支付的业务及管理费，融出资金净增加额，支付其他与经营活动有关的现金，##经营活动现金流出特殊项目，##经营活动现金流出调整项目，经营活动现金流出小计，##经营活动现金流量净额调整项目，经营活动产生的现金流量净额。\n3. 投资活动产生的现金流量：收回投资收到的现金，取得投资收益收到的现金，处置固定资产、无形资产和其他长期资产收回的现金净额，处置子公司及其他营业单位收到的现金净额，收到其他与投资活动有关的现金，##投资活动现金流入特殊项目，##投资活动现金流入调整项目，投资活动现金流入小计，购建固定资产、无形资产和其他长期资产支付的现金，投资支付的现金，质押贷款净增加额，取得子公司及其他营业单位支付的现金净额，返售业务资金净增加额(投资)，支付其他与投资活动有关的现金，##投资活动现金流出特殊项目，##投资活动现金流出调整项目，投资活动现金流出小计，##投资活动现金流量净额调整项目，投资活动产生的现金流量净额。\n4. 筹资活动产生的现金流量：吸收投资收到的现金，其中:子公司吸收少数股东投资收到的现金，取得借款收到的现金，发行债券收到的现金，发行其他权益工具收到的现金，回购业务资金净增加额(筹资)，收到其他与筹资活动有关的现金，##筹资活动现金流入特殊项目，##筹资活动现金流入调整项目，筹资活动现金流入小计，偿还债务支付的现金，分配股利、利润或偿付利息支付的现金，其中:子公司支付给少数股东的股利、利润或偿付的利息，回购业务资金净减少额(筹资)，支付其他与筹资活动有关的现金，##筹资活动现金流出特殊项目，##筹资活动现金流出调整项目，筹资活动现金流出小计，##筹资活动流量现金净额调整项目，筹资活动产生的现金流量净额。\n5. 现金及现金等价物：汇率变动对现金及现金等价物的影响，##影响现金及现金等价物的其他科目，##影响现金及现金等价物的调整项目，现金及现金等价物净增加额，加:期初现金及现金等价物余额，##现金及现金等价物净增加额的特殊项目，##现金及现金等价物净增加额的调整项目，期末现金及现金等价物余额。\n6. 将净利润调节为经营活动现金流量：净利润，其中:归属于母公司所有者的净利润，其中:少数股东损益，加:资产减值准备，固定资产折旧，其中:生产性生物资产折旧，投资性房地产折旧/摊销，使用权资产摊销/折旧，无形资产摊销，长期待摊费用摊销，待摊费用减少(减:增加)，预提费用增加(减:减少)，处置固定资产、无形资产和其他长期资产的损失，固定资产报废损失，公允价值变动损失，财务费用，利息收入，其中:租赁负债利息支出，其中:发行债券利息支出，汇兑损失(收益以""-""号填列)，利息支出，投资损失，受限资金的增加，专项储备增加，信用减值损失，递延收益摊销，预计负债的增加(减:减少)，递延税款贷项(减:借项)，递延所得税资产减少，递延所得税负债增加，存货的减少，股份支付费用，交易性金融资产的减少，可供出售金融资产的减少，贷款的减少，经营性应收项目的减少，经营性应付项目的增加，其他，##(附注)经营活动现金流量净额特殊项目，##(附注)经营活动现金流量净额调整项目，(附注)经营活动产生的现金流量净额，##加:经营流量净额前后对比调整项目。\n7. 不涉及现金收支的投资和筹资活动：债务转为资本，一年内到期的可转换公司债券，融资租入固定资产。\n8. 现金及现金等价物净变动情况：现金的期末余额，减:现金的期初余额，加:现金等价物的期末余额，减:现金等价物的期初余额，##(附注)现金特殊项目，##(附注)现金调整项目，(附注)现金及现金等价物净增加额，##加:现金净额前后对比调整项目。\n9. 特殊字段模块：特殊字段说明。\n10. 系统字段：发布时间、更新日期、JSID、系统字段（1数据有效，0无效）。\n\n该表格详细记录了公司在不同报告期内的现金流量信息，涵盖了经营活动、投资活动、筹资活动及现金及现金等价物的变动情况，并提供了相关的调整和特殊项目说明。","InfoPublDate,CompanyCode,EndDate,IfAdjusted,IfMerged",0,,,1,,"2024-06-12 11:26:23",,"2024-08-03 16:41:44",
302,JY,oracle,ODSJY,"302",行业类别表,CT_IndustryType,本表收录不同行业分类标准下，各行业的行业代码、行业名称、行业级别等,,"Standard,IndustryNum,EffectiveDate",0,,,1,,"2024-06-12 11:26:23",,"2024-07-24 11:13:34",
303,JY,oracle,ODSJY,"303",股票行情表现,QT_PERFORMANCE,"1.收录股票从最近一个交易日往前追溯一段时期的行情表现信息，包括近1周、1周以来、近1月、1月以来、近3月、近半年、近1年、今年以来、上市以来的表现情况，以及β、α、波动率、夏普比率等风险指标。
计算方法：1)区间成交金额＝∑区间每个交易日成交金额 2)区间成交量＝∑区间每个交易日成交量 3)区间涨跌幅＝(区间内最新复权收盘价/区间首日复权昨收盘－1)*100 4)区间振幅＝(区间最高复权价－区间最低复权家价)/区间首日复权昨收盘*100 5)区间换手率＝区间内成交量之和/区间内最新未限售流通股*100 6) 区间成交均价＝区间成交金额之和/区间成交量之和 7) 区间日均成交金额＝区间成交金额之和/区间交易日天数 8) 区间日均换手率＝区间每日换手率之和/区间交易日天数
2.数据范围：股票上市起-至今
3.信息来源：基于沪深京交易所行情数据衍生计算","表格QT_PERFORMANCE-股票行情表现: 表格“QT_PERFORMANCE”主要用于记录和分析股票的行情表现。该表格涵盖了从最近一个交易日往前追溯不同时间段（如近1周、近1月、近3月、近半年、近1年、今年以来、上市以来等）的股票表现信息。具体字段包括：\n\n- **基本信息**：ID、证券内部编码、交易日、更新时间、JSID。\n- **日表现**：昨收盘、今开盘、最高价、最低价、收盘价、成交量、成交金额、涨跌幅、振幅、换手率、换手率_自由流通股本、均价。\n- **近一周表现**：周成交金额、周成交量、周涨跌幅、周振幅、周换手率、周换手率_自由流通股本、周成交均价、周最高价、周最低价、周收盘最高价、周收盘最低价、周日均成交金额、周日均换手率、周日均换手率_自由流通股本。\n- **本周以来表现**：本周以来成交金额、本周以来成交量、本周以来涨跌幅、本周以来振幅、本周以来换手率、本周以来换手率_自由流通股本、本周以来成交均价、本周以来最高价、本周以来最低价、本周以来收盘最高价、本周以来收盘最低价、本周以来日均成交金额、本周以来日均换手率、本周以来日均换手率_自由流通股本。\n- **近一月表现**：月成交金额、月成交量、月涨跌幅、月振幅、月换手率、月换手率_自由流通股本、月成交均价、月最高价、月最低价、月收盘最高价、月收盘最低价、月日均成交金额、月日均换手率、月日均换手率_自由流通股本。\n- **本月以来表现**：本月以来成交金额、本月以来成交量、本月以来涨跌幅、本月以来振幅、本月以来换手率、本月以来换手率_自由流通股本、本月以来成交均价、本月以来最高价、本月以来最低价、本月以来收盘最高价、本月以来收盘最低价、本月以来日均成交金额、本月以来日均换手率、本月以来日均换手率_自由流通股本。\n- **近三个月表现**：三个月成交金额、三个月成交量、三个月涨跌幅、三个月振幅、三个月换手率、三个月换手率_自由流通股本。\n- **近半年表现**：六个月成交金额、六个月成交量、六个月涨跌幅、六个月振幅、六个月换手率、六个月换手率_自由流通股本。\n- **近一年表现**：十二个月成交金额、十二个月成交量、十二个月涨跌幅、十二个月振幅、十二个月换手率、十二个月换手率_自由流通股本、十二个月成交均价、十二个月最高价、十二个月最低价、十二个月收盘最高价、十二个月收盘最低价、十二个月日均成交金额、十二个月日均换手率、十二个月日均换手率_自由流通股本。\n- **今年以来表现**：今年以来成交金额、今年以来成交量、今年以来涨跌幅、今年以来振幅、今年以来换手率、今年以来换手率_自由流通股本、今年以来成交均价、今年以来最高价、今年以来最低价、今年以来收盘最高价、今年以来收盘最低价、今年以来日均成交金额、今年以来日均换手率、今年以来日均换手率_自由流通股本。\n- **上市以来表现**：上市以来后复权最高价、上市以来后复权最高价时间。\n- **Beta值**：Beta值(相对沪深300,一年)、Beta值(相对综合指数,一年)、Beta值(相对申万行业,一年)、Beta值(两年,周步长)、调整Beta值(两年,周步长)。\n- **Alpha值**：Alpha(相对沪深300,一年)、Alpha(相对综合指数,一年)、Alpha(相对申万行业,一年)。\n- **其他指标**：波动率(一年)、夏普比率(一年)、市场收益率(算术平均)、市场收益率(几何平均)、总市值、流通市值。\n\n这些字段通过对沪深京交易所的行情数据进行衍生计算，提供了股票在不同时间段内的表现和风险指标，帮助投资者进行全面的分析和决策。","InnerCode,TradingDay",0,,,1,,"2024-06-12 11:26:23",,"2024-08-03 16:44:24",
306,JY,oracle,ODSJY,"304",港股行情指标表,QT_HKDailyQuoteIndex,"1.记录随港股行情变动的重要指标，包含的字段有：最小变动价格、港股股数、非港股股数、市盈率、动态市盈率、滚动市盈率、市销率、市净率、市现率、股息率（报告期）、股息率（近12个月）。",表格QT_HKDailyQuoteIndex-港股行情指标表: 表格“QT_HKDailyQuoteIndex”是一个港股行情指标表，记录了随港股行情变动的重要指标。该表包含多个字段，主要包括系统字段（数据有效性）、ID、证券内码、交易日、收盘价、最小变动价格、成交股数、成交额、一年波动率、港股股数、港股限售股股数、港股市值、港股流通市值、非港股股数、A股股数、B股股数、换手率、市盈率、动态市盈率、滚动市盈率、市销率、滚动市销率、市净率、市现率、滚动市现率、股息率（报告期）、股息率（近12个月）、发布时间、更新时间和JSID。这些字段共同提供了港股市场的详细行情数据和财务指标，有助于投资者和分析师进行市场分析和决策。,"InnerCode,TradingDay",0,,,1,,"2024-06-06 17:34:03",,"2024-08-04 10:01:50",
307,JY,oracle,ODSJY,"305",公司估值分析日指标_新会计准则,DZ_DINDICESFORVALUATION,"1.内容说明：
1.1收录市盈率、市净率、市销率等估值指标。
1.2每个交易日更新。
2.数据范围：1990-12-19至今
3.信息来源：发行上市书、定期报告等",表格DZ_DINDICESFORVALUATION-公司估值分析日指标_新会计准则: 表格“DZ_DINDICESFORVALUATION”（公司估值分析日指标_新会计准则）主要用于记录和分析公司在不同交易日的估值指标。该表格的数据来源包括发行上市书和定期报告，数据范围从1990年12月19日至今，每个交易日更新。表格中的字段涵盖了多种估值指标，包括：\n\n1. **系统字段**：如HISVALID（数据有效性）和ID（唯一标识）。\n2. **证券信息**：如InnerCode（证券内部编码）和TradingDay（交易日）。\n3. **市值相关指标**：包括总市值（TotalMV）、公司总市值（TotalMV2）、A/B股总市值（TotalASMV）、A/B股流通市值（NegotiableMV）等。\n4. **市盈率**：包括静态市盈率（PELYR）、滚动市盈率（PE）、扣非后滚动市盈率（PETTMCut）、动态市盈率_季度外推（ForwardPEQA）、动态市盈率_历史占比（ForwardPEHR）等。\n5. **PEG**：即市盈率相对盈利增长比率。\n6. **市净率**：包括市净率MRQ（PB）、市净率LF（PBLF）。\n7. **市现率**：包括静态市现率(经营现金流)（PCF）、滚动市现率(经营现金流)（PCFTTM）、动态市现率(经营现金流)_季度外推（ForwardPCFQA）、动态市现率(经营现金流)_历史占比（ForwardPCFHR）、静态市现率(现金流净额)（PCFS）、滚动市现率(现金流净额)（PCFSTTM）、动态市现率(现金流净额)_季度外推（ForwardPCFSQA）、动态市现率(现金流净额)_历史占比（ForwardPCFSHR）。\n8. **市销率**：包括静态市销率（PS）、滚动市销率（PSTTM）、动态市销率_季度外推（ForwardPSQA）、动态市销率_历史占比（ForwardPSHR）。\n9. **股息率**：包括静态股息率（DividendRatioLYR）、静态股息率(报告期)（DividendRatioLYR2）、滚动股息率（DividendRatio）、滚动股息率(报告期)（DividendRatio2）。\n10. **企业价值**：包括企业价值(含货币资金)（EnterpriseValueW）、企业价值(剔除货币资金)（EnterpriseValueN）、企业价值倍数(剔除货币资金)（EVToEBITDA）、企业价值(剔除货币资金)/营业收入（EVToOR）、企业价值(剔除货币资金)/企业自由现金流（EVToFCFF）、企业价值(剔除货币资金)/经营现金流（EVToCFO）、企业价值(剔除货币资金)/毛利（EVToGP）、企业价值(剔除货币资金)/(EBITDA+研发费用)（EVToEBITDARANDD）。\n11. **其他估值指标**：包括总市值/研发支出前利润（PER）、总市值/研发费用（TotalMVToRANDD）、总市值/总负债（MarketValueToDebt1）、公司总市值/总负债（MarketValueToDebt2）、总负债/总资产市值（DebtToAssetValue1）、总负债/公司总资产市值（DebtToAssetValue2）、市场附加价值(MVA)（MVA）、流通盘市场附加价值（FloatMVA）。\n12. **时间戳**：包括发布时间（InsertTime）和更新时间（UpdateTime）。\n13. **其他字段**：如JSID（JSID）。\n\n这些字段共同构成了一个全面的公司估值分析体系，帮助用户在不同交易日对公司的市场表现和财务健康状况进行评估。,"InnerCode,TradingDay",0,,,1,,"2024-06-06 17:34:03",,"2024-08-03 16:08:14",
308,JY,oracle,ODSJY,"306",公募基金概况,MF_FundArchives,"1.本表记录了基金基本情况，包括基金规模、成立日期、投资类型、管理人、托管人、存续期、历史简介等。
2.历史数据：1998年3月起-至今。
3.信息来源：基金公司官网披露的产品说明书。",表格MF_FundArchives-公募基金概况: 表格“MF_FundArchives”记录了公募基金的基本情况，涵盖了基金的规模、成立日期、投资类型、管理人、托管人、存续期、历史简介等信息。该表格的数据来源于基金公司官网披露的产品说明书，历史数据从1998年3月起至今。表格中的字段包括基金的内部编码、转型统一编码、前端和后端申购代码、基金代码、证券代码、基金主代码、场内申购赎回场所及代码、基金运作方式、基金性质、是否指数型、基金投资风格、基金类别及代码、投资方向、投资目标、投资范围、业绩比较基准、风险收益特征、收益分配原则、场内外收益分配方式、基金简介、发售方式、基金设立规模、设立日期、转型前设立日期、上市日期、存续年限、存续期起始日和截止日、最后运作日、清算起始日和截止日、保本期、货币基金结转日及说明、收益分配方式、A份额约定年基准收益率表达式及备注、份额属性、定期和不定期份额折算说明、基金经理、基金管理人、基金托管人、保本担保机构、注册登记机构、最低认购申购金额描述、最低认购金额下限、最低申购金额下限、最低赎回份额及描述、最低持有份额及描述、巨额赎回认定比例、申赎确认日、赎回款到账天数、转托管市场、是否发起式基金、是否养老目标基金、是否FOF、发布时间、更新时间和JSID。,InnerCode,0,,,1,,"2024-06-06 17:33:46",,"2024-08-03 17:55:37",
310,JY,oracle,ODSJY,"307",公募基金重仓股票组合,MF_KeyStockPortfolio,"1.本表记录基金季报公布重仓股票组合信息，主要包括前十大持有股票的股票代码、数量、市值、占净资产的比例等数据。
2.历史数据：1998年6月起-至今。
3.数据来源：基金公司披露的定期报告和上市交易公告书。",表格MF_KeyStockPortfolio-公募基金重仓股票组合: 表格“MF_KeyStockPortfolio”记录了公募基金季报中公布的重仓股票组合信息，涵盖了从1998年6月起至今的历史数据，数据来源于基金公司披露的定期报告和上市交易公告书。该表格包含多个字段，包括基金内部编码、基金转型统一编码、信息发布日期、信息来源、报告期、序号、股票内部代码、持股数量、较上期持仓量变动、市值、占资产净值比例、投资类型、插入时间、更新时间和JSID等。通过这些字段，用户可以了解基金前十大持有股票的详细信息，如股票代码、数量、市值及其占基金净资产的比例等，从而分析基金的投资组合和策略。,"InnerCode,ReportDate,SerialNumber,InvestType",,,,1,,"2024-06-06 17:33:46",,"2024-08-03 17:54:38",
311,JY,oracle,ODSJY,"308",日行情表,DZ_DAILYQUOTE,"说明:   
1.内容说明：收录股票、债券（不包含银行间交易的债券）、基金、指数每个交易日收盘行情数据，包括昨收盘、今开盘、最高价、最低价、收盘价、成交量、成交金额、成交笔数等行情指标。
2.数据范围：证券上市起-至今
3.信息来源：上交所/深交所/北交所每日行情收盘文件
error_outline 1、上交所、深交所标的数据不包含大宗交易，北交所标的数据包含大宗交易。 2、CDR类别的单位“份”，股票类别的单位“股”
表数据更新频率： 日更新",表格DZ_DAILYQUOTE-日行情表: 日行情表（DZ_DAILYQUOTE）记录了股票、债券（不包含银行间交易的债券）、基金和指数每个交易日的收盘行情数据。该表格的数据来源于上交所、深交所和北交所的每日行情收盘文件，数据范围涵盖证券上市起至今，并且每日更新。表格中的主要字段包括：证券内部编码、交易日、昨收盘、今开盘、最高价、最低价、收盘价、成交量、成交金额和成交笔数。此外，还有发布时间字段。需要注意的是，上交所和深交所的数据不包含大宗交易，而北交所的数据包含大宗交易。CDR类别的单位为“份”，股票类别的单位为“股”。,"InnerCode,TradingDay",0,,,1,,"2024-06-06 17:33:46",,"2024-08-03 16:35:28",
312,JY,oracle,ODSJY,"309",公募基金股票组合明细,MF_StockPortfolioDetail,"说明:   
1.本表记录基金年报、半年报公布股票组合明细信息，包括股票的名称、代码、持有数量、持有市值、市值占基金净资产的比例等数据。
2.历史数据：1998年12月起-至今。
3.数据来源：基金公司披露的定期报告。
表数据更新频率： 半年更新",表格MF_StockPortfolioDetail-公募基金股票组合明细: 表格“MF_StockPortfolioDetail”记录了公募基金股票组合的详细信息，涵盖了基金年报和半年报中披露的股票组合明细。该表格包含以下字段：基金内部编码、基金转型统一编码、信息发布日期、报告期、投资类型、序号、股票内部代码、持股数量、较上期持仓量变动、市值以及占资产净值比例。数据从1998年12月起至今，来源于基金公司披露的定期报告，并且每半年更新一次。通过这些字段，用户可以了解基金持有的股票名称、代码、持有数量、市值及其在基金净资产中的比例等详细信息。,"InnerCode,ReportDate,InvestType,SerialNumber",0,,,1,,"2024-06-06 17:33:46",,"2024-08-04 10:32:23",
313,WIND,oracle,ODSWIND,"310",中国共同基金投资组合——资产配置,ChinaMutualFundAssetPortfolio,记录基金定期（季度）公布的投资于各种类型证券资产的组合情况,,"S_INFO_WINDCODE,F_PRT_ENDDATE",0,,,1,,"2024-06-06 17:33:46",,"2024-08-09 12:30:50",
314,WIND,oracle,ODSWIND,"311",中国共同基金基金经理,ChinaMutualFundManager,"记录基金对应的基金经理信息	
",,"F_INFO_WINDCODE,F_INFO_FUNDMANAGER,F_INFO_MANAGER_STARTDATE",0,,,1,,"2024-06-06 17:33:46",,"2024-08-09 12:30:50",
315,XT,MYSQL,FUND_INFO,"10001",基金经理基本信息表,FUND_MANAGER_INFO,收录基金经理的基本情况，包括：从业机构、性别、出生年份、最高学历、管理年限、管理基金数量、换手率、管理规模等,"表格FUND_MANAGER_INFO-基金经理基本信息表: 基金经理基本信息表（FUND_MANAGER_INFO）用于记录和管理基金经理的详细信息。该表格包含多个字段，涵盖了基金经理的基本情况和管理业绩。具体字段包括：

- **ID**：自增列，用于唯一标识每条记录。
- **基金经理内部代码**和**基金经理简称**：用于标识和简要描述基金经理。
- **从业机构代码**、**从业机构名称**和**从业机构全称**：记录基金经理所属的机构信息。
- **性别**、**出生年份**和**最高学历**：记录基金经理的个人基本信息。
- **管理年限**：表示基金经理的从业时间。
- **累计管理基金数量**、**最新管理基金数量**和**真实在管数量**：记录基金经理管理的基金数量及其分类方式。
- **最新换手率**：表示基金经理的投资操作频率。
- **资产净值（管理规模）**、**资产总值**、**股票投资合计资产市值（股票投资规模）**、**债券投资合计资产市值（债券投资规模）**和**货币市场工具资产市值（货币市场工具规模）**：记录基金经理管理的各类资产的市值和规模。
- **是否QA**、**是否人工修改**和**是否有效**：用于标识数据的质量和有效性。
- **数据插入时间**和**数据修改时间**：记录数据的创建和更新时间。
- **基金经理背景介绍**：提供基金经理的详细背景信息。

该表格通过详细记录基金经理的个人信息、从业机构、管理业绩和资产规模等，帮助用户全面了解基金经理的基本情况和管理能力。",PSN_HCODE,0,,,1,,"2024-08-07 16:36:28",,"2024-08-12 16:00:09",
316,XT,MYSQL,FUND_INFO,"10002",基金产品的股票持仓(季报),FUND_STOCK_CHANGE_Q,收录基金持有股票情况，表中为季报重仓信息，即每个季度末最后一天的数据，包括：持股数量、持股市值、占基金持有净资产比例、增减持标签等,"表格FUND_STOCK_CHANGE_Q-基金产品的股票持仓(季报): 表格“FUND_STOCK_CHANGE_Q”是用于记录基金股票持仓情况的季报数据。该表格收录了每个季度末基金产品持有股票的详细信息，包括持股数量、持股市值、占基金持有净资产比例以及增减持标签等。具体字段包括：

- **ID**: 自增列，用于唯一标识每条记录。
- **基金内部代码、基金代码、基金简称**: 用于标识和描述基金的基本信息。
- **报告期**: 记录数据对应的季度末日期。
- **证券内部代码、证券代码、证券简称**: 用于标识和描述基金持有的股票。
- **持股数量、持股数量变化、持股数量变化比例**: 记录基金持有的股票数量及其变化情况。
- **持股市值、持股市值变动、持股市值变动比例**: 记录基金持有股票的市值及其变化情况。
- **占基金持有净资产比例、占基金持有净资产比例变化**: 记录股票持仓占基金净资产的比例及其变化情况。
- **标签、详细标签**: 标识持股变化情况，包括增持、减持、不变等详细信息。
- **是否QA、是否人工修改、是否有效**: 标识数据的质量控制和有效性。
- **数据插入时间、数据修改时间**: 记录数据的插入和修改时间。

该表格的主要用途是帮助投资者和基金管理者了解基金在每个季度末的股票持仓情况及其变化，为投资决策提供参考。","FUND_HCODE,REPORT_DATE,SEC_HCODE",0,,,1,,"2024-08-07 16:36:28",,"2024-08-16 17:20:41",
317,XT,MYSQL,FUND_INFO,"10003",基金产品的股票持仓(半年报、年报),FUND_STOCK_CHANGE_HY,收录基金持有股票情况，表中为半年报、年报全持仓信息，即每个半年末最后一天的数据，包括：持股数量、持股市值、占基金持有净资产比例、增减持标签等,"表格FUND_STOCK_CHANGE_HY-基金产品的股票持仓(半年报、年报): 表格“FUND_STOCK_CHANGE_HY”用于记录基金在半年报和年报中的股票持仓情况，详细展示了基金产品持有的股票信息及其变化。该表格包含以下字段：

1. **ID**：自增列，用于唯一标识每条记录。
2. **基金内部代码**和**基金代码**：分别记录基金的内部代码和公开代码。
3. **基金简称**：基金的简要名称。
4. **报告期**：数据对应的报告日期。
5. **证券内部代码**和**证券代码**：分别记录证券的内部代码和公开代码。
6. **证券简称**：证券的简要名称。
7. **持股数量**及其变化和变化比例：记录基金持有的股票数量、数量变化及其同比变化比例。
8. **持股市值**及其变动和变动比例：记录基金持有股票的市值、市值变动及其同比变动比例。
9. **占基金持有净资产比例**及其变化：记录股票持仓占基金净资产的比例及其同比变化。
10. **标签**和**详细标签**：标识持股变化情况，包括增持、减持、不变等详细分类。
11. **是否QA**、**是否人工修改**和**是否有效**：标识数据是否经过质量保证、是否被人工修改以及数据是否有效。
12. **数据插入时间**和**数据修改时间**：记录数据的插入和最后修改时间。

该表格通过详细记录基金持有股票的数量、市值及其变化情况，帮助用户分析基金的投资动向和持仓变化。","FUND_HCODE,REPORT_DATE,SEC_HCODE",0,,,1,,"2024-08-07 16:36:29",,"2024-08-16 17:20:41",
318,XT,MYSQL,FUND_INFO,"10004",基金经理行业和题材持仓_季报,FUND_MANAGER_INDUSTRY_HOLDING_MV_Q,收录基金经理持有行业、题材的情况，表中为季报重仓信息，即每个季度末最后一天的数据，包括：持股市值、持仓占比、超配低配等信息,"表格FUND_MANAGER_INDUSTRY_HOLDING_MV_Q-基金经理行业和题材持仓_季报: 表格“基金经理行业和题材持仓_季报”（FUND_MANAGER_INDUSTRY_HOLDING_MV_Q）主要用于记录和分析基金经理在每个季度末持有的行业和题材的详细情况。该表格包含了基金经理的基本信息、持仓情况、持仓变动以及相关的排名和比例等数据。

具体字段包括：

1. **ID**：自增列，用于唯一标识每条记录。
2. **基金经理信息**：包括基金经理内部代码（PSN_HCODE）和基金经理简称（PSN_NAME）。
3. **标签信息**：包括标签类型（LABEL_TYPE，表示行业、题材或细分题材）、标签代码（LABEL_CODE）、标签名称（LABEL_NAME）、标签对应指数标准代码（INDEX_HCODE）和标签对应指数代码（INDEX_CODE）。
4. **报告期**：记录数据的报告期（REPORT_DATE）。
5. **持仓数据**：包括持股市值（MARKET_VALUE）、持股市值变动（MARKET_VALUE_CHANGE）、持股市值变动比例（MARKET_VALUE_CHANGE_RATIO）。
6. **持仓比例**：包括占基金经理持有净资产比例（RATIO_IN_NV）、占基金经理持有净资产比例排名（RATIO_IN_NV_RANK）、超配低配状态（RATIO_IN_NV_TYPE，表示超配、低配或不变）以及占基金经理持有净资产比例排名变动（RATIO_IN_NV_RANK_CHANGE）。
7. **备注信息**：包括备注（REMARK）、是否QA（HISQA）、是否人工修改（HISMAN）、是否有效（HISVALID）。
8. **时间戳**：包括数据插入时间（HCREATETIME）和数据修改时间（HUPDATETIME）。

该表格通过详细记录基金经理在各个行业和题材上的持仓情况及其变动，为投资分析和决策提供了重要的数据支持。","PSN_HCODE,LABEL_TYPE,LABEL_CODE,REPORT_DATE",0,,,1,,"2024-08-07 16:36:30",,"2024-08-12 16:00:09",
319,XT,MYSQL,FUND_INFO,"10005",基金经理行业和题材持仓(半年报、年报),FUND_MANAGER_INDUSTRY_HOLDING_MV_HY,收录基金经理持有行业、题材的情况，表中为半年报、年报全持仓信息，即每个半年末最后一天的数据，包括：持股市值、持仓占比、超配低配等信息,"表格FUND_MANAGER_INDUSTRY_HOLDING_MV_HY-基金经理行业和题材持仓(半年报、年报): 表格“基金经理行业和题材持仓(半年报、年报)”（英文名：FUND_MANAGER_INDUSTRY_HOLDING_MV_HY）主要用于记录和分析基金经理在半年报和年报中的持仓情况。该表格包含基金经理持有的行业和题材的详细信息，数据来源于每个半年末最后一天的持仓数据。表格中的字段涵盖了基金经理的基本信息、持仓标签、持仓市值及其变动、持仓占比及其排名、超配低配情况、数据有效性和修改记录等。

具体字段包括：

1. **ID**：自增列，用于唯一标识每条记录。
2. **基金经理信息**：包括基金经理内部代码（PSN_HCODE）、基金经理简称（PSN_NAME）。
3. **标签信息**：包括标签类型（LABEL_TYPE，表示行业、题材或细分题材）、标签代码（LABEL_CODE）、标签名称（LABEL_NAME）、标签对应指数标准代码（INDEX_HCODE）和标签对应指数代码（INDEX_CODE）。
4. **报告期**：记录数据的报告期（REPORT_DATE）。
5. **持仓市值信息**：包括持股市值（MARKET_VALUE）、持股市值变动（MARKET_VALUE_CHANGE）及其变动比例（MARKET_VALUE_CHANGE_RATIO）。
6. **持仓占比信息**：包括占基金经理持有净资产比例（RATIO_IN_NV）、占比排名（RATIO_IN_NV_RANK）、超配低配情况（RATIO_IN_NV_TYPE，表示超配、低配或不变）及其排名变动（RATIO_IN_NV_RANK_CHANGE）。
7. **备注**：用于记录其他相关信息（REMARK）。
8. **数据有效性和修改记录**：包括是否QA（HISQA）、是否人工修改（HISMAN）、是否有效（HISVALID）、数据插入时间（HCREATETIME）和数据修改时间（HUPDATETIME）。

通过这些字段，用户可以全面了解基金经理在不同报告期内的持仓情况及其变化，为投资决策和风险管理提供重要参考。","PSN_HCODE,LABEL_TYPE,LABEL_CODE,REPORT_DATE",0,,,1,,"2024-08-07 16:36:30",,"2024-08-12 16:00:09",
320,XT,MYSQL,FUND_INFO,"10006",基金产品和基金公司的对应关系,FUND_AND_COMPANY_MAPPING,记录基金所属基金公司,"表格FUND_AND_COMPANY_MAPPING-基金产品和基金公司的对应关系: 表格“FUND_AND_COMPANY_MAPPING”用于记录基金与基金公司之间的对应关系。该表格包含多个字段，每个字段都有特定的用途和数据类型。字段包括：

1. **ID**：自增列，用于唯一标识每条记录。
2. **基金公司信息**：包括基金公司内部代码（COMPANY_CODE）、基金公司全称（COMPANY_NAME）和基金公司简称（COMPANY_ABBR）。
3. **基金信息**：包括基金内部代码（FUND_HCODE）、基金代码（FUND_SYMBOL）和基金简称（FUND_NAME）。
4. **日期信息**：包括开始日期（BEGIN_DATE）和截止日期（END_DATE），其中截止日期为null时，默认为""2099-01-01""。
5. **备注信息**：包括备注（REMARK）。
6. **历史信息**：包括是否QA（HISQA）、是否人工修改（HISMAN）和是否有效（HISVALID）。
7. **时间戳信息**：包括数据插入时间（HCREATETIME）和数据修改时间（HUPDATETIME）。

该表格的主要用途是记录每个基金所属的基金公司，便于管理和查询基金与基金公司之间的关系。","COMPANY_CODE,FUND_HCODE,BEGIN_DATE",0,,,1,,"2024-08-07 16:36:31",,"2024-08-16 17:20:42",
321,XT,MYSQL,FUND_INFO,"10007",基金产品和基金经理的对应关系,FUND_AND_MANAGER_MAPPING,记录基金由哪个基金经理管理,"表格FUND_AND_MANAGER_MAPPING-基金产品和基金经理的对应关系: 表格“FUND_AND_MANAGER_MAPPING”用于记录基金与基金经理之间的对应关系。该表格包含以下字段：

1. **ID**：自增列，用于唯一标识每条记录。
2. **基金经理信息**：包括基金经理内部代码（PSN_HCODE）、基金经理简称（PSN_NAME）。
3. **基金信息**：包括基金内部代码（FUND_HCODE）、基金代码（FUND_SYMBOL）、基金简称（FUND_NAME）。
4. **管理期间**：包括开始日期（BEGIN_DATE）和结束日期（END_DATE），其中END_DATE为空时默认为""2099-01-01""。
5. **任职信息**：包括任职天数（DAYS_IN_OFFICE）和任职回报（RETURN_IN_OFFICE）。
6. **数据状态**：包括是否人工修改（HISMAN）、是否有效（HISVALID）、是否QA（HISQA）。
7. **时间戳**：包括数据插入时间（HCREATETIME）和数据修改时间（HUPDATETIME）。
8. **备注**：用于记录额外信息（REMARK）。

该表格的主要用途是跟踪和管理基金经理与其管理的基金之间的关系，记录基金经理的任职期间及其业绩表现。","PSN_HCODE,FUND_HCODE,BEGIN_DATE",0,,,1,,"2024-08-07 16:36:32",,"2024-08-16 17:20:42",
322,XT,MYSQL,FUND_INFO,"10008",基金产品对应的基金规模情况,FUND_ASSET_ALLOCATION,,"表格FUND_ASSET_ALLOCATION-基金产品对应的基金规模情况，记录基金产品净资产，权益资产，债券资产等规模: 表格“基金产品对应的基金规模情况”（FUND_ASSET_ALLOCATION）用于记录和分析季报中披露的基金产品净资产，权益资产，债券资产等规模。该表格包含多个字段，详细描述了基金的基本信息和资产分布情况。具体字段包括：

- **ID**：自增列，用于唯一标识每条记录。
- **基金内部代码**和**基金代码**：分别记录基金的内部标识和公开代码。
- **基金简称**：基金的简要名称。
- **信息发布日期**和**报告期**：记录信息发布的日期和报告期的时间点。
- **资产净值**和**资产总值**：分别表示基金的净资产值和总资产值。
- **股票投资合计资产市值**、**债券投资合计资产市值**、**货币市场工具资产市值**、**可转换债券(含可交换债)资产市值**：分别记录基金在不同投资类别中的资产市值。
- **是否QA**、**是否人工修改**、**是否有效**：用于标识数据是否经过质量保证、是否被人工修改以及数据是否有效。
- **数据插入时间**和**数据修改时间**：记录数据的插入和最后修改时间。

该表格通过详细记录基金的各类资产配置情况，帮助用户了解基金的投资结构和管理规模。","FUND_HCODE,REPORT_DATE",0,,,1,,"2024-08-07 16:36:33",,"2024-08-30 16:59:35",
323,XT,MYSQL,FUND_INFO,"10009",基金公司持有主动型基金规模情况,FUND_COMPANY_ASSET_ALLOCATION,,表格FUND_COMPANY_ASSET_ALLOCATION-基金公司持有主动型基金规模情况，记录披露的基金公司的净资产，权益资产，债券资产等规模。:表格“FUND_COMPANY_ASSET_ALLOCATION”用于记录基金公司持有的主动型基金规模情况。该表格包含多个字段，详细描述了基金公司的基本信息和资产配置情况。字段包括自增列ID、基金公司代码（COMPANY_CODE）、基金公司名称（COMPANY_NAME）及简称（COMPANY_ABBR）、报告日期（REPORT_DATE）。资产相关字段包括资产净值（NET_VALUE）、资产总值（TOTAL_ASSET）、股票投资市值（MV_OF_STOCK）、债券投资市值（MV_OF_BOND）、货币市场工具市值（MV_OF_MONEY）和可转换债券市值（MV_OF_CONVERTIBLE）。此外，还有一些辅助字段如是否QA（HISQA）、是否人工修改（HISMAN）、是否有效（HISVALID），以及数据插入时间（HCREATETIME）和数据修改时间（HUPDATETIME）。这些字段共同构成了基金公司持有主动型基金规模的全面记录。,"COMPANY_CODE,REPORT_DATE",0,,,1,,"2024-08-07 16:36:33",,"2024-08-30 17:00:09",
324,XT,MYSQL,FUND_INFO,"10010",基金公司持有行业市值具体情况(半年报、年报),FUND_COMPANY_INDUSTRY_HOLDING_MV_DETAIL_HY,,"表格FUND_COMPANY_INDUSTRY_HOLDING_MV_DETAIL_HY-基金公司持有行业市值具体情况(半年报、年报): 表格“基金公司持有行业市值具体情况(半年报、年报)”主要用于记录和分析基金公司在特定报告期内持有的各行业市值的详细情况。该表格包含多个字段，涵盖了基金公司、标签、持股市值及其变动、占净资产比例及其变化、数据有效性等信息。

具体字段包括：自增列（ID）、基金公司内部代码（COMPANY_CODE）、基金公司名称（COMPANY_NAME）、基金公司简称（COMPANY_ABBR）、标签类型（LABEL_TYPE）、标签代码（LABEL_CODE）、标签名称（LABEL_NAME）、标签对应指数标准代码（INDEX_HCODE）、标签对应指数代码（INDEX_CODE）、报告期（REPORT_DATE）、持股市值（MARKET_VALUE）、持股市值变动（MARKET_VALUE_CHANGE）、持股市值变动比例（MARKET_VALUE_CHANGE_RATIO）、占基金公司持有净资产比例（RATIO_IN_NV）、占基金公司持有净资产比例变化（RATIO_IN_NV_CHANGE）、备注（REMARK）、是否QA（HISQA）、是否人工修改（HISMAN）、是否有效（HISVALID）、数据插入时间（HCREATETIME）和数据修改时间（HUPDATETIME）。

通过这些字段，用户可以详细了解基金公司在不同标签（如行业、题材、细分题材）下的持股市值及其变化情况，以及这些持股市值在基金公司净资产中的占比及其变化情况，从而为投资决策和市场分析提供数据支持。","COMPANY_CODE,LABEL_TYPE,LABEL_CODE,REPORT_DATE",0,,,1,,"2024-08-07 16:36:34",,"2024-08-12 16:00:09",
325,XT,MYSQL,FUND_INFO,"10011",基金公司持有行业市值具体情况(季报),FUND_COMPANY_INDUSTRY_HOLDING_MV_DETAIL_Q,,"表格FUND_COMPANY_INDUSTRY_HOLDING_MV_DETAIL_Q-基金公司持有行业市值具体情况(季报): 表格“基金公司持有行业市值具体情况(季报)”（英文名：FUND_COMPANY_INDUSTRY_HOLDING_MV_DETAIL_Q）用于记录和分析基金公司在不同报告期内持有的各行业市值及其变动情况。表格中的字段包括：

1. **ID**：自增列，用于唯一标识每条记录。
2. **基金公司信息**：包括基金公司内部代码（COMPANY_CODE）、基金公司名称（COMPANY_NAME）和基金公司简称（COMPANY_ABBR）。
3. **标签信息**：包括标签类型（LABEL_TYPE，代表行业、题材或细分题材）、标签代码（LABEL_CODE）、标签名称（LABEL_NAME）、标签对应指数标准代码（INDEX_HCODE）和标签对应指数代码（INDEX_CODE）。
4. **报告期**：记录数据的报告期（REPORT_DATE）。
5. **持股市值信息**：包括持股市值（MARKET_VALUE）、持股市值变动（MARKET_VALUE_CHANGE）及其变动比例（MARKET_VALUE_CHANGE_RATIO）。
6. **净资产比例信息**：包括占基金公司持有净资产比例（RATIO_IN_NV）及其变化（RATIO_IN_NV_CHANGE）。
7. **备注**：用于记录额外信息（REMARK）。
8. **历史记录**：包括是否QA（HISQA）、是否人工修改（HISMAN）和是否有效（HISVALID）。
9. **时间戳**：包括数据插入时间（HCREATETIME）和数据修改时间（HUPDATETIME）。

该表格通过详细记录基金公司在各行业的持股市值及其变化情况，帮助分析基金公司投资策略和市场表现。","COMPANY_CODE,LABEL_TYPE,LABEL_CODE,REPORT_DATE",0,,,1,,"2024-08-07 16:36:34",,"2024-08-12 16:00:39",
326,XT,MYSQL,FUND_INFO,"10012",基金产品最新报告期,FUND_FRONT_CONTROL,记录最新报告期，所有涉及基金持仓、基金经理持仓、基金公司持仓的表，没有相关日期说明，默认取最新报告期的值，从FUND_FRONT_CONTROL获取。,"表格FUND_FRONT_CONTROL-基金产品最新报告期: 表格“FUND_FRONT_CONTROL”用于记录基金的最新报告期信息，主要应用于涉及基金持仓、基金经理持仓和基金公司持仓的相关表格中。当这些表格没有相关日期说明时，默认取最新报告期的值，从该表格中获取。表格包含以下字段：

1. **ID**：自增列，用于唯一标识每条记录。
2. **报告期**：记录基金的报告日期。
3. **报告期类型**：标识报告期的类型，1代表季报，2代表半年报或年报。根据报告期类型，持仓相关表的结尾会有所不同（Q或HY）。
4. **是否QA**：标识该记录是否经过质量保证检查。
5. **是否人工修改**：标识该记录是否经过人工修改。
6. **是否有效**：标识该记录是否有效。
7. **数据插入时间**：记录数据插入的时间戳。
8. **数据修改时间**：记录数据最后修改的时间戳。

通过这些字段，表格能够详细记录和管理基金的最新报告期信息，确保相关持仓数据的准确性和时效性。",REPORT_DATE,0,,,1,,"2024-08-07 16:36:35",,"2024-08-16 17:20:42",
327,XT,MYSQL,FUND_INFO,"10013",基金产品对应的行业和题材持仓变化情况(半年报、年报),FUND_INDUSTRY_CHANGE_HY,,"表格FUND_INDUSTRY_CHANGE_HY-基金产品对应的行业和题材持仓变化情况(半年报、年报): 表格“FUND_INDUSTRY_CHANGE_HY”用于记录基金在半年报和年报中的行业和题材持仓变化情况。该表格包含多个字段，详细记录了基金的持仓信息及其变化。具体字段包括：

- **ID**：自增列，用于唯一标识每条记录。
- **基金内部代码、基金代码、基金简称**：分别记录基金的内部代码、公开代码和简称。
- **标签类型、标签代码、标签名称**：用于标识基金持仓的行业或题材类型及其具体信息。
- **标签对应指数标准代码**：记录标签对应的指数标准代码。
- **报告期**：记录数据对应的报告期。
- **持股市值、持股市值变动、持股市值变动排名、持股市值变动排名变化、持股市值变动比例**：详细记录基金持仓市值及其变化情况，包括市值、变动金额、变动排名及其变化、变动比例等。
- **占基金经理持有净资产比例、占基金经理持有净资产比例的变化**：记录持仓市值占基金经理持有净资产的比例及其变化。
- **标签、详细标签**：标识持仓变化情况，包括增持、减持、不变等详细信息。
- **是否QA、是否人工修改、是否有效**：记录数据是否经过质量检查、是否人工修改及其有效性。
- **数据插入时间、数据修改时间**：记录数据的插入和修改时间。

该表格通过详细记录基金持仓的各类信息及其变化，帮助分析基金在不同报告期内的持仓策略和变化趋势。","FUND_HCODE,LABEL_TYPE,LABEL_CODE,REPORT_DATE",0,,,1,,"2024-08-07 16:36:37",,"2024-08-16 17:20:42",
328,XT,MYSQL,FUND_INFO,"10014",基金产品对应的行业和题材持仓变化情况(季报),FUND_INDUSTRY_CHANGE_Q,,"表格FUND_INDUSTRY_CHANGE_Q-基金产品对应的行业和题材持仓变化情况(季报): 表格“FUND_INDUSTRY_CHANGE_Q”用于记录基金在季度报告中的行业和题材持仓变化情况。该表格包含多个字段，详细描述了基金持仓的各个方面。具体字段包括：

- **ID**：自增列，用于唯一标识每条记录。
- **基金内部代码、基金代码、基金简称**：用于标识和描述基金的基本信息。
- **标签类型、标签代码、标签名称、标签对应指数标准代码**：用于描述基金持仓的行业或题材标签及其对应的指数标准。
- **报告期**：记录数据对应的报告期。
- **持股市值、持股市值变动、持股市值变动排名、持股市值变动排名变化、持股市值变动比例**：详细记录基金持仓市值及其变化情况。
- **占基金经理持有净资产比例、占基金经理持有净资产比例的变化**：描述基金持仓占基金经理净资产的比例及其变化。
- **标签变化、详细标签变化**：标识基金持仓的变化情况，如增持、减持、不变等。
- **是否QA、是否人工修改、是否有效**：用于标识数据的质量控制和有效性。
- **数据插入时间、数据修改时间**：记录数据的插入和修改时间。

通过这些字段，用户可以全面了解基金在不同报告期内的持仓变化情况，帮助进行投资分析和决策。","FUND_HCODE,LABEL_TYPE,LABEL_CODE,REPORT_DATE",0,,,1,,"2024-08-07 16:36:37",,"2024-08-16 17:20:42",
329,XT,MYSQL,FUND_INFO,"10015",基金产品持有行业和题材市值具体情况(半年报、年报),FUND_INDUSTRY_HOLDING_MV_DETAIL_HY,,"表格FUND_INDUSTRY_HOLDING_MV_DETAIL_HY-基金产品持有行业和题材市值具体情况(半年报、年报): 表格“基金持有行业和题材市值具体情况(半年报、年报)”（FUND_INDUSTRY_HOLDING_MV_DETAIL_HY）用于记录和分析基金在不同报告期内持有的行业和题材的市值情况。该表格包含多个字段，详细描述了基金持有的市值及其变动情况。

主要字段包括：

- **ID**：自增列，用于唯一标识每条记录。
- **基金内部代码**、**基金代码**、**基金简称**：用于标识和描述基金的基本信息。
- **标签类型**、**标签代码**、**标签名称**：用于分类基金持有的行业或题材，标签类型包括行业、题材和细分题材。
- **标签对应指数标准代码**、**标签对应指数代码**：用于标识标签对应的指数信息。
- **报告期**：记录数据对应的报告期。
- **持股市值(元)**、**持股市值变动(元)**、**持股市值变动比例**：记录基金持有的市值及其变动情况。
- **占基金经理持有净资产比例**：记录持股市值占基金净资产的比例。
- **备注**：用于记录额外的说明信息。
- **是否QA**、**是否人工修改**、**是否有效**：用于标识数据的质量和有效性。
- **数据插入时间**、**数据修改时间**：记录数据的插入和修改时间。

该表格通过详细记录基金持有的行业和题材市值及其变动情况，为基金管理和投资决策提供了重要的数据支持。","FUND_HCODE,LABEL_TYPE,LABEL_CODE,REPORT_DATE",0,,,1,,"2024-08-07 16:36:38",,"2024-08-16 17:20:43",
330,XT,MYSQL,FUND_INFO,"10016",基金产品持有行业和题材市值具体情况(季报),FUND_INDUSTRY_HOLDING_MV_DETAIL_Q,,"表格FUND_INDUSTRY_HOLDING_MV_DETAIL_Q-基金产品持有行业和题材市值具体情况(季报): 表格“基金持有行业和题材市值具体情况(季报)”（FUND_INDUSTRY_HOLDING_MV_DETAIL_Q）用于记录和分析基金在不同报告期内持有的行业和题材的市值情况。该表格包含多个字段，详细记录了基金的基本信息、标签信息、持股市值及其变动情况、占净资产比例、备注信息以及数据的历史记录和有效性。

具体字段包括：自增列（ID）、基金内部代码（FUND_HCODE）、基金代码（FUND_SYMBOL）、基金简称（FUND_NAME）、标签类型（LABEL_TYPE）、标签代码（LABEL_CODE）、标签名称（LABEL_NAME）、标签对应指数标准代码（INDEX_HCODE）、标签对应指数代码（INDEX_CODE）、报告期（REPORT_DATE）、持股市值（MARKET_VALUE）、持股市值变动（MARKET_VALUE_CHANGE）、持股市值变动比例（MARKET_VALUE_CHANGE_RATIO）、占基金经理持有净资产比例（RATIO_IN_NV）、备注（REMARK）、是否QA（HISQA）、是否人工修改（HISMAN）、是否有效（HISVALID）、数据插入时间（HCREATETIME）和数据修改时间（HUPDATETIME）。

通过这些字段，用户可以详细了解基金在不同时间点持有的行业和题材的市值变化情况，以及这些变化对基金净资产的影响，从而为投资决策提供数据支持。","FUND_HCODE,LABEL_TYPE,LABEL_CODE,REPORT_DATE",0,,,1,,"2024-08-07 16:36:38",,"2024-08-16 17:20:43",
331,XT,MYSQL,FUND_INFO,"10017",QDII基金产品持有行业市值具体情况（QDII的不分季度还是年度）,FUND_INDUSTRY_HOLDING_MV_DETAIL_QDII,,"表格FUND_INDUSTRY_HOLDING_MV_DETAIL_QDII-QDII基金产品持有行业市值具体情况（QDII的不分季度还是年度）: 表格“QDII基金持有行业市值具体情况”用于记录和分析QDII基金在不同行业的持股市值及其变动情况。该表格包含多个字段，详细记录了基金的基本信息、持股市值及其变化、行业分类和数据管理等内容。

具体字段包括：

1. 基本信息：包括自增列（ID）、基金内部代码（FUND_HCODE）、基金代码（FUND_SYMBOL）、基金简称（FUND_NAME）、报告期（REPORT_DATE）和信息发布日期（INFOPUBL_DATE）。
2. 行业信息：包括行业类标准（STANDARD）、行业名称（LABEL_NAME）、行业类别（INDUSTRY_TYPE）、标签对应指数标准代码（INDEX_HCODE）和标签对应指数代码（INDEX_CODE）。
3. 持股市值信息：包括持股市值（MARKET_VALUE）、持股市值变动（MARKET_VALUE_CHANGE）、持股市值变动比例（MARKET_VALUE_CHANGE_RATIO）、占基金经理持有净资产比例（RATIO_IN_NV）和占基金经理持有净资产比例变化（RATIO_IN_NV_CHANGE）。
4. 其他信息：包括序号（SERIAL_NUMBER）、报告类型（INFO_SOURCE）、投资类型（INVEST_TYPE）、备注（REMARK）、是否QA（HISQA）、是否人工修改（HISMAN）、是否有效（HISVALID）、数据插入时间（HCREATETIME）和数据修改时间（HUPDATETIME）。

该表格通过详细记录QDII基金在各行业的持股情况及其变化，为基金管理和投资决策提供了重要的数据支持。","FUND_HCODE,STANDARD,SERIAL_NUMBER,REPORT_DATE,LABEL_NAME",0,,,1,,"2024-08-07 16:36:39",,"2024-08-16 17:20:43",
332,XT,MYSQL,FUND_INFO,"10018",基金产品持有行业和题材市值情况(半年报、年报),FUND_INDUSTRY_HOLDING_MV_HY,,"表格FUND_INDUSTRY_HOLDING_MV_HY-基金产品持有行业和题材市值情况(半年报、年报): 表格“基金持有行业和题材市值情况(半年报、年报)”（FUND_INDUSTRY_HOLDING_MV_HY）用于记录和分析基金在不同行业和题材上的持股市值及其变化情况。该表格包含多个字段，详细记录了基金持有的行业和题材的市值信息。具体字段包括：

- **ID**：自增列，用于唯一标识每条记录。
- **标签类型、标签代码、标签名称**：分别表示标签的类型（如行业、题材等）、代码和名称。
- **标签对应指数标准代码、标签对应指数代码**：记录标签对应的指数标准代码和指数代码。
- **报告期**：记录数据的报告期时间。
- **持股市值、持股市值变动、持股市值变动比例**：分别表示基金在某行业或题材上的持股市值、持股市值的变动金额及变动比例。
- **占行业流通市值的比例、占所有基金市值比、占所有基金市值比的变化**：分别表示基金持股市值占行业流通市值的比例、占所有基金市值的比例及其变化。
- **备注**：用于记录额外的说明信息。
- **是否QA、是否人工修改、是否有效**：分别表示数据是否经过质量保证、是否被人工修改以及是否有效。
- **数据插入时间、数据修改时间**：记录数据的插入和修改时间。

该表格通过详细记录基金在各行业和题材上的持股情况及其变化，为基金管理和投资决策提供了重要的数据支持。","LABEL_TYPE,LABEL_CODE,REPORT_DATE",0,,,1,,"2024-08-07 16:36:40",,"2024-08-16 17:20:43",
333,XT,MYSQL,FUND_INFO,"10019",基金产品持有行业和题材市值情况(季报),FUND_INDUSTRY_HOLDING_MV_Q,,"表格FUND_INDUSTRY_HOLDING_MV_Q-基金产品持有行业和题材市值情况(季报): 表格“基金持有行业和题材市值情况(季报)”（FUND_INDUSTRY_HOLDING_MV_Q）用于记录和分析基金在不同行业和题材上的持股市值及其变化情况。表格中的字段包括：

1. **ID**：自增列，用于唯一标识每条记录。
2. **标签类型、标签代码、标签名称**：分别表示标签的类型（如行业、题材等）、代码和名称。
3. **标签对应指数标准代码、标签对应指数代码**：分别表示标签对应的标准指数代码和指数代码。
4. **报告期**：记录数据的报告日期。
5. **持股市值、持股市值变动、持股市值变动比例**：分别表示基金在某行业或题材上的持股市值、持股市值的变动金额及变动比例。
6. **占行业流通市值的比例、占所有基金市值比、占所有基金市值比的变化**：分别表示基金持股市值占行业流通市值的比例、占所有基金市值的比例及其变化。
7. **备注**：用于记录额外的说明或备注信息。
8. **是否QA、是否人工修改、是否有效**：分别表示数据是否经过质量保证、是否被人工修改及其有效性。
9. **数据插入时间、数据修改时间**：分别记录数据的插入和最后修改时间。

该表格通过详细记录基金在各行业和题材上的持股情况及其变化，为投资分析和决策提供了重要的数据支持。","LABEL_TYPE,LABEL_CODE,REPORT_DATE",0,,,1,,"2024-08-07 16:36:40",,"2024-08-16 17:20:44",
334,XT,MYSQL,FUND_INFO,"10020",基金、基金经理标签信息表,FUND_LABEL_INFO,,"表格FUND_LABEL_INFO-基金、基金经理标签信息表: 表格“FUND_LABEL_INFO”是一个用于记录基金及基金经理标签信息的表格。该表格包含多个字段，用于详细描述标签的各个方面。字段包括：

1. **ID**：自增列，用于唯一标识每条记录。
2. **标签类型**：表示标签的类型。
3. **标签ID**：用于区分不同类型的标签，如规模标签、赛道大类划分、单/双赛道细分、左右侧交易、基金类别、基金价值成长标签和持仓热度标签。
4. **标签名称**：标签的具体名称。
5. **标签二级ID**和**标签二级名称**：用于进一步细分标签的具体属性。
6. **标签值**和**标签值名称**：表示标签的具体数值及其对应的名称。
7. **备注**：用于记录额外的说明信息。
8. **是否QA**、**是否人工修改**和**是否有效**：用于标识该标签是否经过质量保证、是否被人工修改过以及是否仍然有效。
9. **数据插入时间**和**数据修改时间**：记录数据的创建和最后修改时间。

这个表格的主要用途是对基金及基金经理的各种标签信息进行系统化管理和记录，以便于后续的数据分析和查询。","LABEL_TYPE,LABEL_ID,LABEL_SUB_ID,LABEL_VALUE",0,,,1,,"2024-08-07 16:36:41",,"2024-08-12 16:03:02",
335,XT,MYSQL,FUND_INFO,"10021",基金标签值表(截面),FUND_LABEL_VALUE_SECTION,,"表格FUND_LABEL_VALUE_SECTION-基金标签值表(截面): 基金标签值表（截面）主要用于记录和管理基金及其相关标签信息。该表格包含多个字段，每个字段都有特定的用途：

1. **ID**：自增列，用于唯一标识每条记录。
2. **基金经理信息**：包括基金经理内部代码（PSN_HCODE）和基金经理简称（PSN_NAME）。
3. **基金信息**：包括基金内部代码（FUND_HCODE）、基金代码（FUND_SYMBOL）和基金简称（FUND_NAME）。
4. **日期信息**：记录日历日（CALENDAR_DAY）。
5. **标签信息**：包括标签ID（LABEL_ID）、标签二级ID（LABEL_SUB_ID）和标签值（LABEL_VALUE），这些字段与FUND_LABEL_INFO表相关联，用于描述基金的各种属性，如规模、赛道分类、交易类型、基金类别、价值成长标签和持仓热度标签等。
6. **历史记录**：包括是否QA（HISQA）、是否人工修改（HISMAN）和是否有效（HISVALID），用于记录数据的质量和修改情况。
7. **时间戳**：包括数据插入时间（HCREATETIME）和数据修改时间（HUPDATETIME），用于记录数据的创建和更新时间。

该表格通过详细记录基金及其标签信息，帮助用户更好地管理和分析基金数据。","PSN_HCODE,FUND_HCODE,LABEL_ID,LABEL_SUB_ID",0,,,1,,"2024-08-07 16:36:41",,"2024-08-12 16:07:02",
336,XT,MYSQL,FUND_INFO,"10022",基金标签值表(时间序列),FUND_LABEL_VALUE_SERIES,,"表格FUND_LABEL_VALUE_SERIES-基金标签值表(时间序列): 基金标签值表（时间序列）主要用于记录和管理基金及其相关标签的时间序列数据。该表格包含以下字段：

1. **ID**：自增列，用于唯一标识每条记录。
2. **基金经理信息**：包括基金经理内部代码（PSN_HCODE）和基金经理简称（PSN_NAME）。
3. **基金信息**：包括基金内部代码（FUND_HCODE）、基金代码（FUND_SYMBOL）和基金简称（FUND_NAME）。
4. **截止日期**：记录数据的截止日期（END_DATE）。
5. **频率**：表示数据记录的频率，数值范围从1到6，分别代表日、周、月、季、年和半年。
6. **标签信息**：包括标签ID（LABEL_ID）、标签二级ID（LABEL_SUB_ID）和标签值（LABEL_VALUE），这些字段与FUND_LABEL_INFO表相关联，用于描述基金的各种属性，如规模、赛道分类、交易类型、基金类别等。
7. **历史记录**：包括是否QA（HISQA）、是否人工修改（HISMAN）和是否有效（HISVALID），用于记录数据的质量和修改情况。
8. **时间戳**：包括数据插入时间（HCREATETIME）和数据修改时间（HUPDATETIME），用于记录数据的创建和更新时间。

该表格通过详细记录基金及其标签的时间序列数据，为基金管理和分析提供了重要的基础数据支持。","PSN_HCODE,FUND_HCODE,END_DATE,FREQUENCY,LABEL_ID,LABEL_SUB_ID",0,,,1,,"2024-08-07 16:36:42",,"2024-08-12 16:07:02",
337,XT,MYSQL,FUND_INFO,"10023",基金列表，用来计算的主动型基金，每个报告期统计一次,FUND_LIST_FREQUENCY,,表格FUND_LIST_FREQUENCY-基金列表，用来计算的主动型基金，每个报告期统计一次: 表格“FUND_LIST_FREQUENCY”是一个用于统计主动型基金的列表，每个报告期统计一次。该表格包含多个字段，用于详细记录基金的相关信息。字段包括：自增列（ID），基金内部代码（FUND_HCODE），基金代码（FUND_SYMBOL），基金简称（FUND_NAME），频率（FREQUENCY），报告期（REPORT_DATE），基金是否有股票持仓（IF_STOCK_HOLDING），是否QA（HISQA），是否人工修改（HISMAN），是否有效（HISVALID），数据插入时间（HCREATETIME）和数据修改时间（HUPDATETIME）。这些字段共同作用，帮助用户在不同的报告期内统计和分析主动型基金的表现和相关信息。,"FUND_HCODE,REPORT_DATE,FREQUENCY",0,,,1,,"2024-08-07 16:36:42",,"2024-08-12 16:07:02",
338,XT,MYSQL,FUND_INFO,"10024",基金经理持有主动型基金规模情况,FUND_MANAGER_ASSET_ALLOCATION,,"表格FUND_MANAGER_ASSET_ALLOCATION-基金经理持有主动型基金规模情况，季报中披露的基金经理管理的净资产，权益资产，债券资产等规模。 表格“FUND_MANAGER_ASSET_ALLOCATION”用于记录基金经理持有的主动型基金规模情况。该表格包含多个字段，详细描述了基金经理的相关信息及其管理的资产情况。具体字段包括：

1. **ID**：自增列，用于唯一标识每条记录。
2. **基金经理内部代码**和**基金经理简称**：分别记录基金经理的内部代码和简称。
3. **报告期**：记录数据对应的报告日期。
4. **资产净值**和**资产总值**：分别表示基金经理管理的资产净值和资产总值。
5. **股票投资合计资产市值**、**债券投资合计资产市值**、**货币市场工具资产市值**、**可转换债券(含可交换债)资产市值**：这些字段记录了基金经理在不同投资类别中的资产市值。
6. **是否QA**、**是否人工修改**、**是否有效**：这些字段用于标识数据是否经过质量保证、是否被人工修改以及数据是否有效。
7. **数据插入时间**和**数据修改时间**：分别记录数据的插入和最后修改时间。

通过这些字段，表格详细记录了基金经理在不同时间点的资产配置情况，便于进行分析和管理。","PSN_HCODE,REPORT_DATE",0,,,1,,"2024-08-07 16:36:43",,"2024-08-30 17:01:10",
339,XT,MYSQL,FUND_INFO,"10025",基金经理行业持仓变化情况(半年报、年报),FUND_MANAGER_INDUSTRY_CHANGE_HY,,"表格FUND_MANAGER_INDUSTRY_CHANGE_HY-基金经理行业持仓变化情况(半年报、年报): 表格“FUND_MANAGER_INDUSTRY_CHANGE_HY”用于记录基金经理在半年报和年报中的行业持仓变化情况。该表格包含多个字段，详细记录了基金经理的持仓变动信息。具体字段包括：

- **ID**：自增列，用于唯一标识每条记录。
- **基金经理信息**：包括基金经理内部代码（PSN_HCODE）和基金经理简称（PSN_NAME）。
- **标签信息**：包括标签类型（LABEL_TYPE），标签代码（LABEL_CODE），标签名称（LABEL_NAME），以及标签对应的指数标准代码（INDEX_HCODE）。
- **报告期**：记录数据的报告期（REPORT_DATE）。
- **持股市值信息**：包括持股市值（MARKET_VALUE），持股市值变动（MARKET_VALUE_CHANGE），持股市值变动排名（MARKET_VALUE_CHANGE_RANK），持股市值变动排名变化（MARKET_VALUE_CHANGE_RANK_CHANGE），持股市值变动比例（MARKET_VALUE_CHANGE_RATIO）。
- **净资产比例信息**：包括占基金经理持有净资产比例（RATIO_IN_NV）及其变化（RATIO_IN_NV_CHANGE）。
- **标签变动信息**：包括标签变动情况（CHANGE_LABEL）和详细标签变动情况（CHANGE_LABEL_DETAIL）。
- **数据质量信息**：包括是否QA（HISQA），是否人工修改（HISMAN），是否有效（HISVALID）。
- **时间戳信息**：包括数据插入时间（HCREATETIME）和数据修改时间（HUPDATETIME）。

该表格通过详细记录基金经理的持仓变动情况，帮助分析基金经理的投资策略和行业偏好。","PSN_HCODE,LABEL_TYPE,LABEL_CODE,REPORT_DATE",0,,,1,,"2024-08-07 16:36:43",,"2024-08-12 16:07:03",
340,XT,MYSQL,FUND_INFO,"10026",基金经理行业持仓变化情况(季报),FUND_MANAGER_INDUSTRY_CHANGE_Q,,"表格FUND_MANAGER_INDUSTRY_CHANGE_Q-基金经理行业持仓变化情况(季报): 表格“基金经理行业持仓变化情况(季报)”（FUND_MANAGER_INDUSTRY_CHANGE_Q）用于记录和分析基金经理在不同报告期内的行业持仓变化情况。该表格包含多个字段，详细记录了基金经理的持仓信息及其变化情况。

主要字段包括：

1. **ID**：自增列，用于唯一标识每条记录。
2. **基金经理信息**：包括基金经理内部代码（PSN_HCODE）和基金经理简称（PSN_NAME）。
3. **标签信息**：包括标签类型（LABEL_TYPE）、标签代码（LABEL_CODE）、标签名称（LABEL_NAME）及标签对应指数标准代码（INDEX_HCODE）。
4. **报告期**：记录数据的报告期（REPORT_DATE）。
5. **持股市值及变化**：包括持股市值（MARKET_VALUE）、持股市值变动（MARKET_VALUE_CHANGE）、持股市值变动排名（MARKET_VALUE_CHANGE_RANK）、持股市值变动排名变化（MARKET_VALUE_CHANGE_RANK_CHANGE）及持股市值变动比例（MARKET_VALUE_CHANGE_RATIO）。
6. **净资产比例及变化**：包括占基金经理持有净资产比例（RATIO_IN_NV）及其变化（RATIO_IN_NV_CHANGE）。
7. **标签变化**：包括标签（CHANGE_LABEL）和详细标签（CHANGE_LABEL_DETAIL），用于描述持仓变化情况，如增持、减持、不变等。
8. **历史记录**：包括是否QA（HISQA）、是否人工修改（HISMAN）及是否有效（HISVALID）。
9. **时间戳**：记录数据插入时间（HCREATETIME）和数据修改时间（HUPDATETIME）。

该表格通过详细记录基金经理在不同行业的持仓变化，帮助投资者和分析师了解基金经理的投资策略和市场动向。","PSN_HCODE,LABEL_TYPE,LABEL_CODE,REPORT_DATE",0,,,1,,"2024-08-07 16:36:44",,"2024-08-12 16:07:03",
341,XT,MYSQL,FUND_INFO,"10027",基金经理净值表,FUND_MANAGER_NET_VALUE,将基金经理管理的权益类产品净值，根据规模加权计算为一根表征基金经理整体业绩表现的虚拟净值曲线。,表格FUND_MANAGER_NET_VALUE-基金经理净值表: 基金经理净值表（FUND_MANAGER_NET_VALUE）用于记录和展示基金经理在不同交易日的净值信息。该表格包含以下字段：自增列（ID），用于唯一标识每条记录；交易日（TRADING_DAY），记录每条净值数据的日期；基金经理内部代码（PSN_HCODE）和基金经理简称（PSN_NAME），用于标识和描述基金经理；单位净值（UNIT_NAV）、累计净值（ACCU_NAV）和复权净值（RESTORED_ACCU_NAV），这些字段展示了基金净值的不同计算方式；复权净值日增长率（RESTORED_ACCU_YIELD），用于记录复权净值的日增长率；是否QA（HISQA）、是否人工修改（HISMAN）和是否有效（HISVALID），这些字段用于标识数据的质量和有效性；数据插入时间（HCREATETIME）和数据修改时间（HUPDATETIME），记录数据的创建和修改时间。该表格为基金经理的净值管理和分析提供了详细的数据支持。,"TRADING_DAY,PSN_HCODE",0,,,1,,"2024-08-07 16:36:45",,"2025-02-07 14:44:03",
342,XT,MYSQL,FUND_INFO,"10028",基金经理观点,FUND_MANAGER_OPINION,对基金经理定期报告中观点的总结,表格FUND_MANAGER_OPINION-基金经理观点: 表格“基金经理观点”（FUND_MANAGER_OPINION）用于总结基金经理在定期报告中的观点。该表格包含多个字段，详细记录了基金经理的核心观点及相关信息。字段包括：自增列ID、基金经理内部代码、基金经理简称、报告期、信息发布日期、数据来源、核心观点、基金代码、是否QA、是否人工修改、是否有效、数据插入时间、数据修改时间、看好的行业、不看好的行业以及态度不明行业。这些字段共同构成了对基金经理观点的全面记录，便于分析和参考。,"PSN_HCODE,END_DATE,INFO_SOURCE",0,,,1,,"2024-08-07 16:36:45",,"2024-08-12 16:12:20",
343,XT,MYSQL,FUND_INFO,"10029",基金经理股票持仓变化情况(半年报、年报),FUND_MANAGER_STOCK_CHANGE_HY,,"表格FUND_MANAGER_STOCK_CHANGE_HY-基金经理股票持仓变化情况(半年报、年报): 表格“FUND_MANAGER_STOCK_CHANGE_HY”用于记录基金经理在半年报和年报中的股票持仓变化情况。表格中的字段涵盖了基金经理和证券的基本信息、持股数量及其变化、持股市值及其变化、持股比例及其变化等多个方面。

具体字段包括：自增列（ID）、基金经理内部代码（PSN_HCODE）、基金经理简称（PSN_NAME）、证券内部代码（SEC_HCODE）、证券代码（COMB_SYMBOL）、证券简称（SEC_NAME）、报告期（REPORT_DATE）、持股数量（SHARES_HOLDING）、持股数量变化（SHARES_HOLDING_CHANGE）、持股数量变化排名及其变动（SHARES_HOLDING_CHANGE_RANK、SHARES_HOLDING_CHANGE_RANK_CHANGE）、持股数量变动比例及其排名和变动（SHARES_HOLDING_CHANGE_RATIO、SHARES_HOLDING_CHANGE_RATIO_RANK、SHARES_HOLDING_CHANGE_RATIO_RANK_CHANGE）、持股市值及其排名和变动（MARKET_VALUE、MARKET_VALUE_RANK、MARKET_VALUE_RANK_CHANGE、MARKET_VALUE_CHANGE、MARKET_VALUE_CHANGE_RATIO）、占基金经理持有净资产比例及其变化（RATIO_IN_NV、RATIO_IN_NV_CHANGE）、标签和详细标签（CHANGE_LABEL、CHANGE_LABEL_DETAIL）、是否QA（HISQA）、是否人工修改（HISMAN）、是否有效（HISVALID）、数据插入时间（HCREATETIME）、数据修改时间（HUPDATETIME）、持股数量变化市值（SHARES_HOLDING_CHANGE_MARKET_VALUE）。

通过这些字段，用户可以全面了解基金经理在不同报告期内的持仓变化情况，包括持股数量和市值的增减、排名变化以及持股比例的变化等。","PSN_HCODE,SEC_HCODE,REPORT_DATE",0,,,1,,"2024-08-07 16:36:46",,"2024-08-12 16:12:20",
344,XT,MYSQL,FUND_INFO,"10030",基金经理股票持仓变化情况(季报),FUND_MANAGER_STOCK_CHANGE_Q,,"表格FUND_MANAGER_STOCK_CHANGE_Q-基金经理股票持仓变化情况(季报): 表格“基金经理股票持仓变化情况(季报)”（英文名：FUND_MANAGER_STOCK_CHANGE_Q）用于记录和分析基金经理在每个季度的股票持仓变化情况。该表格包含多个字段，详细记录了基金经理的持仓信息及其变化情况。

主要字段包括：

1. **ID**：自增列，用于唯一标识每条记录。
2. **基金经理信息**：包括基金经理内部代码（PSN_HCODE）和基金经理简称（PSN_NAME）。
3. **证券信息**：包括证券内部代码（SEC_HCODE）、证券代码（COMB_SYMBOL）和证券简称（SEC_NAME）。
4. **报告期**：记录数据的报告期（REPORT_DATE）。
5. **持股数量及变化**：包括持股数量（SHARES_HOLDING）、持股数量变化（SHARES_HOLDING_CHANGE）、持股数量变化排名（SHARES_HOLDING_CHANGE_RANK）、持股数量变化排名变动（SHARES_HOLDING_CHANGE_RANK_CHANGE）、持股数量变动比例（SHARES_HOLDING_CHANGE_RATIO）、持股数量变动比例排名（SHARES_HOLDING_CHANGE_RATIO_RANK）和持股数量变动比例排名变动（SHARES_HOLDING_CHANGE_RATIO_RANK_CHANGE）。
6. **持股市值及变化**：包括持股市值（MARKET_VALUE）、持股市值排名（MARKET_VALUE_RANK）、持股市值排名变动（MARKET_VALUE_RANK_CHANGE）、持股市值变动（MARKET_VALUE_CHANGE）和持股市值变动比例（MARKET_VALUE_CHANGE_RATIO）。
7. **占净资产比例及变化**：包括占基金经理持有净资产比例（RATIO_IN_NV）和占基金经理持有净资产比例变化（RATIO_IN_NV_CHANGE）。
8. **变化标签**：包括标签（CHANGE_LABEL）和详细标签（CHANGE_LABEL_DETAIL），用于标识持仓变化的类型，如增持、减持、不变等。
9. **历史记录**：包括是否QA（HISQA）、是否人工修改（HISMAN）和是否有效（HISVALID）。
10. **时间戳**：包括数据插入时间（HCREATETIME）和数据修改时间（HUPDATETIME）。

该表格通过详细记录基金经理的持仓变化情况，为投资分析和决策提供了重要的数据支持。","PSN_HCODE,SEC_HCODE,REPORT_DATE",0,,,1,,"2024-08-07 16:36:46",,"2024-08-12 16:12:20",
345,XT,MYSQL,FUND_INFO,"10031",半年报、年报基金经理持仓明细,FUND_MANAGER_STOCK_PORTFOLIO_HY,,"表格FUND_MANAGER_STOCK_PORTFOLIO_HY-半年报、年报基金经理持仓明细: 表格英文名为FUND_MANAGER_STOCK_PORTFOLIO_HY，中文定义为半年报、年报基金经理持仓明细。该表格主要用于记录基金经理在特定报告期内的持仓情况及其变动。表格中的字段包括：

1. **ID**：自增列，用于唯一标识每条记录。
2. **基金经理信息**：包括基金经理内部代码（PSN_HCODE）和基金经理简称（PSN_NAME）。
3. **证券信息**：包括证券内部代码（SEC_HCODE）、证券代码（COMB_SYMBOL）和证券简称（SEC_NAME）。
4. **报告期**：记录数据所属的报告期（REPORT_DATE）。
5. **持股信息**：包括持股数量（SHARES_HOLDING）、持股数量变动（SHARES_HOLDING_CHANGE）、持股数量变动比例（SHARES_HOLDING_CHANGE_RATIO）、持股市值（MARKET_VALUE）、持股市值变动（MARKET_VALUE_CHANGE）和持股市值变动占比（MARKET_VALUE_CHANGE_RATIO）。
6. **排名信息**：包括基金经理在持有该股票中的排名（MANAGER_RANK）及其变动（MANAGER_RANK_CHANGE）。
7. **净资产比例**：占基金经理持有净资产比例（RATIO_IN_NV）。
8. **历史记录**：包括是否QA（HISQA）、是否人工修改（HISMAN）和是否有效（HISVALID）。
9. **时间戳**：记录数据插入时间（HCREATETIME）和数据修改时间（HUPDATETIME）。

该表格通过详细记录基金经理的持仓情况及其变动，为投资分析和决策提供了重要的数据支持。","PSN_HCODE,SEC_HCODE,REPORT_DATE",0,,,1,,"2024-08-07 16:36:47",,"2024-08-12 16:12:20",
346,XT,MYSQL,FUND_INFO,"10032",季报基金经理持仓明细,FUND_MANAGER_STOCK_PORTFOLIO_Q,,"表格FUND_MANAGER_STOCK_PORTFOLIO_Q-季报基金经理持仓明细: 表格“季报基金经理持仓明细”（FUND_MANAGER_STOCK_PORTFOLIO_Q）用于记录基金经理在每个季度的持仓情况及其变动。该表格包含多个字段，详细记录了基金经理和证券的相关信息。具体字段包括：

- **ID**：自增列，用于唯一标识每条记录。
- **基金经理信息**：包括基金经理内部代码（PSN_HCODE）、基金经理简称（PSN_NAME）。
- **证券信息**：包括证券内部代码（SEC_HCODE）、证券代码（COMB_SYMBOL）、证券简称（SEC_NAME）。
- **报告期**：记录数据的报告日期（REPORT_DATE）。
- **持股信息**：包括持股数量（SHARES_HOLDING）、持股数量变动（SHARES_HOLDING_CHANGE）、持股数量变动比例（SHARES_HOLDING_CHANGE_RATIO）。
- **市值信息**：包括持股市值（MARKET_VALUE）、持股市值变动（MARKET_VALUE_CHANGE）、持股市值变动占比（MARKET_VALUE_CHANGE_RATIO）。
- **排名信息**：包括基金经理在持有该股票中的排名（MANAGER_RANK）及其变动（MANAGER_RANK_CHANGE）。
- **净资产比例**：基金经理持有该证券占其净资产的比例（RATIO_IN_NV）。
- **历史记录**：包括是否QA（HISQA）、是否人工修改（HISMAN）、是否有效（HISVALID）。
- **时间戳**：记录数据插入时间（HCREATETIME）和数据修改时间（HUPDATETIME）。

该表格通过详细记录基金经理的持仓情况及其变动，为投资分析和决策提供了重要的数据支持。","PSN_HCODE,SEC_HCODE,REPORT_DATE",0,,,1,,"2024-08-07 16:36:48",,"2024-08-12 16:12:21",
347,XT,MYSQL,FUND_INFO,"10033",基金经理前10大股票变化情况(半年报、年报),FUND_MANAGER_TOP10_STOCK_CHANGE_HY,,表格FUND_MANAGER_TOP10_STOCK_CHANGE_HY-基金经理前10大股票变化情况(半年报、年报): 表格“基金经理前10大股票变化情况(半年报、年报)”用于记录基金经理在半年报和年报中的前10大股票变化情况。表格包含以下字段：自增列（ID），基金经理内部代码（PSN_HCODE）和简称（PSN_NAME），证券内部代码（SEC_HCODE）、证券代码（COMB_SYMBOL）和简称（SEC_NAME），报告期（REPORT_DATE），变化类型（CHANGE_TYPE）和变化名称（CHANGE_INFO），是否QA（HISQA），是否人工修改（HISMAN），是否有效（HISVALID），数据插入时间（HCREATETIME）和数据修改时间（HUPDATETIME）。这些字段共同记录了基金经理在特定报告期内前10大股票的变化情况，包括新进入或剔出前10大的股票信息，并标识数据的有效性和修改情况。,"PSN_HCODE,SEC_HCODE,REPORT_DATE",0,,,1,,"2024-08-07 16:36:48",,"2024-08-12 16:12:21",
348,XT,MYSQL,FUND_INFO,"10034",基金经理前10大股票变化情况(季报),FUND_MANAGER_TOP10_STOCK_CHANGE_Q,,"表格FUND_MANAGER_TOP10_STOCK_CHANGE_Q-基金经理前10大股票变化情况(季报): 表格“基金经理前10大股票变化情况(季报)”（英文名：FUND_MANAGER_TOP10_STOCK_CHANGE_Q）用于记录基金经理在季度报告中的前10大股票变化情况。该表格包含以下字段：

1. **ID**：自增列，用于唯一标识每条记录。
2. **基金经理内部代码**和**基金经理简称**：分别记录基金经理的内部代码和简称。
3. **证券内部代码**、**证券代码**和**证券简称**：分别记录证券的内部代码、代码和简称。
4. **报告期**：记录该变化情况所属的报告期。
5. **变化类型**和**变化名称**：记录股票变化的类型（如新进入前10大或新剔出前10大）及其名称。
6. **是否QA**、**是否人工修改**和**是否有效**：分别记录该数据是否经过质量保证、是否经过人工修改以及是否有效。
7. **数据插入时间**和**数据修改时间**：分别记录数据的插入和最后修改时间。

该表格主要用于跟踪和分析基金经理在不同季度的前10大股票持仓变化，为投资决策和市场分析提供重要参考。","PSN_HCODE,SEC_HCODE,REPORT_DATE",0,,,1,,"2024-08-07 16:36:49",,"2024-08-12 16:12:21",
349,XT,MYSQL,FUND_INFO,"10035",基金经理持有赛道市值情况,FUND_MANAGER_TRACK_HOLDING,,"表格FUND_MANAGER_TRACK_HOLDING-基金经理持有赛道市值情况: 表格“基金经理持有赛道市值情况”（FUND_MANAGER_TRACK_HOLDING）用于记录和分析基金经理在不同赛道中的持股市值及其变动情况。表格中的字段包括：

1. **ID**：自增列，用于唯一标识每条记录。
2. **基金经理信息**：包括基金经理内部代码（PSN_HCODE）和基金经理简称（PSN_NAME）。
3. **赛道信息**：包括赛道大类ID（TRACK_ID）、赛道代码（TRACK_CODE）、赛道名称（TRACK_NAME）和赛道指数代码（TRACK_INDEX_CODE）。
4. **报告期**：记录数据的报告日期（REPORT_DATE）。
5. **持股市值信息**：包括持股市值（MARKET_VALUE）和持股市值变动（MARKET_VALUE_CHANGE）。
6. **净资产比例**：包括占基金经理持有净资产比例（RATIO_IN_NV）和归一化后的净资产比例（RATIO_IN_NV_NORMALIZE）。
7. **数据质量控制**：包括是否QA（HISQA）、是否人工修改（HISMAN）和是否有效（HISVALID）。
8. **时间戳**：包括数据插入时间（HCREATETIME）和数据修改时间（HUPDATETIME）。

该表格通过详细记录基金经理在不同赛道中的持股情况及其变化，帮助分析基金经理的投资策略和赛道偏好。","PSN_HCODE,TRACK_ID,TRACK_CODE,REPORT_DATE",0,,,1,,"2024-08-07 16:36:49",,"2024-08-12 16:12:21",
350,XT,MYSQL,FUND_INFO,"10036",基金经理换手率,FUND_MANAGER_TURNOVER_RATE,,表格FUND_MANAGER_TURNOVER_RATE-基金经理换手率: 表格“FUND_MANAGER_TURNOVER_RATE”用于记录基金经理的换手率信息。该表格包含多个字段，分别记录了基金经理的内部代码、简称、报告期、换手率等关键信息。具体字段包括：自增列ID、基金经理内部代码、基金经理简称、报告期、换手率、是否QA、是否人工修改、是否有效、数据插入时间和数据修改时间。通过这些字段，用户可以详细了解每个基金经理在特定报告期内的换手率情况，并且可以追踪数据的插入和修改时间，以确保数据的准确性和有效性。,"PSN_HCODE,REPORT_DATE",0,,,1,,"2024-08-07 16:36:50",,"2024-08-12 16:12:21",
351,XT,MYSQL,FUND_INFO,"10037",基金净值表,FUND_NETVALUE,,表格FUND_NETVALUE-基金净值表: 基金净值表（FUND_NETVALUE）主要用于记录和展示基金的净值信息。该表包含多个字段，分别记录了基金的基本信息和净值相关数据。具体字段包括：自增列（ID），基金内部代码（FUND_HCODE），基金代码（FUND_SYMBOL），基金简称（FUND_NAME），交易日（TRADING_DAY），单位净值（UNIT_NAV），累计净值（ACCU_NAV），复权累计净值（RESTORED_ACCU_NAV），收益率（YIELD），数据来源（SOURCE_ID），是否QA（HISQA），是否人工修改（HISMAN），是否有效（HISVALID），数据插入时间（HCREATETIME）和数据修改时间（HUPDATETIME）。这些字段共同构成了基金净值表，用于详细记录每个基金在不同交易日的净值及相关信息，便于进行基金业绩分析和管理。,"FUND_HCODE,TRADING_DAY,SOURCE_ID",0,,,1,,"2024-08-07 16:36:50",,"2024-08-12 16:12:21",
352,XT,MYSQL,FUND_INFO,"10038",基金产品的持股明细,FUND_PORTFOLIO_DETAIL,包含基金季报、半年报、年报披露的持仓信息以及上市公司季报披露的十大股东信息,"表格FUND_PORTFOLIO_DETAIL-基金产品持股明细: 表格“FUND_PORTFOLIO_DETAIL”是用于记录基金持股明细的详细信息。该表格的数据来源包括基金季报、半年报、年报披露的持仓信息以及上市公司季报披露的十大股东信息。表格中的字段涵盖了基金和证券的基本信息、持股情况、变动情况以及数据管理信息。

具体字段包括：

1. **ID**：自增列，用于唯一标识每条记录。
2. **报告期**和**信息发布日期**：记录持仓信息的报告期和信息的发布日期。
3. **基金内部代码**、**基金代码**、**基金简称**：用于标识基金的相关信息。
4. **证券内部代码**、**证券代码**、**证券简称**：用于标识证券的相关信息。
5. **序号**：记录持仓信息的序号。
6. **持股数量**、**较上期持仓量变动**、**持股市值**、**持股市值变动**：记录基金持有的证券数量及其市值，以及与上期相比的变动情况。
7. **占净资产比例**：记录持股市值占基金净资产的比例。
8. **基金持仓的数据来源**：标识数据来源于基金季报、半年报还是上市公司季报。
9. **是否QA**、**是否人工修改**、**是否有效**：用于数据质量和有效性管理。
10. **数据插入时间**和**数据修改时间**：记录数据的插入和修改时间。
11. **投资类型**：标识基金的投资类型，包括综合投资、积极投资、指数投资、境内投资和沪港通投资。
12. **基金产品持有股票的股本数**、**基金持股数占股票流通股本比。**

通过这些字段，表格能够详细记录和追踪基金的持股情况及其变动，为投资分析和决策提供重要的数据支持。","FUND_HCODE,REPORT_DATE,SEC_HCODE,FUND_HOLDING_SOURCE_ID",0,,,1,,"2024-08-07 16:36:51",,"2025-01-17 15:23:03",
353,XT,MYSQL,FUND_INFO,"10039",QDII基金产品的持股明细,FUND_PORTFOLIO_DETAIL_QDII,,"表格FUND_PORTFOLIO_DETAIL_QDII-QDII基金产品持股明细: 表格“FUND_PORTFOLIO_DETAIL_QDII”主要用于记录QDII基金的持股明细信息。该表格包含多个字段，详细描述了基金在不同报告期内的持股情况。字段包括：

- **ID**：自增列，用于唯一标识每条记录。
- **报告期**和**信息发布日期**：记录报告的时间信息。
- **报告类型**和**报告类型ID**：描述报告的具体类型，如年度报告、季度报告等。
- **基金内部代码**、**基金代码**和**基金简称**：用于标识和描述基金的基本信息。
- **证券内部代码**、**证券代码**、**证券简称**、**英文名**和**交易代码**：用于标识和描述基金所持有的证券信息。
- **投资国家**和**交易所**：记录基金投资的地理和市场信息。
- **序号**：用于排序。
- **持股数量**、**较上期持仓量变动**、**持股市值**、**持股市值变动**、**占净资产比例**和**占净资产比例变化**：详细记录基金持股的数量、价值及其变化情况。
- **投资类型**：描述基金的投资类别，如股票、债券等。
- **是否QA**、**是否人工修改**和**是否有效**：标识数据的质量和有效性。
- **数据插入时间**和**数据修改时间**：记录数据的创建和修改时间。

该表格通过详细记录基金的持股信息，帮助投资者和管理者了解基金的投资组合及其变化情况。","FUND_HCODE,REPORT_DATE,SEC_NAME,FUND_HOLDING_SOURCE_ID",0,,,1,,"2024-08-07 16:36:52",,"2024-08-16 17:20:44",
354,XT,MYSQL,FUND_INFO,"10040",基金前10大股票变化情况(半年报、年报),FUND_TOP10_STOCK_CHANGE_HY,,"表格FUND_TOP10_STOCK_CHANGE_HY-基金前10大股票变化情况(半年报、年报): 表格“基金前10大股票变化情况(半年报、年报)”（FUND_TOP10_STOCK_CHANGE_HY）用于记录基金在半年报和年报中前10大股票的变化情况。该表格包含多个字段，详细记录了基金和证券的相关信息以及变化情况。

具体字段包括：

1. **自增列**：唯一标识每条记录。
2. **基金内部代码**、**基金代码**、**基金简称**：分别记录基金的内部代码、公开代码和简称。
3. **证券内部代码**、**证券代码**、**证券简称**：分别记录证券的内部代码、公开代码和简称。
4. **报告期**：记录数据所属的报告期。
5. **变化类型**：标识股票变化类型，1表示新进入前10大，2表示新剔出前10大。
6. **变化名称**：描述变化的具体名称。
7. **是否QA**、**是否人工修改**、**是否有效**：分别标识数据是否经过质量保证、是否被人工修改以及是否有效。
8. **数据插入时间**、**数据修改时间**：记录数据的插入和最后修改时间。

通过这些字段，用户可以详细了解基金在不同报告期内前10大股票的变化情况，包括哪些股票新进入或被剔除，以及这些数据的有效性和修改历史。","FUND_HCODE,SEC_HCODE,REPORT_DATE",0,,,1,,"2024-08-07 16:36:52",,"2024-08-12 16:12:21",
355,XT,MYSQL,FUND_INFO,"10041",基金前10大股票变化情况(季报),FUND_TOP10_STOCK_CHANGE_Q,,"表格FUND_TOP10_STOCK_CHANGE_Q-基金前10大股票变化情况(季报): 表格“基金前10大股票变化情况(季报)”（英文名：FUND_TOP10_STOCK_CHANGE_Q）用于记录基金在每个季度报告期内前10大股票的变化情况。该表格包含以下字段：

- **ID**：自增列，用于唯一标识每条记录。
- **基金内部代码**和**基金代码**：分别记录基金的内部代码和公开代码。
- **基金简称**：记录基金的简要名称。
- **证券内部代码**和**证券代码**：分别记录证券的内部代码和公开代码。
- **证券简称**：记录证券的简要名称。
- **报告期**：记录数据对应的季度报告期。
- **变化类型**：标识股票变化的类型，1表示新进入前10大，2表示新剔出前10大。
- **变化名称**：记录变化的具体名称。
- **是否QA**、**是否人工修改**和**是否有效**：分别标识数据是否经过质量保证、是否经过人工修改以及数据是否有效。
- **数据插入时间**和**数据修改时间**：分别记录数据的插入和最后修改时间。

该表格主要用于跟踪和分析基金在每个季度内前10大持仓股票的变化情况，帮助投资者和基金管理者了解基金持仓的动态调整。","FUND_HCODE,SEC_HCODE,REPORT_DATE",0,,,1,,"2024-08-07 16:36:53",,"2024-08-12 16:12:21",
356,XT,MYSQL,FUND_INFO,"10042",基金持有赛道市值情况,FUND_TRACK_HOLDING,,"表格FUND_TRACK_HOLDING-基金持有赛道市值情况: 表格“FUND_TRACK_HOLDING”用于记录基金持有的赛道市值情况。该表格包含多个字段，详细描述了基金在不同赛道中的持股情况及其变化。具体字段包括：

- **ID**：自增列，用于唯一标识每条记录。
- **基金代码及名称**：包括基金内部代码、基金代码和基金简称，用于标识和描述基金。
- **赛道信息**：包括赛道大类ID、赛道代码、赛道名称和赛道指数代码，用于分类和描述基金持有的赛道。
- **报告期**：记录数据的报告日期。
- **持股市值及变动**：包括持股市值和持股市值变动，记录基金在各赛道中的持股市值及其变化情况。
- **净资产比例**：包括占基金经理持有净资产比例和归一化后的净资产比例，描述基金在各赛道中的持股市值占基金净资产的比例。
- **历史记录**：包括是否QA、是否人工修改和是否有效，用于标识数据的质量和有效性。
- **时间戳**：包括数据插入时间和数据修改时间，用于记录数据的创建和修改时间。

该表格通过详细记录基金在不同赛道中的持股情况及其变化，为基金管理和分析提供了重要的数据支持。","FUND_HCODE,TRACK_ID,TRACK_CODE,REPORT_DATE",0,,,1,,"2024-08-07 16:36:53",,"2024-08-12 16:12:21",
357,XT,MYSQL,FUND_INFO,"10043",基金换手率,FUND_TURNOVER_RATE,,表格FUND_TURNOVER_RATE-基金换手率: 表格“基金换手率”（FUND_TURNOVER_RATE）用于记录和管理基金的换手率信息。该表格包含多个字段，分别记录了基金的基本信息、换手率数据以及数据管理相关的信息。具体字段包括：自增列（ID），用于唯一标识每条记录；基金内部代码（FUND_HCODE）和基金代码（FUND_SYMBOL），用于标识基金；基金简称（FUND_NAME），用于记录基金的名称；报告期（REPORT_DATE），用于记录数据的时间点；换手率（TURNOVER_RATE），用于记录基金的换手率数值。此外，还有三个字段用于数据质量和有效性管理，分别是是否QA（HISQA）、是否人工修改（HISMAN）和是否有效（HISVALID）。最后，数据插入时间（HCREATETIME）和数据修改时间（HUPDATETIME）字段用于记录数据的创建和更新时间。该表格通过详细记录这些信息，帮助用户有效地管理和分析基金的换手率情况。,"FUND_HCODE,REPORT_DATE",0,,,1,,"2024-08-07 16:36:54",,"2024-08-12 16:12:21",
358,XT,MYSQL,FUND_INFO,"10044",标签信息表,LABEL_INFO,包含申万行业、题材等标签,"表格LABEL_INFO-标签信息表: 标签信息表（LABEL_INFO）主要用于记录和管理各种标签信息，包括申万行业和题材等标签。表格中的字段涵盖了标签的基本属性、分类信息、时间信息以及其他相关信息。

具体字段包括：

1. **ID**：自增列，用于唯一标识每条记录。
2. **标签类型**：包括行业、题材和细分题材。
3. **一级标签代码和名称**：用于标识和描述一级标签。
4. **二级标签代码和名称**：用于标识和描述二级标签，特别是申万行业的具体分类。
5. **标签代码和名称**：用于标识和描述具体的标签。
6. **标签对应指数标准代码和指数代码**：用于关联标签与其对应的指数。
7. **开始日期和截止日期**：记录标签的有效时间范围，截止日期为空时默认为""2099-01-01""。
8. **查询聚源对应行业研报的语句**：用于查询相关行业研报。
9. **备注**：用于记录其他补充信息。
10. **是否QA、是否人工修改、是否有效**：用于标识标签的质量控制和有效性状态。
11. **数据插入时间和数据修改时间**：记录数据的创建和最后修改时间。

该表格通过详细记录标签的各类信息，便于对标签进行分类、查询和管理。","LABEL_TYPE,LABEL_CODE,BEGIN_DATE",0,,,1,,"2024-08-07 16:36:54",,"2024-08-12 16:12:22",
359,XT,MYSQL,FUND_INFO,"10045",股票标签信息表,SECU_LABEL_INFO,记录股票所属标签信息,"表格SECU_LABEL_INFO-股票标签信息表: 股票标签信息表（SECU_LABEL_INFO）记录了股票所属的标签信息。表格中的字段包括：

1. **ID**：自增列，用于唯一标识每条记录。
2. **标签类型**：表示标签的类别，如行业、题材、细分题材。
3. **证券内部代码**和**证券代码**：分别记录证券的内部代码和公开代码。
4. **证券简称**：记录证券的简短名称。
5. **标签代码**和**标签名称**：分别记录标签的代码和名称，标签代码与LABEL_INFO表中的LABEL_CODE相关联。
6. **标签对应指数标准代码**和**标签对应指数代码**：记录标签对应的指数标准代码和指数代码。
7. **开始日期**和**截止日期**：记录标签的有效起始和结束日期，截止日期为空时默认为""2099-01-01""。
8. **备注**：用于记录额外的说明信息。
9. **是否QA**、**是否人工修改**和**是否有效**：分别记录该标签是否经过质量保证、是否被人工修改以及是否有效。
10. **数据插入时间**和**数据修改时间**：分别记录数据的插入和最后修改时间。

该表格主要用于管理和查询股票的标签信息，帮助用户了解股票所属的行业、题材等分类信息。","SEC_HCODE,LABEL_TYPE,LABEL_CODE,BEGIN_DATE",0,,,1,,"2024-08-07 16:36:55",,"2024-08-12 16:12:22",
360,XT,MYSQL,FUND_INFO,"10046",指数行情表,INDEX_QUOTE_ALL,"表格INDEX_QUOTE_ALL-指数行情表: 表格“INDEX_QUOTE_ALL”是一个用于记录指数行情的详细数据表。该表格包含多个字段，涵盖了指数在交易日的各类重要信息。具体字段包括：

- **ID**：自增列，用于唯一标识每条记录。
- **交易日**：记录数据对应的交易日期。
- **指数代码**和**指数简称**：分别记录指数的代码和简称。
- **收盘价**、**最高价**、**最低价**：记录指数在交易日内的收盘价、最高价和最低价。
- **涨跌幅**：记录指数的涨跌幅度。
- **成交量**和**成交额**：记录指数的成交量和成交金额。
- **指数类型**：标识指数类型，1表示普通指数，2表示利率指数。
- **是否QA**、**是否人工修改**、**是否有效**：分别标识数据是否经过质量保证、是否被人工修改以及数据是否有效。
- **数据插入时间**和**数据修改时间**：记录数据的插入和最后修改时间。
- **指数市盈率（PE）**、**指数市净率（PB）**、**指数股息率**：记录指数的市盈率、市净率和股息率。
- **总市值**和**流通市值**：记录指数的总市值和流通市值。

该表格通过详细记录这些字段的数据，提供了全面的指数行情信息，便于分析和研究指数的市场表现。","表格INDEX_QUOTE_ALL-指数行情表: 表格“INDEX_QUOTE_ALL”是一个用于记录指数行情的详细数据表。该表格包含多个字段，涵盖了指数在交易日的各类重要信息。具体字段包括：

- **ID**：自增列，用于唯一标识每条记录。
- **交易日**：记录数据对应的交易日期。
- **指数代码**和**指数简称**：分别记录指数的代码和简称。
- **收盘价**、**最高价**、**最低价**：记录指数在交易日内的收盘价、最高价和最低价。
- **涨跌幅**：记录指数的涨跌幅度。
- **成交量**和**成交额**：记录指数的成交量和成交金额。
- **指数类型**：标识指数类型，1表示普通指数，2表示利率指数。
- **是否QA**、**是否人工修改**、**是否有效**：分别标识数据是否经过质量保证、是否被人工修改以及数据是否有效。
- **数据插入时间**和**数据修改时间**：记录数据的插入和最后修改时间。
- **指数市盈率（PE）**、**指数市净率（PB）**、**指数股息率**：记录指数的市盈率、市净率和股息率。
- **总市值**和**流通市值**：记录指数的总市值和流通市值。

该表格通过详细记录这些字段的数据，提供了全面的指数行情信息，便于分析和研究指数的市场表现。","INDEX_CODE,TRADING_DAY",0,,,1,,"2024-08-07 16:36:55",,"2025-01-16 15:13:18",
361,XT,MYSQL,FUND_INFO,"10047",基金分类表(Wind),MUTUAL_FUND_SECTOR,Wind的基金分类信息表,"表格MUTUAL_FUND_SECTOR-基金分类表(Wind): 基金分类表（Wind）是一个用于记录和管理基金分类信息的表格。该表格的主要数据来源是Wind的基金分类信息表。表格中的字段包括：

1. **ID**：自增列，用于唯一标识每条记录。
2. **基金内部代码**、**基金代码**、**基金简称**：这些字段用于记录基金的基本信息，包括内部代码、公开代码和简称。
3. **开始日期**和**结束日期**：用于记录基金分类的有效时间范围，结束日期为null时默认为""2099-01-01""。
4. **最新标志**：标识该记录是否为最新，1表示最新，0表示不是最新。
5. **原始分类代码**、**一级分类代码**及名称、**二级分类代码**及名称、**三级分类代码**及名称、**四级分类代码**及名称：这些字段用于记录基金的分类信息，从原始分类到四级分类。
6. **数据来源**：默认取值为2，表示数据的来源。
7. **是否QA**、**是否人工修改**、**是否有效**：这些字段用于记录数据的质量控制信息，包括是否经过质量保证、是否人工修改以及是否有效。
8. **数据插入时间**和**数据修改时间**：用于记录数据的插入和最后修改时间。

这个表格的用途是帮助用户系统地管理和查询基金的分类信息，确保基金分类数据的准确性和时效性。","FUND_HCODE, BEGIN_DATE, ORIGINAL_SECTOR_CODE, SOURCE_ID",0,,,1,,"2024-08-07 16:36:56",,"2024-08-12 16:16:51",
362,XT,MYSQL,FUND_INFO,"10048",基金持有个股情况统计(半年报、年报),STOCK_HOLD_STATISTICS_HY,统计股票被所有主动型基金持有情况,"表格STOCK_HOLD_STATISTICS_HY-基金持有个股情况统计(半年报、年报): 表格“STOCK_HOLD_STATISTICS_HY”用于统计基金持有个股的情况，数据来源于所有主动型基金的持仓信息，主要用于半年报和年报的分析。表格包含多个字段，详细记录了基金持有股票的各类信息。

字段包括：自增列（ID）、报告期（REPORT_DATE）、证券内部代码（SEC_HCODE）、证券代码（COMB_SYMBOL）、证券简称（SEC_NAME）、股票流通市值（NEGOTIABLE_MV）、基金持有股票市值（MV_BY_FUND）、基金持有股数（SHARES_HOLDING）、持有该股票的基金数量（FUND_NUM）、持有该股票的基金经理数量（MANAGER_NUM）、持有该股票的基金公司数量（INST_NUM）、基金持股比例（INST_HOLD_RATIO）、首次重仓该股票的基金经理人数（FIRST_BUY_MANAGER_NUM）、股票存在期数（LIST_QUARTER）、是否QA（HISQA）、是否人工修改（HISMAN）、是否有效（HISVALID）、数据插入时间（HCREATETIME）、数据修改时间（HUPDATETIME）。

此外，表格还记录了基金持有股票市值变动（MV_BY_FUND_CHANGE）、基金持有股数变动（SHARES_HOLDING_CHANGE）、持有该股票的基金数量变动（FUND_NUM_CHANGE）、持有该股票的基金经理数量变动（MANAGER_NUM_CHANGE）、持有该股票的基金公司数量变动（INST_NUM_CHANGE），这些变动字段表示本期与上期的差异。

通过这些字段，用户可以全面了解基金在不同报告期内对个股的持有情况及其变化，为投资决策和市场分析提供重要参考。","REPORT_DATE, SEC_HCODE, COMB_SYMBOL",0,,,1,,"2024-08-08 14:50:33",,"2024-08-12 16:16:51",
363,XT,MYSQL,FUND_INFO,"10049",基金持有个股情况统计(季报),STOCK_HOLD_STATISTICS_Q,统计股票被所有主动型基金持有情况,"表格STOCK_HOLD_STATISTICS_Q-基金持有个股情况统计(季报): 表格“STOCK_HOLD_STATISTICS_Q”是用于统计基金持有个股情况的季报数据。该表格记录了股票被所有主动型基金持有的详细情况。主要字段包括：

- **ID**：自增列，用于唯一标识每条记录。
- **报告期**：记录数据对应的报告期。
- **证券内部代码**、**证券代码**、**证券简称**：分别记录股票的内部代码、公开代码和简称。
- **股票流通市值**、**基金持有股票市值**、**基金持有股数**：分别记录股票的流通市值、基金持有的市值和股数。
- **多少只基金持有该股票**、**多少基金经理持有该股票**、**多少基金公司持有该股票**：分别记录持有该股票的基金数量、基金经理数量和基金公司数量。
- **基金持股比例**：表示基金持有股票市值占个股流通市值的比例。
- **本报告期首次重仓该股票的基金经理人数**、**本报告期首次持有该股票的基金经理人数**：分别记录首次重仓和首次持有该股票的基金经理人数。
- **股票存在期数(季度)**：记录股票自上市以来的存在期数。
- **是否QA**、**是否人工修改**、**是否有效**：分别表示数据是否经过质量检查、是否被人工修改以及是否有效。
- **数据插入时间**、**数据修改时间**：分别记录数据的插入和修改时间。
- **基金持有股票市值变动**、**基金持有股数变动**、**多少只基金持有该股票变动**、**多少基金经理持有该股票变动**、**多少基金公司持有该股票变动**：分别记录基金持有股票市值、持有股数、持有基金数量、持有基金经理数量和持有基金公司数量的变动情况。

该表格通过详细记录和统计这些数据，帮助分析基金对个股的持有情况及其变化趋势。","REPORT_DATE, SEC_HCODE, COMB_SYMBOL",0,,,1,,"2024-08-08 14:50:34",,"2024-08-12 16:16:51",
364,XT,MYSQL,FUND_INFO,"10050",A股ETF标签信息表,ETF_LABEL_INFO_CHINA,记录中国市场上市交易的ETF的标签信息,"表格ETF_LABEL_INFO_CHINA-A股ETF标签信息表: A股ETF标签信息表（ETF_LABEL_INFO_CHINA）记录了中国市场上市交易的ETF的详细标签信息。该表格包含多个字段，用于描述ETF的各种属性和分类。主要字段包括：

- **ID**：自增列，用于唯一标识每条记录。
- **ETF代码**和**ETF名称**：分别记录ETF的代码和名称。
- **资产类别**、**债券类型**、**信用质量**、**到期**、**规模**、**风格**、**商品类型**及其细分、**货币类型**、**另类投资类型**、**申万一级行业**、**申万二级行业**、**申万三级行业**、**区域**、**国家**、**赛道**：这些字段用于详细描述ETF的各类属性和分类。
- **是否高股息**、**是否主动型**、**是否交易所债券**、**是否反向**、**是否LOF**、**是否QDII**、**是否QA**、**是否人工修改**、**是否有效**：这些字段以布尔值（1-是，0-否）表示ETF的特定属性。
- **杠杆率**、**加权方式**、**发行公司**、**基金类型**、**基金内部代码**：这些字段提供了ETF的财务和管理信息。
- **数据插入时间**和**数据修改时间**：记录了数据的创建和更新时间。

该表格的用途是为用户提供全面的ETF标签信息，以便进行详细的分析和分类。",FUND_HCODE,0,,,1,,"2024-08-08 16:23:44",,"2024-08-12 16:16:51",
365,XT,MYSQL,FUND_INFO,"10051",美股ETF标签信息表,ETF_LABEL_INFO_USA,记录美国市场上市交易的ETF的标签信息,表格ETF_LABEL_INFO_USA-美股ETF标签信息表: 美股ETF标签信息表（ETF_LABEL_INFO_USA）记录了在美国市场上市交易的ETF的详细标签信息。该表格包含以下字段：自增列ID、基金内部代码、ETF代码、ETF名称、资产类别、债券类型、信用质量、到期、规模、风格、商品类型及其细分、货币类型、另类投资类型、行业、是否高股息、区域、国家、是否主动型、是否反向、是否ETN、杠杆率、发行公司、是否QA、是否人工修改、是否有效、数据插入时间和数据修改时间。这些字段涵盖了ETF的基本信息、分类属性、投资特性以及数据管理信息，旨在为用户提供全面的ETF标签信息。,FUND_HCODE,0,,,1,,"2024-08-08 16:23:45",,"2024-08-12 16:16:51",
366,XT,MYSQL,FUND_INFO,"10052",基金份额变动,FUND_SHARES_CHANGE,记录基金份额相关数据，交易所上市基金（如ETF、LOF）日更新，其他基金季更新,"表格FUND_SHARES_CHANGE-基金份额变动: 表格“基金份额变动”（FUND_SHARES_CHANGE）记录了基金份额相关的数据，主要用于跟踪和分析基金份额的变化情况。该表格的数据来源包括交易所上市基金（如ETF、LOF）日更新和其他基金季更新。表格中的字段涵盖了基金的基本信息、份额变动情况、交易数据以及其他相关信息。

具体字段包括：

1. 基本信息：基金代码、基金内部代码、基金简称、开始日期、截止日期、统计区间、信息来源、信息发布日期。
2. 份额变动：期初份额、本期申购、本期赎回、拆分折算份额变动、期末份额、基金份额变化、基金份额变化率、流通份额、红利再投资、同系基金转入、同系基金转出。
3. 交易数据：成交量、成交额、平均成交价、收盘价格、资金净流入、资金累计流入。
4. 其他信息：是否合并披露、是否QA、是否人工修改、是否有效、数据插入时间、数据修改时间。

通过这些字段，用户可以全面了解基金在不同时间段内的份额变动情况、交易情况以及相关的资金流动信息，从而为投资决策提供数据支持。","FUND_HCODE, END_DATE, STAT_PERIOD",0,,,1,,"2024-08-08 18:37:52",,"2024-08-12 16:16:51",
367,XT,MYSQL,FUND_PUBLIC,"10053",基金业绩基准表,FUND_BENCHMARK,基金业绩基准表记录基金和指数相关的信息，包括主动型和ETF基金跟踪的指数，当需要寻找某一类指数时，使用该表，得到的指数都有基金跟踪，属于比较常用的指数。,表格FUND_BENCHMARK-基金业绩基准表: 基金业绩基准表（FUND_BENCHMARK）记录了基金和其跟踪的指数相关的信息，适用于寻找某一类指数时使用。该表包含多个字段，详细记录了基金的基本信息和运作情况。字段包括自增列ID、基金代码、基金简称、基金全称、上市日期、成立日期、业绩基准代码、业绩基准名称、基金运作方式（如契约型封闭式、开放式、LOF、ETF等）、基金类型（如股票型、债券型、货币型等）、基金投资类型、基金投资风格、交易市场、交易类型（如开放式基金、投资基金）、清算截止日、业绩比较基准文字描述、投资目标、标准业绩基准代码、托管费、管理费、基金内部代码、是否QA、是否人工修改、是否有效、数据插入时间和数据修改时间。这些字段共同提供了基金的详细信息，帮助用户了解基金的运作和业绩基准。,FUND_HCODE,0,,,1,,"2024-08-09 11:19:02",,"2024-08-12 16:21:35",
368,JY,oracle,ODSJY,"312",利润分配表附注_财务费用,LC_FinancialExpense,"说明:   
1.本附注描述上市公司(含科创板)财务费用的名细，依据所对应的报表，分别存在合并、母公司、调整前、调整后等数据，各项目单位均为人民币元。
2.数据范围：1997-12-31至今
3.信息来源：招股说明书、定报、审计报告等
表数据更新频率： 季更新",表格LC_FinancialExpense-利润分配表附注_财务费用: 表格“LC_FinancialExpense”是一个关于上市公司（包括科创板）财务费用的详细记录表。该表格记录了从1997年12月31日至今的财务费用数据，数据来源包括招股说明书、定报和审计报告等，且每季度更新一次。表格中的数据均以人民币元为单位。\n\n表格的主要字段包括：\n\n1. **ID** 和 **公司代码**：用于唯一标识每条记录和公司。\n2. **截止日期**、**信息来源**、**更正公告日期** 和 **更新日期**：记录数据的时间和来源信息。\n3. **是否合并** 和 **是否调整**：标识数据是否为合并报表数据以及是否经过调整。\n4. **利息支出**、**资金占用费支出**、**贴现利息支出**、**资本化利息支出**、**利息收入**、**资金占用费收入**、**贴息收入** 和 **利息净支出**：记录与利息相关的各项费用和收入。\n5. **汇兑损失**、**资本化汇兑损失**、**汇兑收益** 和 **汇兑损益**：记录与汇兑相关的损益情况。\n6. **现金折扣** 和 **其他财务收入**：记录其他类型的财务收入。\n7. **手续费**、**担保费** 和 **其他财务费用**：记录其他类型的财务费用。\n8. **合计**：记录所有财务费用的总和。\n9. **JSID**：用于系统内部标识。\n\n该表格通过详细记录各类财务费用，帮助用户了解上市公司在财务费用方面的具体情况。,"CompanyCode,EndDate,IfAdjusted,IfMerged",0,,,1,,"2024-08-09 12:37:12",,"2024-08-11 09:55:35",
369,JY,oracle,ODSJY,"313",公司领导人任职情况,LC_LeaderPosition,"说明:   
本表收录了上市公司董事会、监事会、经营层中主要领导人的历史任职变动情况，包括出生年月、职位名称、任职起始日和截止日等内容。
表数据更新频率： 不定时更新",表格LC_LeaderPosition-公司领导人任职情况: 表格“LC_LeaderPosition”记录了上市公司董事会、监事会和经营层主要领导人的历史任职变动情况。该表格包含以下字段：ID、公司代码、姓名、出生年月（包括日期和文本形式）、职位名称、职位代码、职位类别、候选日期、任职起始日、任职截止日、变动原因说明、变动原因类别、在任与否、更新时间和JSID。通过这些字段，用户可以了解领导人的详细任职信息，包括其职位变动的具体原因和当前在任状态。表格数据不定时更新，确保信息的及时性和准确性。,"CompanyCode,LeaderName,BirthYM,PositionCode,CandidacyDate,Position",0,,,1,,"2024-08-09 12:37:12",,"2024-08-11 09:56:12",
370,JY,oracle,ODSJY,"314",业绩预告,LC_PerformanceForecast,"说明:   
1.收录上市公司对未来报告期本公司业绩的预计情况，包括业绩预计类型、预计内容、具体预计值等。
2.数据范围：1998-12-31至今
3.信息来源：上市公司公告
error_outline 本表包含从表，从表使用方法详见从表使用帮助
表数据更新频率： 不定时更新
",表格  LC_PerformanceForecast-业绩预告: 表格“LC_PerformanceForecast”即“业绩预告”用于记录上市公司对未来报告期业绩的预计情况。该表格的数据来源于上市公司公告，数据范围从1998年12月31日至今，并不定时更新。表格包含以下主要字段：\n\n1. **ID**：唯一标识符。\n2. **公司代码**：与“证券主表”中的公司代码关联，获取上市公司的交易代码和简称等信息。\n3. **信息发布日期**：公告发布的日期。\n4. **业绩预计报告期**：预计业绩的报告期。\n5. **业绩预计类型**：包括预亏、不确定、预盈、预增、预平、经营计划、减亏、预降、减增、减降等类型。\n6. **业绩预计结果说明**：对预计结果的简要说明。\n7. **业绩预计内容描述**：详细描述预计内容。\n8. **预计对象**：包括累计利润、季度利润、累计收入、季度收入、每股收益、季度每股收益、累计扣除非经常性损益后归属母公司净利润、季度扣除非经常性损益后归属母公司净利润、累计非经常性损益、季度非经常性损益等。\n9. **预计对象值起始和截止**：预计对象值的起始和截止值（元）。\n10. **预计幅度起始和截止（披露和计算）**：预计幅度的起始和截止值（%），包括披露和计算的数值。\n11. **预计收入起始和截止**：预计收入的起始和截止值（元）。\n12. **上年同期收入**：上年同期的收入（元）。\n13. **预计净利润起始和截止**：预计净利润的起始和截止值（元）。\n14. **上年同期净利润**：上年同期的净利润（元）。\n15. **预计每股收益起始和截止**：预计每股收益的起始和截止值（元）。\n16. **上年同期基本每股收益**：上年同期的每股收益（元）。\n17. **发布时间**：信息的发布时间。\n18. **更新时间**：信息的更新时间。\n19. **JSID**：相关指标的唯一标识符。\n\n该表格通过详细记录和描述上市公司对未来业绩的预期，为投资者和分析师提供重要的参考信息。,"CompanyCode,InfoPublDate,EndDate,ForcastType,ForecastObject",0,,,1,,"2024-08-09 12:37:12",,"2024-08-11 09:01:32",
371,JY,oracle,ODSJY,"315",公司职工构成,LC_Staff,"说明:   
1.从技术职称、专业、文化程度、年龄等几个方面介绍公司职工构成情况。
2.数据范围：1999-12-31至今
3.信息来源：定期报告、招股说明书等
表数据更新频率： 季更新",表格LC_Staff-公司职工构成: 表格“LC_Staff”用于详细介绍公司职工构成情况，涵盖了从1999年12月31日至今的数据，并且每季度更新一次。数据来源包括定期报告和招股说明书等。表格中的字段包括：\n\n1. **ID**：唯一标识每条记录的编号。\n2. **公司代码**：标识公司身份的代码。\n3. **信息发布日期**和**截止日期**：记录信息的发布时间和数据的截止时间。\n4. **信息来源**：数据的来源渠道。\n5. **合并标志**：指示数据是否为合并数据或母公司数据。\n6. **分类方式**：用于区分数据的类别，包括技术职称、专业构成、教育程度、年龄结构等。\n7. **项目名称**和**项目代码**：具体描述分类方式下的项目，如高级职称、管理人员、博士等。\n8. **最低年龄**和**最高年龄**：记录员工的年龄范围。\n9. **员工数量**：记录特定分类下的员工总数。\n10. **占员工总数量比例**：记录特定分类下员工数量占总员工数量的比例。\n11. **备注说明**：提供额外的说明信息。\n12. **更新时间**：记录数据的最后更新时间。\n13. **JSID**：用于内部系统的标识编号。\n\n通过这些字段，表格全面展示了公司职工在技术职称、专业构成、文化程度和年龄等方面的构成情况。,"CompanyCode,EndDate,MergeMark,ClassfiedMethod,TypeName",0,,,1,,"2024-08-09 12:37:12",,"2024-08-11 09:57:51",
372,JY,oracle,ODSJY,"316",研究报告,C_RR_ResearchReport,"说明:   
1.本表收录了包括近200家证券、期货、银行等国内外金融机构发布的各类研究报告标题、作者等相关信息
2.数据范围：2004年至今
3.常量1004-中小企业板自2021年4月6日起不再使用。
error_outline 报告结论信息需要第三方授权
表数据更新频率： 工作日更新",表格C_RR_ResearchReport-研究报告: 表格“C_RR_ResearchReport”是一个研究报告数据库，收录了自2004年至今近200家国内外金融机构发布的各类研究报告的相关信息。该表格包含以下字段：\n\n1. **ID**：唯一标识每条记录的编号。\n2. **信息发布日期**、**撰写日期**、**发布时间**、**修改时间**：记录报告的发布日期、撰写日期、发布时间和最后修改时间。\n3. **研究报告类别**、**研究深度**、**栏目选择**：描述报告的类别、深度和所属栏目。\n4. **撰写机构**、**撰写机构名称**、**撰写机构名称(信息来源)**：提供撰写报告的机构及其名称。\n5. **标题**：报告的标题。\n6. **信息对象**、**信息地域划分**、**信息涉及市场**：描述报告涉及的对象、地域和市场。\n7. **撰写作者**、**联系人**：报告的作者和联系人信息。\n8. **证券内码**、**所属行业**、**所属行业(申万)**：涉及的证券内码及所属行业。\n9. **报告结论**、**投资建议**：报告的结论和投资建议。\n10. **语言**：报告的语言。\n11. **页数**：报告的页数。\n12. **JSID**：系统内部使用的编号。\n\n该表格每天更新，记录了丰富的研究报告信息，涵盖了报告的基本信息、分类、撰写机构、内容摘要等多个方面。,"",0,,,1,,"2024-08-09 12:37:12",,"2024-08-11 09:01:32",
373,JY,oracle,ODSJY,"317",可转债基本信息,bond_conbdbasicinfo,"说明:   
1.包含可转换债券的评级人、担保人、主承销商、债券要素、上市情况、以及发行公告中的转股和赎回信息等。
2.数据范围：1991-08-11 至今
3.信息来源：上交所、深交所、巨潮资讯网等
表数据更新频率： 不定时更新",表格bond_conbdbasicinfo-可转债基本信息: 表格“bond_conbdbasicinfo”是一个关于可转债基本信息的数据库表格。该表格包含了可转换债券的评级人、担保人、主承销商、债券要素、上市情况、以及发行公告中的转股和赎回信息等，数据范围从1991年8月11日至今，信息来源包括上交所、深交所和巨潮资讯网等，数据更新频率为不定时更新。\n\n表格中的字段包括：\n\n1. **基本信息**：ID、内部代码、对应基础股票内部代码、对应基础股票证券代码、对应基础股票证券简称、债券形式、附属权证、首次信息发布日期、最新状态、发行人公司代码、发行人、所属行业代码、所属省级区域、所属省级区域代码、所属市级区域、所属市级区域代码、担保人、担保方式、再担保人、反担保人、评级人、初始评级机构代码、债券信用级别、初始债项评级代码、保荐人、主承销商、退市整理期首日、退市整理期截止日、到期退出方式。\n\n2. **债券要素**：债券期限、起息日、到期日、实际到期日、初始债券面值、发行张数、实际发行规模、原股东配售转债占比、计息方式、付息方式、付息频率、兑付方式、累进利率计息年递增额、到期利息补偿、补偿利率、支付机制说明、利息条款描述、利息计算公式、初始票面年利率、最新票面利率、利率是否浮动、初始转股价、状态、含权券特殊期限、是否担保交收、浮动利率计息基准、初始基准利差、债券保底利率、利率调整模式。\n\n3. **上市情况**：上市起始日、摘牌日、最后交易日、停止交易日、上市交易平台、交易方式、最新计价方式。\n\n4. **转股/赎回/担保信息**：转股简称、最新转股价、转股申报代码、转换期起始日、转换期截止日、最后转股日、停止转股日、赎回保护期、赎回价、初始担保比例、是否向不特定对象发行、插入时间、更新时间、JSID。\n\n这些字段涵盖了可转债的各个方面，从基本信息到债券要素，再到上市情况和转股/赎回/担保信息，提供了全面的可转债数据。,InnerCode,0,,,1,,"2024-08-09 12:37:12",,"2024-08-11 09:01:32",
374,JY,oracle,ODSJY,"318",可转债转股价格变动,bond_conbdconvertprice,"说明:   
1.包含可转换债券转股价的历次变动情况。
2.数据范围：1992-11-01 至今
3.信息来源：上交所、深交所、巨潮资讯网等
表数据更新频率： 不定时更新",表格bond_conbdconvertprice-可转债转股价格变动: 这个表格名为“bond_conbdconvertprice”，中文定义为“可转债转股价格变动”，主要记录了可转换债券转股价格的历次变动情况。数据涵盖从1992年11月1日至今，信息来源包括上交所、深交所和巨潮资讯网等，更新频率不定时。表格中的字段包括：ID（唯一标识符）、内部代码（与债券代码对照表关联以获取交易代码和债券简称）、信息发布日期、信息来源、生效日期、转股价格（元/股）、变更原因（如增发、派现、配股、送转股、股票价格等）、更新时间和JSID。通过这些字段，用户可以详细了解每次可转债转股价格变动的具体信息及其原因。,"InnerCode,ValidDate",0,,,1,,"2024-08-09 12:37:12",,"2024-08-11 09:01:33",
375,JY,oracle,ODSJY,"319",资产负债表_新会计准则,dz_balancesheetall,"说明:   
1.内容说明：
1.1反映上市、发债、非上市非发债公司依据2007年新会计准则在年报、中报、季报中披露的资产负债表数据；并依据新旧会计准则的科目对应关系，收录主要科目的历史对应数据。
1.2收录同一公司在报告期末的四种财务报告，即未调整的合并报表、未调整的母公司报表、调整后的合并报表以及调整后的母公司报表。
1.3若某个报告期的数据有多次调整，则该表展示历次调整数据。
1.4该表中各财务科目的单位均为人民币元。
1.5带“##”的特殊项目为单个公司披露的非标准化的科目，对应的“特殊字段说明”字段将对其作出说明；带“##”的调整项目是为了让报表的各个小项借贷平衡而设置的，便于客户对报表的遗漏和差错进行判断。
2.数据范围：1989-12-31至今
3.信息来源：招股说明书、定报、审计报告等
表数据更新频率： 季更新",表格dz_balancesheetall-资产负债表_新会计准则: 表格“dz_balancesheetall”是一个反映上市、发债、非上市非发债公司依据2007年新会计准则在年报、中报、季报中披露的资产负债表数据的数据库表。该表记录了从1989年12月31日至今的财务数据，并且每季度更新一次。表格中的数据来源包括招股说明书、定报、审计报告等。\n\n表格中的字段涵盖了资产负债表的各个方面，包括：\n\n1. 基本信息字段：ID、信息发布日期、信息来源、信息来源编码、公告类别、公司代码、截止日期、是否调整、是否合并、完整标志、会计准则、报表格式类型等。\n2. 流动资产模块：货币资金/现金及存放中央银行款项、其中:货币资金、其中:货币资金:客户资金存款、其中:现金及存放中央银行款项、结算备付金、其中:客户备付金、拆出资金、融出资金、存放同业款项、存放联行款项、贵金属、交易性金融资产合计、其中:交易性金融资产、其中:以公允价值计量且其变动计入当期损益的金融资产、衍生金融资产、存出保证金、应收票据及应收账款、其中:应收票据、其中:应收账款、应收款项融资、预付款项、应收保费、应收代位追偿款、应收分保账款、应收分保合同准备金、其中:应收分保未到期责任准备金、其中:应收分保未决赔款准备金、其中:应收分保寿险责任准备金、其中:应收分保长期健康险责任准备金、其他应收款(含利息和股利)、其中:其他应收款、其中:应收股利、其中:应收利息、应收融资租赁款、应收款项、应收货币保证金、应收质押保证金、应收结算担保金、应收风险损失款、应收手续费及佣金、买入返售金融资产、存货、其中:消耗性生物资产、合同资产、代理业务资产、持有待售资产、待摊费用、保户质押贷款、一年内到期的非流动资产、其他流动资产、##流动资产特殊项目、##流动资产调整项目、流动资产合计。\n3. 非流动资产模块：发放贷款和垫款、债权投资合计、其中:债权投资、其中:以摊余成本计量的金融资产、其他债权投资合计、其中:其他债权投资、其中:以公允价值计量且其变动计入其他综合收益的债务工具投资、投资-贷款及应收款项(应收款项类投资)、定期存款、其他权益工具投资合计、其中:其他权益工具投资、其中:以公允价值计量且其变动计入其他综合收益的非交易性权益工具投资、以公允价值计量且其变动计入其他综合收益的金融资产、持有至到期投资、可供出售金融资产、其他非流动金融资产、委托贷款、长期应收款、长期股权投资、存出资本保证金、投资性房地产、固定资产合计、其中:固定资产、其中:固定资产清理、在建工程合计、其中:在建工程、其中:工程物资、生产性生物资产、公益性生物资产、油气资产、使用权资产、无形资产、其中:交易席位费、开发支出、商誉、长期待摊费用、独立账户资产、递延所得税资产、抵债资产、期货会员资格投资、其他非流动资产、##非流动资产特殊项目、##非流动资产调整项目、非流动资产合计。\n4. 资产总计模块：金融投资、其他资产、##资产特殊项目、##资产调整项目、资产总计。\n5. 流动负债模块：短期借款、其中:质押借款、应付短期融资款、应付短期债券、向中央银行借款、拆入资金、交易性金融负债合计、其中:交易性金融负债、其中:以公允价值计量且其变动计入当期损益的金融负债、衍生金融负债、应付票据及应付账款、其中:应付票据、其中:应付账款、预收款项、预收保费、合同负债、卖出回购金融资产款、吸收存款及同业存款、其中:吸收存款、其中:同业及其他金融机构存放款项、联行存放款项、代理买卖证券款、代理承销证券款、应付职工薪酬、应交税费、其他应付款(含利息和股利)、其中:其他应付款、其中:应付股利、其中:应付利息、应付款项、应付手续费及佣金、应付货币保证金、应付质押保证金、应付期货投资者保障基金、应付分保账款、代理业务负债、持有待售负债、应付赔付款、应付保单红利、保户储金及投资款、保险合同准备金、存入保证金、预提费用、递延收益、担保赔偿准备金、担保业务准备金、期货风险准备金、一年内到期的非流动负债、其他流动负债、##流动负债特殊项目、##流动负债调整项目、流动负债合计。\n6. 非流动负债模块：长期保险合同准备金、其中:未到期责任准备金、其中:未决赔款准备金、其中:寿险责任准备金、其中:长期健康险责任准备金、长期借款、应付债券、其中:优先股(应付债券)、其中:永续债(应付债券)、租赁负债、长期应付款合计、其中:长期应付款、其中:专项应付款、应付融资租赁款、长期应付职工薪酬、预计负债、长期递延收益、独立账户负债、递延所得税负债、其他非流动负债、##非流动负债特殊项目、##非流动负债调整项目、非流动负债合计。\n7. 负债合计模块：其他负债、##负债特殊项目、##负债调整项目、负债合计。\n8. 所有者权益(或股东权益)模块：实收资本(或股本)、其他权益工具、其中:优先股(其他权益工具)、其中:永续债(其他权益工具)、资本公积、减:库存股、专项储备、其他综合收益、盈余公积、一般风险准备、交易风险准备、其他储备(公允价值变动储备)、未分配利润、外币报表折算差额、未确认投资损失、##归属母公司所有者权益(或股东权益)特殊项目、##归属母公司所有者权益(或股东权益)调整项目、归属母公司所有者权益(或股东权益)合计、其中:归属于母公司普通股股东权益、少数股东权益、##所有者权益(或股东权益)特殊项目、##所有者权益(或股东权益)调整项目、所有者权益(或股东权益)合计。\n9. 负债和所有者(或股东权益)总计模块：##负债和权益特殊项目、##负债和权益调整项目、负债和所有者权益(或股东权益)总计。\n10. 特殊字段说明模块：特殊字段说明、发布时间、更新时间、JSID。\n\n该表格通过详细记录和分类各类资产、负债及所有者权益，帮助用户全面了解企业的财务状况。,"InfoPublDate,CompanyCode,EndDate,IfAdjusted,IfMerged",0,,,1,,"2024-08-09 12:37:13",,"2024-08-11 09:01:33",
376,JY,oracle,ODSJY,"320",港股分红,hk_dividend,"说明:   
1.记录港股分红方案、数据以及日期安排等信息，包含主要字段有：股息期间、财政年度、是否分红、每股股息、送红股比例、送红利认股证比例、派实物比例、转股比例等。
2.数据范围：1999年至今。
3.数据来源：港交所。",表格hk_dividend-港股分红: 表格“hk_dividend”记录了港股分红的详细信息，数据来源于港交所，涵盖了从1999年至今的分红方案、数据及日期安排等内容。主要字段包括：\n\n1. **基本信息**：包括ID、内部编码、首次信息发布日期、事件进程、董事会公告日、董事会公告签署日、股东大会公告日、上市文件通告日、截止日期、分配报告类型、股息期间、财政年度、是否分红等。\n2. **分红方案**：包括分红方式、原始披露股息单位、公司预设派发股息单位、股息单位、每股股息、其他选择方式、每股特别股息、特别股息替代方式、送红股比例、送红利认股证比例、派实物比例、转增比例、派认购权比例、方案说明等。\n3. **分红数据**：包括每股股息（港元）、每股特别股息（港元）、派现总额、派现总额币种、派发基准、派发基准股数、红股总股数、红利认股证总份数、红利认股证认购价、转增总股数、实物分派相关公司内码、实物分派相关公司名称等。\n4. **分红日期安排**：包括最后买卖日、除净日、股权登记日、截止过户首日、截止过户末日、决定取消分红日、股息应付日、红股寄发日、红股买卖日、实物分派相关公司股票寄发日、实物分派相关公司股票上市日等。\n5. **以股代息**：包括以股代息发行价格、以股代息股份寄发日、以股代息股份上市日、发行以股代息股数、发布时间、修改日期、JSID等。\n\n该表格通过详细记录和关联各类分红信息，帮助用户全面了解港股的分红情况。,"InnerCode,InitialInfoPublDate,EndDate,Process,DividendPeriod,ExDate,DividendPayableDate",,,,1,,"2024-08-09 12:37:13",,"2024-08-09 12:37:13",
377,JY,oracle,ODSJY,"321",研究员荣誉表,C_LC_PerAward,"说明:   
1.本表收录具有影响力的机构或媒体对研究员每年的评比情况，包括获奖研究员的姓名、人员编码、获奖时证书编号、评奖单位、奖项及研究方向等信息。
2.数据范围：2005年至今",表格C_LC_PerAward-研究员荣誉表: 研究员荣誉表（C_LC_PerAward）记录了从2005年至今，具有影响力的机构或媒体对研究员每年的评比情况。该表格包含了获奖研究员的详细信息，包括研究员的姓名、人员编码、获奖时的证书编号、评奖单位、奖项及研究方向等。具体字段包括：唯一标识ID、机构荣誉ID、信息发布日期、信息来源、评奖单位编号、获奖年度、奖项编号、奖项描述、研究方向描述、研究方向编号、名次、所属机构名称、获奖机构编号、获奖团队、获奖人员排序、获奖人员姓名、获奖人员编码、更新时间和JSID。通过这些字段，可以详细了解每位研究员的获奖情况及其研究方向和所属机构等信息。,"OrgAwardID,AnalystsCode",0,,,0,,"2024-08-09 12:37:13",,"2024-08-26 18:18:13",
378,JY,oracle,ODSJY,"322",财务报告预约披露日,LC_ReserveReportDate,"说明:   
1.收录上市公司（剔除科创板）定期报告预约披露日信息，包括公告类别、预约披露起始与截止日和实际披露日期等内容。
2.数据范围：1990-12-28至今
表数据更新频率： 不定时更新",表格LC_ReserveReportDate-财务报告预约披露日: 表格“LC_ReserveReportDate”用于记录上市公司（不包括科创板）定期财务报告的预约披露日期信息。该表格包含多个字段，详细记录了相关信息。字段包括：唯一标识符（ID）、证券内部编码（InnerCode）、信息发布日期（InfoPublDate）、预约披露起始日（NoticeStartDate）、提示信息类别（NoticeType）、披露日期类别（DateType）、截止日期（EndDate）、实际披露日期（ActualDate）、更正公告披露次数（CorrectNum）、提示信息内容（NoticeContent）、是否有效（IfEffected）、发布时间（InsertTime）、更新时间（UpdateTime）和JSID。此外，表格中还包含一些已废弃的字段，如公告类别名称（BulletinTypeName）、公告类别（BulletinType）和预约披露截止日（NoticeEndDate）。该表格的数据范围从1990年12月28日至今，并且不定时更新。通过这些字段，用户可以获取上市公司财务报告的预约披露日期、实际披露日期及相关更正公告的信息。,"InnerCode,InfoPublDate,NoticeStartDate,NoticeType,DateType",0,,,1,,"2024-08-09 12:37:13",,"2024-08-11 10:01:16",
379,JY,oracle,ODSJY,"323",科创板业绩预告,lc_stibperformforecast,"说明:   
1.内容说明：收录科创板公司对未来报告期本公司业绩的预计情况，包括业绩预计类型、预计内容、具体预计值等。
2.数据范围：科创板上市至今
3.信息来源：科创板公司公告
error_outline 本表包含从表，从表使用方法详见从表使用帮助
表数据更新频率： 不定期更新",表格lc_stibperformforecast-科创板业绩预告: 表格“lc_stibperformforecast”是用于记录科创板公司业绩预告信息的。该表格收录了科创板公司对未来报告期业绩的预计情况，包括业绩预计类型、预计内容、具体预计值等，数据来源于科创板公司公告，数据范围涵盖科创板上市至今，更新频率不定期。\n\n表格中的字段包括：ID、公司代码、信息发布日期、业绩预计报告期、业绩预计类型、业绩预计结果说明、业绩变动原因类型、业绩预计内容描述、预计对象、预计对象值起始和截止、上年同期金额、预计幅度起始和截止（披露和计算）、公告ID、发布时间、更新日期和JSID。这些字段详细记录了公司代码、信息发布日期、业绩预计报告期、业绩预计类型、业绩变动原因、预计对象及其值、上年同期金额、预计幅度、公告ID、发布时间和更新日期等信息。,"CompanyCode,InfoPublDate,EndDate,ForecastObject",0,,,0,,"2024-08-09 12:37:13",,"2024-08-26 18:18:13",
380,JY,oracle,ODSJY,"324",重大事项要约收购附表,LC_TenderOfferAttach,"说明:   
本表存放要同一事件有多个要约收购人的具体清单，与主表“重大事项要约收购(LC_TenderOffer)”一起使用，包括要约收购人的名字、编码、与上市公司关系
error_outline 本表包含科创板数据
表数据更新频率： 不定期更新",表格LC_TenderOfferAttach-重大事项要约收购附表: 表格“重大事项要约收购附表（LC_TenderOfferAttach）”用于存储与同一事件相关的多个要约收购人的具体清单信息，并与主表“重大事项要约收购（LC_TenderOffer）”一起使用。该表包含以下字段：ID、RID、交易对象名称、交易对象性质、交易对象编码、发布时间、更新时间和JSID。ID和RID用于标识和关联主表数据；交易对象名称、交易对象性质和交易对象编码用于描述和标识交易对象的详细信息；发布时间和更新时间记录数据的创建和更新时刻。该表包含科创板数据，数据更新频率为不定期。,"RID,ObjectName",0,,,0,,"2024-08-09 12:37:13",,"2024-08-26 18:18:13",
381,JY,oracle,ODSJY,"325",重大事项要约收购,LC_TenderOffer,"说明:   
1.本表存放公司要约收购其它公司的事项说明，包括信息发布时间、时间内容、交易双方名称、企业编号、与上市公司关联关系、要约具体细则等指标。
2.数据范围：2003-至今
3.信息来源：上市公司公告
error_outline 本表包含从表，从表使用方法详见从表使用帮助；本表包含科创板数据
表数据更新频率： 不定时更新",表格LC_TenderOffer-重大事项要约收购: 表格“LC_TenderOffer”用于记录公司重大事项要约收购的详细信息。该表格包含了从2003年至今的相关数据，数据来源于上市公司公告，并且不定时更新。表格中的字段涵盖了多个方面的信息：\n\n1. **基本信息**：包括ID、公司代码、首次信息发布日期、最新信息发布日期、信息来源、公告类型、事件内容、行为描述、最新进展状态描述、事件主体、事件进程、行为方式、货币单位、更新时间和JSID。\n\n2. **交易双方**：包括事件主体名称、事件主体企业编号、事件主体与上市公司关联关系、交易对象名称、交易对象企业编号、交易对象与上市公司关联关系。\n\n3. **要约细则**：包括协议签署日期、要约目的、要约类型、支付方式、申报代码、收购简称、要约价格、要约数量下限、要约数量上限、占收购公司股份比例、要约期限起始日、要约期限截止日、要约市场过期日、要约款支付日、交易金额、财务顾问、财务顾问编号、法律顾问、法律顾问编号、备注说明。\n\n这些字段共同描述了公司在要约收购过程中涉及的各类信息，包括交易双方的基本信息、要约的具体细则、事件的进展和公告类型等。通过这些数据，可以全面了解公司要约收购的全过程及其相关细节。,"CompanyCode,InitialInfoPublDate,ObjectCode",0,,,0,,"2024-08-09 12:37:13",,"2024-08-26 18:18:13",
382,XT,MYSQL,FUND_PUBLIC,"10054",赛道和申万一级行业映射关系,CT_TRACK_DEFINE,,"表格CT_TRACK_DEFINE-赛道和申万一级行业映射关系: 表格“CT_TRACK_DEFINE”用于描述赛道和申万一级行业之间的映射关系。该表格包含多个字段，每个字段都有特定的用途和数据类型。字段包括：

1. **ID**：自增列，用于唯一标识每条记录。
2. **赛道分类代码**（TRACK_ID）：默认值为1。
3. **赛道编码**（TRACK_CODE）：用于表示不同类型的赛道，如科技、制造、金融等。
4. **赛道代码**（TRACK_INDEX_CODE）和**赛道名称**（TRACK_NAME）：分别用于存储赛道的代码和名称。
5. **行业代码**（INDEX_CODE）、**行业名称**（INDEX_NAME）和**行业内部代码**（INDEX_HCODE）：分别用于存储行业的代码、名称和内部代码。
6. **现在是否生效**（IF_CURRENT）：用于标识记录当前是否生效，1表示是，0表示否。
7. **是否QA**（HISQA）、**是否人工修改**（HISMAN）和**是否有效**（HISVALID）：这些字段用于记录数据的质量控制信息。
8. **数据插入时间**（HCREATETIME）和**数据修改时间**（HUPDATETIME）：分别记录数据的插入和最后修改时间。

通过这些字段，用户可以清晰地了解赛道与行业之间的映射关系及其相关的元数据。","TRACK_ID,TRACK_CODE,TRACK_NAME,INDEX_CODE",0,,,1,,"2024-08-09 16:38:49",,"2024-08-12 16:21:35",
383,JY,oracle,ODSJY,"326",港股资产负债表(中国会计准则),HK_BalanceSheetCN,"说明:   
1.介绍按中国会计准则披露的港股资产负债表中各项指标，该表为资产负债表的横表，标准会计科目与A股基本相同。
2.数据范围：2001年至今。
3.数据来源：港交所。","说明:   
1.介绍按中国会计准则披露的港股资产负债表中各项指标，该表为资产负债表的横表，标准会计科目与A股基本相同。
2.数据范围：2001年至今。
3.数据来源：港交所。","CompanyCode,EndDate,PeriodMark,Mark,CurrencyUnit
",0,,,0,,"2024-08-23 16:08:35",,"2024-09-19 18:23:39",
384,JY,oracle,ODSJY,"327",港股利润分配表(中国会计准则),HK_IncomeStatementCN,"说明:   
1.介绍按中国会计准则披露的港股利润分配表中各项指标，该表为利润分配表的横表，标准会计科目与A股基本相同。
2.数据范围：2002年至今。
3.数据来源：港交所。","说明:   
1.介绍按中国会计准则披露的港股利润分配表中各项指标，该表为利润分配表的横表，标准会计科目与A股基本相同。
2.数据范围：2002年至今。
3.数据来源：港交所。","CompanyCode,EndDate,PeriodMark,Mark,CurrencyUnit
",0,,,1,,"2024-08-23 16:08:35",,"2024-09-19 18:23:39",
385,JY,oracle,ODSJY,"328",港股现金流量表(中国会计准则),HK_CashFlowStatementCN,"说明:   
1.介绍按中国会计准则披露的港股现金流量表中各项指标，该表为现金流量表的横表，标准会计科目与A股基本相同。
2.数据范围：2003年至今。
3.数据来源：港交所。","说明:   
1.介绍按中国会计准则披露的港股现金流量表中各项指标，该表为现金流量表的横表，标准会计科目与A股基本相同。
2.数据范围：2003年至今。
3.数据来源：港交所。","CompanyCode,EndDate,PeriodMark,Mark,CurrencyUnit
",0,,,0,,"2024-08-23 16:08:35",,"2024-09-19 18:23:39",
386,JY,oracle,APP_RESEARCH_SERVICE,"329",概念题材主表,MDB_ENTITY_CONCEPT,记录市场上热门的题材。,,CONCEPT_HCODE,0,,,1,,"2024-08-26 18:37:46",,"2024-08-26 18:37:46",
387,JY,oracle,APP_RESEARCH_SERVICE,"330",概念题材关联的个股,CONCEPT_STK,记录市场上热门的题材包含的个股。,,"CONCEPT_HCODE,COMB_SYMBOL",0,,,1,,"2024-08-26 18:37:46",,"2024-08-26 18:37:46",
388,JULING,MYSQL,juling,"30001",香港公告附件表,ANN_HKATC,"主键：FLAGANN+SNUMATC,含义说明： [1]本表记录香港交易所“披露易”栏目披露的所有公司公告、衍生权证、牛熊证、基金等公告的附件信息，如：附件路径、附件大小等。[2]香港公告主表（ANN_HKMS）香港公告全文表（ANN_HKCT）香港公告附件表（ANN_HKATC）香港公告分类关联表（ANN_HKCLSAS）香港公告证券关联表（ANN_HKSEAS）香港公告分类参数表（ANN_HKLSPRM）组成整个香港市场公告体系内容。使用说明：[1]本表的公告标识（FLAGANN）字段关联香港公告主表（ANN_HKMS）的公告标识（FLAGANN）字段获取该公告主要信息。[2]根据本表的附件路径（ROUATC）可以获取公告相关的附件文件。","","",0,,,1,,"2024-09-20 14:44:23",,"2024-10-14 15:50:37",
389,JULING,MYSQL,juling,"30002",香港公告分类关联表,ANN_HKCLSAS,"主键：FLAGANN+CLSCODE,含义说明： [1]本表记录香港交易所“披露易”栏目披露的所有公司公告、衍生权证、牛熊证、基金等公告所属的公告分类信息。[2]香港公告主表（ANN_HKMS）香港公告全文表（ANN_HKCT）香港公告附件表（ANN_HKATC）香港公告分类关联表（ANN_HKCLSAS）香港公告证券关联表（ANN_HKSEAS）香港公告分类参数表（ANN_HKLSPRM）组成整个香港市场公告体系内容。使用说明：[1]本表的公告标识（FLAGANN）字段关联香港公告主表（ANN_HKMS）的公告标识（FLAGANN）字段获取该公告主要信息。[2]本表的分类代码（CLSCODE）字段关联香港公告分类参数表（ANN_HKLSPRM）的分类代码（CLSCODE）字段获取分类相关信息。","","",0,,,1,,"2024-09-20 14:44:23",,"2024-10-14 15:50:37",
390,JULING,MYSQL,juling,"30003",香港公告全文表,ANN_HKCT,"主键：FLAGANN,含义说明： [1]本表记录香港交易所“披露易”栏目披露的所有公司公告、衍生权证、牛熊证、基金等公告的全文内容。[2]香港公告主表（ANN_HKMS）香港公告全文表（ANN_HKCT）香港公告附件表（ANN_HKATC）香港公告分类关联表（ANN_HKCLSAS）香港公告证券关联表（ANN_HKSEAS）香港公告分类参数表（ANN_HKLSPRM）组成整个香港市场公告体系内容。使用说明：[1]本表的公告标识（FLAGANN）字段关联香港公告主表（ANN_HKMS）的公告标识（FLAGANN）字段获取该公告主要信息。[2]该表的全文内容大部分是“正文详见附件”需要关联香港公告附件表获取相关的附件文件。","","",0,,,1,,"2024-09-20 14:44:23",,"2024-10-14 15:50:37",
391,JULING,MYSQL,juling,"30004",香港公告分类参数表,ANN_HKLSPRM,"主键：CLSCODE,含义说明： [1]本表记录香港交易所披露的香港公告分类参数体系信息。[2]香港公告主表（ANN_HKMS）香港公告全文表（ANN_HKCT）香港公告附件表（ANN_HKATC）香港公告分类关联表（ANN_HKCLSAS）香港公告证券关联表（ANN_HKSEAS）香港公告分类参数表（ANN_HKLSPRM）组成整个香港市场公告体系内容。使用说明：[1]关联本表分类代码（CLSCODE）字段可获取该分类信息。","","",0,,,1,,"2024-09-20 14:44:23",,"2024-10-14 15:50:37",
392,JULING,MYSQL,juling,"30005",香港公告主表,ANN_HKMS,"主键：FLAGANN,含义说明： [1]本表记录香港交易所“披露易”栏目披露的所有公司公告、衍生权证、牛熊证、基金等公告的主要信息，如：公告日期、标题、公告语言、是否有附件，附件个数等。使用说明：[1]香港公告主表（ANN_HKMS）\香港公告全文表（ANN_HKCT）\香港公告附件表（ANN_HKATC）\香港公告分类关联表（ANN_HKCLSAS）\香港公告证券关联表（ANN_HKSEAS）\香港公告分类参数表（ANN_HKLSPRM）组成整个香港市场公告体系内容。","","",0,,,1,,"2024-09-20 14:44:23",,"2024-10-14 15:50:37",
393,JULING,MYSQL,juling,"30006",香港公告证券关联表,ANN_HKSEAS,"主键：FLAGANN+SEUNIC,含义说明： [1]本表记录香港交易所“披露易”栏目披露的所有公司公告、衍生权证、牛熊证、基金等公告的相关证券信息。[2]香港公告主表（ANN_HKMS）香港公告全文表（ANN_HKCT）香港公告附件表（ANN_HKATC）香港公告分类关联表（ANN_HKCLSAS）香港公告证券关联表（ANN_HKSEAS）香港公告分类参数表（ANN_HKLSPRM）组成整个香港市场公告体系内容。使用说明：[1]本表的公告标识（FLAGANN）字段关联香港公告主表（ANN_HKMS）的公告标识（FLAGANN）字段获取该公告主要信息。[2]本表股票品种的公告通过本表的证券统一编码（SEUNIC）字段关联香港股票代码表（HK_STKCODE）的股票统一编码（STKUNICODE）字段获取该股票相关信息；权证品种的公告通过本表的证券统一编码（SEUNIC）字段关联香港权证合约信息表（HK_WRTCTRINFO）的权证统一编码（WRTUNIC）字段获取该权证相关信息；基金品种的公告通过本表的证券统一编码（SE","","",0,,,1,,"2024-09-20 14:44:23",,"2024-10-14 15:50:37",
394,JULING,MYSQL,juling,"30007",基金管理人所辖基金明细,DERI_FND_MANA_DTL,"主键：MANA_CODE+INNER_CODE,含义说明： [1]本表记录基金管理人所辖基金明细的情况。使用说明：[1]本表MANA_CODE关联机构信息表ORG_PROFILE.OrgCode得到基金管理人详细信息。[2]本表INNER_CODE关联基金综合信息表FND_GEN_INFO.INNERCODE得到所持基金的相关信息。","","",0,,,1,,"2024-09-20 14:44:24",,"2024-10-14 15:50:38",
395,JULING,MYSQL,juling,"30008",公司公告附件表,DISC_ACCE_COM,"主键：DISC_ID+ACCE_ORDER,含义说明： [1]本表主要存储大陆公司公告附件信息，主要包括：公告标识，附件序号，附件路径，附件类型，附件标题等。使用说明：[1]本表DISC_ID关联公司公告主表DISC_MAIN_COM.DISC_ID，得到公司公告的基本信息。","","",0,,,1,,"2024-09-20 14:44:24",,"2024-10-14 15:50:38",
396,JULING,MYSQL,juling,"30009",公司公告分类关联表,DISC_CLS_COM,"主键：DISC_ID+CLS_CODE,含义说明： [1]本表为关联表，把公司公告主表和公告分类关联起来。主要包括：公告标识，分类代码和公告日期。","","",0,,,1,,"2024-09-20 14:44:24",,"2024-10-14 15:14:27",
397,JULING,MYSQL,juling,"30010",公告分类参数表,DISC_CLS_REF,"主键：CLS_CODE,含义说明： [1]本表为参数表，主要记录公告的分类名称信息以及层级数。","","",0,,,1,,"2024-09-20 14:44:24",,"2024-10-14 15:14:27",
398,JULING,MYSQL,juling,"30011",公告公司关联表,DISC_COM,"主键：DISC_ID+COMCODE,含义说明： [1]本表为关联表，把公司公告主表和相关公司关联起来。主要包括：公告标识，公司代码和公告日期。","","",0,,,1,,"2024-09-20 14:44:24",,"2024-10-14 15:14:27",
399,JULING,MYSQL,juling,"30012",公司公告全文表,DISC_CONTENT_COM,"主键：DISC_ID,含义说明： [1]本表主要记录每条公司公告的全文内容。","","",0,,,1,,"2024-09-20 14:44:24",,"2024-10-14 15:14:27",
400,JULING,MYSQL,juling,"30013",公司公告主表,DISC_MAIN_COM,"主键：DISC_ID,含义说明： [1]本表主要记录每条公司公告的主要属性，包含的内容有公告标识、公告日期、标题、来源、期卷号和业绩报告日期等。","","",0,,,1,,"2024-09-20 14:44:24",,"2024-10-14 15:14:27",
401,JULING,MYSQL,juling,"30014",基金投资组合资产配置,FND_ASSET_CONF,"主键：FUND_ID+ENDDATE+SOURCE,含义说明： [1]本表记录每个报告期(年报,中报,季报)的基金资产配置信息,如:持有股票,债券,基金,权证和银行存款及清算备付金的市值及其占资产总资产和基金净值的比例等信息。使用说明：[1]本表FUND_ID关联基金综合信息表FND_GEN_INFO.FUND_ID可得基金的详细信息。","","",0,,,1,,"2024-09-20 14:44:24",,"2024-10-14 16:00:24",
402,JULING,MYSQL,juling,"30015",基金资产负债表,FND_BALANCE,"主键：FUND_ID+RPT_DATE+ENDDATE,含义说明： [1]本表为基金三大财务报表之一,记录年报,中报和上市公告书中基金的资产和负债信息,如:基金资产总值,负债总值,基金资产净值,持有人权益合计等。使用说明：[1]本表FUND_ID关联基金综合信息表FND_GEN_INFO.FUND_ID可得基金的详细信息。","","",0,,,1,,"2024-09-20 14:44:24",,"2024-10-14 16:00:24",
403,JULING,MYSQL,juling,"30016",基金分类表,FND_CLS_CODE,"主键：INNER_CODE+CLS_REF+CHANGEDATE,使用说明：[1]本表当前记录ETF基金与被动型指数基金分类情况。","","",0,,,1,,"2024-09-20 14:44:24",,"2024-10-14 16:00:24",
404,JULING,MYSQL,juling,"30017",基金投资组合基金配置,FND_FND_CONF,"主键：FUND_ID+ENDDATE+SOURCE+SEC_INNER_CODE,含义说明： [1]本表记录基金在定期报告投资组合中的基金配置信息。[2]主要记录QDII和ETF联接基金的基金配置信息。使用说明：[1]本表的基金标识（FUND_ID）关联基金综合信息表（FND_GEN_INFO）的基金标识（FUND_ID）得到基金的基本信息。[2]本表的证券内部代码（SEC_INNER_CODE）关联基金投资组合证券代码专用表(FND_SEC_CODE_SPEC)的内部代码（INNER_CODE）得到所投资基金的基本信息。","","",0,,,1,,"2024-09-20 14:44:24",,"2024-10-14 16:00:24",
405,JULING,MYSQL,juling,"30018",基金综合信息表,FND_GEN_INFO,"主键：INNER_CODE,含义说明： [1]本表记录基金名称、基金代码、基金类型、交易市场、发行机构等基金的综合信息。[2]本表作为基金库码表作用存在。[3]基金码表代码体系说明：基金标识（FUND_ID）用于标识单一基金实体；基金内部代码（INNER_CODE）用于区分同一基金实体因收费方式、运作方式、申购额度等不同类型。使用说明：[1]基金代码（FUND_CODE）通常为基金的场外前端申购代码；在交易所交易的基金，其基金代码为交易代码。[2]本表的管理人代码（MANA_CODE）关联机构信息表（ORG_PROFILE）的机构代码（ORGCODE）得到基金管理公司的基本信息。[3]本表的托管人代码（TRUP_CODE）关联机构信息表（ORG_PROFILE）的机构代码（ORGCODE）得到基金托管机构的基本信息。","","",0,,,1,,"2024-09-20 14:44:24",,"2024-10-14 16:00:24",
406,JULING,MYSQL,juling,"30019",基金个人信息表,FND_INDI_INFO,"主键：INDI_ID,含义说明： [1]本表主要用于记录与基金和基金公司直接相关的管理人员个人信息,对于与基金和基金公司相关机构的个人信息本表不做记录。[2]本表作为基金个人信息码表作用存在。","","",0,,,1,,"2024-09-20 14:44:24",,"2024-10-14 15:14:27",
407,JULING,MYSQL,juling,"30020",基金投资组合行业配置（合并）,FND_INDU_SUM_CONF,"主键：FUND_ID+ENDDATE+SOURCE+INDU_INNER_CODE+INV_AREA_TYPE,含义说明： [1]本表记录基金投资组合配置统计的相关情况，主要用于巨灵金融终端上的专题统计模块，主要有行业市值、占净值比例、行业持股数等内容。[2]投资组合配置类型如果只披露积极投资或指数投资，则在转到产品表时亦会在本表生成全部投资类型的记录。使用说明：[1]本表FUND_ID关联基金综合信息表FND_GEN_INFO.FUND_ID得到相应基金的基本信息。[2]本表INDU_INNER_CODE关联行业分类代码表PUB_INDU_REF.INNER_CODE得到行业分类情况。[3] 旧版本证监会行业分类从2014年12月31日起停止维护，行业统一代码关联约束条件修改为INDU_SYS_MARK=14；[4]证监会行业不在披露数据改成中上协披露，从2024年二季报开始名称修改为中上协行业分类标准(2024)","","",0,,,1,,"2024-09-20 14:44:24",,"2024-10-14 16:00:25",
408,JULING,MYSQL,juling,"30021",基金投资目标范围比例表,FND_INVEST_PROP,"主键：FUND_ID+ITEM_NUM,含义说明： [1]本表记录基金的投资基准及其变动情况，包括所投资证券类别、投资比例、投资基准的起始日期、截止日期等内容。使用说明：[1]本表的基金标识（FUND_ID）关联基金综合信息表（FND_GEN_INFO）的基金标识（FUND_ID）得到基金的基本信息。","","",0,,,1,,"2024-09-20 14:44:24",,"2024-10-14 16:00:25",
409,JULING,MYSQL,juling,"30022",基金投资概念及风险历史记录表,FND_INVEST_RISK_HIST,"主键：INNER_CODE+CHANGEDATE,含义说明： [1]本表记录基金的投资理念、投资策略、风险说明等内容及变动情况。使用说明：[1]本表的基金内部代码（INNER_CODE）关联基金综合信息表（FND_GEN_INFO）的基金内部代码（INNER_CODE）得到基金的基本信息。","","",0,,,1,,"2024-09-20 14:44:25",,"2024-10-14 16:00:25",
410,JULING,MYSQL,juling,"30023",基金经理,FND_MANAGER,"主键：FUND_ID+DECLAREDATE+INDI_ID,含义说明： [1]本表记录基金经理、基金经理助理的任职信息，包括姓名、职位、在职状态、离职日期等内容。使用说明：[1]本表INDI_ID关联基金个人信息表FND_INDI_INFO.INDI_ID得到基金经理或助理的基本信息（注：2013年以后本表不再包含基金经理助理的任职信息)。[2]本表FUND_ID关联基金综合信息表FND_GEN_INFO.FUND_ID得到相应基金的基本信息。","","",0,,,1,,"2024-09-20 14:44:25",,"2024-10-14 16:00:25",
411,JULING,MYSQL,juling,"30024",交易所基金行情表,FND_MKT,"主键：SECCODE+tradedate,使用说明：[1]当收盘价、开盘价、最高价、最低价字段为零时，且存在申报买入/卖出价时，属于基金有上市无成交量。","","",0,,,1,,"2024-09-20 14:44:25",,"2024-10-14 16:00:25",
412,JULING,MYSQL,juling,"30025",基金净值表,FND_NET_VAL,"主键：INNER_CODE+ENDDATE,含义说明： [1]本表记录除货币型和理财型外基金的净值信息，主要内容为单位净值、累计净值和基金资产净值。使用说明：[1]本表INNER_CODE关联基金综合信息表FND_GEN_INFO.INNER_CODE得到相应基金的详细信；","","",0,,,1,,"2024-09-20 14:44:25",,"2024-10-14 16:00:25",
413,JULING,MYSQL,juling,"30026",基金发起人和公众持有结构,FND_ORGR_PUB_HOLD,"主键：FUND_ID+ENDDATE,含义说明： [1]本表记录封闭式基金发起人和社会公众持有基金情况，主要有发起人持有份额、社会公众持有份额、基金总份额等内容。[2]本表在披露中报和年报，以及上市公告书时采集数据。使用说明：[1]本表的基金标识（FUND_ID）关联基金综合信息表（FND_GEN_INFO）的基金标识（FUND_ID）得到基金的基本信息。[2]由于基金公告不再披露这部分信息，本表数据维护至2010年12月。","","",0,,,1,,"2024-09-20 14:44:25",,"2024-10-14 16:00:26",
414,JULING,MYSQL,juling,"30027",基金评级分类体系表,FND_RATE_REF,"主键：INNER_CODE,含义说明： [1]表中存放各基金评级机构的分类体系(晨星、银河、招商、济安、上海、天相、海通),后期更新进行覆盖式更新,只存放最新的体系结构,不保留历史数据。[2]天相有月度与季度的数据,此处存储的是月度数据。","","",0,,,1,,"2024-09-20 14:44:25",,"2024-10-14 15:14:28",
415,JULING,MYSQL,juling,"30028",基金关联关系表,FND_RELA_INFO,"主键：INNER_CODE+RELA_INNER_CODE,含义说明： [1]本表记录基金内部代码的关联关系情况。使用说明：[1]本表INNER_CODE关联基金综合信息表FND_GEN_INFO.INNER_CODE得到相应基金的详细信息。[2]本表RELA_INNER_CODE关联基金综合信息表FND_GEN_INFO.INNER_CODE得到相应关联基金的详细信息。[3]当 RELA_TYPE=16 时，为分级基金—同级基金关联，INNER_CODE 关联基金综合信息表（FND_GEN_INFO）.INNER_CODE，可获取A级基金的相关信息，RELA_INNER_CODE 关联基金综合信息表（FND_GEN_INFO）.INNER_CODE，可获取 B级基金的相关信息。","","",0,,,1,,"2024-09-20 14:44:25",,"2024-10-14 16:00:26",
416,JULING,MYSQL,juling,"30029",基金关联关系历史记录表,FND_RELA_INFO_HIST,"主键：INNER_CODE+RELA_INNER_CODE+CHANGEDATE,含义说明： [1]本表记录基金内部代码的关联关系及变动情况。使用说明：[1]本表的数据特征指向关系,即保持是从基金内部代码通过关联关系参数指向关联基金内部代码。[2]本表的基金内部代码（INNER_CODE）与关联基金内部代码（RELA_INNER_CODE）均可关联基金综合信息表（FND_GEN_INFO）的基金内部代码（INNER_CODE）得到基金的基本信息。[3]当 RELA_TYPE=16 时，为分级基金—同级基金关联，INNER_CODE 关联基金综合信息表（FND_GEN_INFO）.INNER_CODE，可获取A级基金的相关信息，RELA_INNER_CODE 关联基金综合信息表（FND_GEN_INFO）.INNER_CODE，可获取 B级基金的相关信息。","","",0,,,1,,"2024-09-20 14:44:25",,"2024-10-14 16:00:26",
417,JULING,MYSQL,juling,"30030",基金买卖股票成本收入表,FND_STK_COST,"主键：FUND_ID+STARTDATE+ENDDATE,含义说明： [1]本表记录基金买卖股票的成本和收入额。[2]本表在基金披露中报和年报时采集数据。[3]本表中的买卖差额、平均资产净值等字段为计算字段，具体参见字段备注。使用说明：[1]本表FUND_ID关联基金综合信息表FND_GEN_INFO.FUND_ID可得基金详细信息。","","",0,,,1,,"2024-09-20 14:44:25",,"2024-10-14 16:00:26",
418,JULING,MYSQL,juling,"30031",基金投资组合股票配置（合并）,FND_STK_SUM_CONF,"主键：FUND_ID+ENDDATE+STK_INNER_CODE+SOURCE,含义说明： [1]本表记录基金投资组合的股票配置明细，包括配置股票内部代码、持股数量、市值等内容。[2]投资组合配置类型如果只披露积极投资或指数投资，则在转到产品表时亦会在本表生成全部投资类型的记录。使用说明：[1]本表的基金标识（FUND_ID）关联基金综合信息表（FND_GEN_INFO）的基金标识（FUND_ID）得到基金的基本信息。[2]本表的股票内部代码（STK_INNER_CODE）关联基金投资组合证券代码专用表(FND_SEC_CODE_SPEC)的内部代码（INNER_CODE）得到股票的基本信息。","","",0,,,1,,"2024-09-20 14:44:25",,"2024-10-14 16:00:26",
419,JULING,MYSQL,juling,"30032",基金份额变动表,FND_UNIT_CHNG,"主键：INNER_CODE+END_DATE+INFO_SOURCE,含义说明： [1]本表主要记录基金份额的变动情况，包含基金契约生效日期总份额、报告期末/期初的总份额以及报告期间申购/赎回的份额。[2]数据来源于基金定期报告的年报、中报、季报和其他一些公告。使用说明：[1]本表INNER_CODE关联基金综合信息表FND_GEN_INFO.INNER_CODE可得基金详细信息。","","",0,,,1,,"2024-09-20 14:44:25",,"2024-10-14 16:00:27",
420,JULING,MYSQL,juling,"30033",商品品种表,FUT_WARE_TYPE,"主键：WaresCode,含义说明： [1]本表主要记录了商品品种信息如：商品品种编码，商品品种名称，是否现货分类和是否期货现货分类。","","",0,,,1,,"2024-09-20 14:44:25",,"2024-10-14 15:14:38",
421,JULING,MYSQL,juling,"30034",综合参数表,GEN_REF,"主键：CLS_CODE+REF_CODE,含义说明： [1]本表汇总记录各类业务表所使用到的相关参数信息,如:分类编码,参数代码,参数名称,含义说明等。使用说明：[1]关联本表的REF_CODE并指定分类编码可得到相关参数名称和含义说明等信息。[2]旧版证监会行业分类及旧版申万行业分类从2014年12月31日起停止维护，剔除证监会行业分类标准(2001)、申银万国行业分类标准(2011)两个参数",综合参数表（GEN_REF）用于汇总记录各类业务表中使用的相关参数信息。该表包含以下字段：CLS_CODE（分类编码），用于标识某一参数分类，数据类型为INT；REF_CODE（参数代码），数据类型为VARCHAR，记录参数的具体代码，其中旧版证监会行业分类标准和申银万国行业分类标准已于2014年12月31日起停止维护；CLS_NAME（分类编码名称），数据类型为VARCHAR，记录分类参数的含义；REF_NAME（参数名称），数据类型为VARCHAR，记录参数的名称；REF_MEANING（含义说明），数据类型为TEXT，记录参数名称的具体含义；ISVALID（是否有效），数据类型为INT，1表示有效，查询时需加上ISVALID = 1的条件。通过关联REF_CODE并指定分类编码，可以获取相关参数名称和含义说明。该表的主键由CLS_CODE和REF_CODE组成。,"",0,,,1,,"2024-09-20 14:44:25",,"2024-10-16 18:11:21",
422,JULING,MYSQL,juling,"30035",香港股票发行相关机构表,HK_ASORGSTKIS,主键：COMUNIC+FCGSNUM+SNUMRLDORGIS。含义说明：[1]本表收录了香港公司发行相关机构信息,"""表格“香港股票发行相关机构表”（英文名：HK_ASORGSTKIS）记录了香港公司在股票发行过程中涉及的相关机构信息。该表的主要字段包括：

- **COMUNIC**：公司统一编码，用于关联香港公司基本信息表，数据类型为整数。
- **FCGSNUM**：融资序号，数据类型为整数。
- **SNUMRLDORGIS**：发行相关机构序号，数据类型为整数。
- **FLAGAS**：关联关系标识，与香港公司融资计划表相关联，数据类型为整数。
- **SVAREAC**：服务地域代码，通过关联国家（地区）区号信息表获取详细信息，数据类型为整数。
- **ISORGTY_OGDIS**：发行机构类型（原始披露），数据类型为NVARCHAR。
- **ORGTYREFC**：机构类型参数编码，与综合参数表关联以获取具体描述，数据类型为整数。
- **ORGUNIC**：机构统一编码，数据类型为整数。
- **ORGNAME**：机构名称，数据类型为NVARCHAR。
- **ISVALID**：是否有效，1表示有效，数据类型为整数。

该表的主键由字段COMUNIC、FCGSNUM和SNUMRLDORGIS组成。""","",0,,,1,,"2024-09-20 14:44:25",,"2024-10-16 18:07:39",
423,JULING,MYSQL,juling,"30036",香港公司现金流量表_新标准,HK_CFS_NSTD,"主键：COMUNIC+EDATE+RPTSOUREFC,含义说明： [1]本表记录港股现金表行情信息。包括经营活动现金,投资活动现金,融资活动现金等内容。[2]如末期及中期是根据香港会计师公会颁布的《香港审计准则》进行审计, 而季度是按照中国注册会计师审计准则的话, 不会处理季度业绩；如末期及中期是根据中国注册会计师审计准则进行审计, 而季度是按照中国注册会计师审计准则的话, 会处理季度业绩。","""表格“香港公司现金流量表_新标准”（英文名：HK_CFS_NSTD）记录了港股公司的现金流量信息，涵盖经营活动、投资活动和融资活动的现金流量数据。该表格的主键由公司统一编码（COMUNIC）、截止日期（EDATE）和报表来源参数编码（RPTSOUREFC）组成。具体字段包括：

- **COMUNIC**：公司统一编码，用于关联香港公司基本信息。
- **EDATE**：截止日期，表示数据的截止时间。
- **RPTSOUREFC**：报表来源参数编码，指示报表的类型，如中期或末期业绩。
- **ANNDATE**：公告日期，表示信息发布的日期。
- **CURUNIC**：货币统一编码，指示使用的货币类型。
- **EXRATE**：汇率，表示报表货币兑港元的汇率。
- **CDATEDATAPD** 和 **EDATEDATAPD**：数据期间的开始和截止日期。
- **NUMCVRM**：覆盖月数，表示数据覆盖的月份数。
- **REFCPFMSTUBLS**：上市前业绩状态参数编码，指示是否为上市前业绩。
- **NOCF** 和 **OCF**：经营业务产生的现金流量净额和现金流量。
- **DEPAZ**：折旧及摊销。
- **INTRC** 和 **INTP**：已收和已付利息。
- **DIVRC** 和 **DIVP**：已收和已派股息。
- **TXPRF**：退回或已缴税项。
- **ADTFXDA** 和 **ICINV**：增添固定资产和投资增加。
- **DSFXDA** 和 **DCINV**：出售固定资产和投资减少。
- **NCFRLDPTY_INVACT**：与关联人士之现金流量_投资活动。
- **NINVCF**：投资活动产生的现金流量净额。
- **NICLN** 和 **LNRPA**：新增贷款和偿还贷款。
- **FXDIODTINSTR** 和 **EQYFIN**：定息或债项工具融资和股本融资。
- **NCFRLDPTY_FINACT**：与关连人士之现金流量_融资活动。
- **RPAFXDIODTINSTR**：偿还定息或债项工具。
- **NFCGCF**：融资活动产生的现金流量净额。
- **ICDCCCEQ**：现金及等同现金之增加或减少。
- **CCEQBEGYR** 和 **CCEQEYR**：期初和年终的现金及现金等价物余额。
- **NCFDCHEXRATEOT**：外币汇率变动之影响和其他。
- **ISVALID**：是否有效，1表示有效。

该表格的数据是根据香港会计师公会和中国注册会计师审计准则进行审计的，具体处理方式取决于审计准则的适用情况。主键信息为COMUNIC+EDATE+RPTSOUREFC。""","",0,,,1,,"2024-09-20 14:44:25",,"2024-10-16 17:49:06",
424,JULING,MYSQL,juling,"30037",香港公司基本信息表,HK_COMBINFO,"主键：COMUNIC,含义说明： [1]本表记录香港上市公司的最新基本信息,包括:公司名称,电话,注册办事处,主要往来银行,主营业务,核数师、授权代表等。使用说明：[1]其他业务表可关联本表公司统一编码COMUNIC得到上市公司的最新详细信息。","""香港公司基本信息表（HK_COMBINFO）记录了香港上市公司的最新基本信息，涵盖多个方面的详细数据。表中的字段包括公司统一编码（COMUNIC），公司中文名称（COMCNNAME）、中文简称（COMCNABB）、拼音简称（COMPYABB）、英文名称（COMENNAME）及英文简称（COMENABB）。此外，还包括公司简介（COMINTR）、主营业务（MBU）、兼营业务（SLBU）、成立日期（INCDATE）、解散日期（LQTDATE）及解散原因（LQTRSN）。表格还记录了机构状态参数编码（ORGSTUREFC）和公司类型参数编码（REFCCOMTY），这些字段与综合参数表关联以获取具体描述。

公司管理层信息如主席（CHAIRMAN）、法定代表人（STYREP）、授权代表（ATZREP）及公司秘书（COMSEC）也在表中列出。核数师信息包括大陆核数师代码（ACCTCODEML）及名称（ACCTNAMEML）、香港核数师代码（ACCTCODEHK）及名称（ACCTNAMEHK）、以及香港和大陆外核数师代码（ACCTCODEOHKML）及名称（ACCTNAMEOHKML）。法律顾问信息则通过法律顾问代码（LGCONSCODE）及名称（LGCONSNAME）表示。

表格还包含公司主要往来银行（MJBKBU）、注册办事处（RGIOFC）、总办事处及主要营业地（HOFCLCTMBU）、股份过户登记处（REGOFCSHGONSTF）、公司电话（COMTPH）、传真（COMFAX）、网址（COMWEBADS）、电子邮件地址（COMEM）、信息披露网站（WEBDSGINFO）等联系信息。地域统一编码（AREAUNIC）和国别或地区（NATION）字段用于关联相关的地理信息。

其他重要信息包括财政年度年结日期（FISDATEFINYR）、员工总数（NUMTEMP）、以及是否有效（ISVALID），其中ISVALID字段用于标识记录的有效性。表格的主键是公司统一编码（COMUNIC）。""","",0,,,1,,"2024-09-20 14:44:25",,"2024-10-16 17:54:08",
425,JULING,MYSQL,juling,"30038",香港基金代码表,HK_FDCODE,"主键：FDUNIC,含义说明： [1]本表作为香港基金码表作用存在，特设基金统一编码、基金标识两层代码体系。一般用基金统一编码进行表间相互关联，并用基金代码做应用查询。","","",0,,,1,,"2024-09-20 14:44:26",,"2024-10-14 15:14:38",
426,JULING,MYSQL,juling,"30039",香港公司资产负债表_金融_新标准,HK_FINBS_NSTD,"主键：COMUNIC+EDATE+RPTSOUREFC,含义说明： [1]本表记录港股资产负债表(金融)信息。包括总资产,总负责,股东资金等内容。[2]如末期及中期是根据香港会计师公会颁布的《香港审计准则》进行审计, 而季度是按照中国注册会计师审计准则的话, 不会处理季度业绩；如末期及中期是根据中国注册会计师审计准则进行审计, 而季度是按照中国注册会计师审计准则的话, 会处理季度业绩。","""表格“香港公司资产负债表_金融_新标准”（英文名：HK_FINBS_NSTD）记录了港股的金融类公司的资产负债信息，依据香港会计师公会和中国注册会计师的审计准则进行审计。表格的主要字段包括：

- **公司统一编码（COMUNIC）**：用于关联香港公司基本信息。
- **截止日期（EDATE）**和**公告日期（ANNDATE）**：分别表示数据的截止和公告时间。
- **报表来源参数编码（RPTSOUREFC）**：指示报表的来源，如中期或末期业绩。
- **货币统一编码（CURUNIC）**和**汇率（EXRATE）**：用于描述报表货币及其兑港元的汇率。
- **数据期间开始日期（CDATEDATAPD）**和**数据期间截止日期（EDATEDATAPD）**：表示数据的时间范围。
- **覆盖月数（NUMCVRM）**：数据覆盖的月份数。
- **上市前业绩状态参数编码（REFCPFMSTUBLS）**：指示是否为上市前业绩。
- **资产类字段**：包括库存现金及短期资金、向其他银行托收中之项目、定期存放银行同业及其他财务机构_资产、商业票据、持有之存款证、香港政府负债证明书、交易用途资产、非持作买卖用途之资产、公平订值之金融资产、衍生工具_资产、银行同业贷款及垫款、客户贷款及垫款、可供出售之证券、金融投资、持至到期投资、联营及共同控制公司权益总额、无形资产、固定资产、其他资产、总资产。
- **负债类字段**：包括香港纸币流通额、同业及财务机构存款、客户存款、向其他银行传送中之项目、定期存放银行同业及其他财务机构_负债、总发行之债务工具、交易用途负债、公平订值之金融负债、衍生工具_负债、后偿负债、其他负债、总负债。
- **股东权益类字段**：包括总股本、股份溢价、资本储备、其他储备、保留溢利或累计亏损、总储备、股东资金、少数股东权益、资本来源、总负债及资本来源、或有负债及承诺合计、股东资金扣除永久资本证券。
- **是否有效（ISVALID）**：标识记录是否有效，1表示有效。

主键由公司统一编码（COMUNIC）、截止日期（EDATE）和报表来源参数编码（RPTSOUREFC）组成。""","",0,,,1,,"2024-09-20 14:44:26",,"2024-10-16 20:08:46",
427,JULING,MYSQL,juling,"30040",香港公司利润表_金融_新标准,HK_FINIS_NSTD,"主键：COMUNIC+EDATE+RPTSOUREFC,含义说明： [1]本表记录港股金融类企业利润分配情况。[2]如末期及中期是根据香港会计师公会颁布的《香港审计准则》进行审计, 而季度是按照中国注册会计师审计准则的话, 不会处理季度业绩；如末期及中期是根据中国注册会计师审计准则进行审计, 而季度是按照中国注册会计师审计准则的话, 会处理季度业绩。","""表格“香港公司利润表_金融_新标准”（英文名：HK_FINIS_NSTD）记录了港股金融类企业的利润分配情况。该表格包含多个字段，详细描述如下：

- **COMUNIC**：公司统一编码，用于关联香港公司基本信息表。
- **EDATE**：截止日期。
- **RPTSOUREFC**：报表来源参数编码，与综合参数表关联以获取具体描述。
- **ANNDATE**：公告日期。
- **CURUNIC**：货币统一编码，与综合参数表关联以获取具体描述。
- **EXRATE**：汇率，表示报表货币兑港元的汇率。
- **STDATEFINYR**：财政年度开始日期。
- **EDATEFINYR**：财政年度结束日期。
- **NUMCVRM**：覆盖月数。
- **REFCPFMSTUBLS**：上市前业绩状态参数编码，与综合参数表关联以获取具体描述。
- **INTIO**：利息收益。
- **INTEXP**：利息支出。
- **IONINT**：利息收益净额。
- **FEEIO**：费用收益。
- **FEEEXP**：费用支出。
- **NFEEIO**：费用收益净额。
- **NTRIO**：交易收益净额。
- **NEARNPM**：已赚取保费净额。
- **OTOPEIO**：其他营业收益。
- **TAMTOTOPEIO**：其他营业收益总额。
- **ENPM**：已赚净保费。
- **NISUCLMIC**：保险索偿净额。
- **NOPEIOBLNIPMCGPVS**：未扣除贷款减值及其他准备之营业收益净额。
- **TIPMCGPVS**：减值损失及准备总额。
- **TOPEEXP**：营业支出总额。
- **RPT_OPEPLO**：经营溢利或亏损（报表数据），仅维护末期。
- **OPEPLO**：经营溢利或亏损。
- **NOSPLITEMS**：非经营性活动特殊项目。
- **JTCTLETIASCOM**：共同控制公司及联营公司。
- **PLOBTX**：除税前溢利或亏损。
- **TX**：税项。
- **PLOCYR**：本年度溢利或亏损。
- **AMTEQYHDCOM**：本公司股本持有人应占数额。
- **AMTMIINT**：少数股东权益应占数额。
- **PFSHDIV**：优先股股息。
- **CPPYCAPSE**：资本证券之应付票息。
- **PLOASHH**：股东应占溢利或亏损。
- **OTCPHIO**：其他全面收入。
- **TCPHIO**：全面收入总额。
- **CMNSHDIV**：普通股股息。
- **BEPS_ANRPT**：每股基本盈利_年报。
- **BEPS_AJU**：每股基本盈利_调整后。
- **DEPS_AJU**：每股摊薄盈利_调整后。
- **DIVDBUPS_AJUPD**：每股派息_期内调整后。
- **EBTCTUBU**：持续经营业务除税前溢利。
- **TXCTUBU**：持续经营业务税项。
- **NPCTUBU**：持续经营业务净利润。
- **NPDSUBU**：非持续经营业务净利润。
- **BEPS_CTUBU_AJU**：每股基本盈利_持续经营业务_调整后。
- **BEPS_DSUBU_AJU**：每股基本盈利_非持续经营业务_调整后。
- **DEPS_CTUBU_AJU**：每股摊薄盈利_持续经营业务_调整后。
- **DEPS_DSUBU_AJU**：每股摊薄盈利_非持续经营业务_调整后。
- **ISVALID**：是否有效，1表示有效。

该表格的主键由字段COMUNIC、EDATE和RPTSOUREFC组成。""","",0,,,1,,"2024-09-20 14:44:26",,"2024-10-16 17:48:23",
428,JULING,MYSQL,juling,"30041",香港公司最新摊薄财务指标表,HK_LTTFINIDC_DIDC,"主键：COMUNIC,含义说明： [1]本表存储首发、增发、配股、分红派现、财报披露等情况引起的香港公司财务数据变动时的财务指标。","""表格“香港公司最新摊薄财务指标表”（英文名：HK_LTTFINIDC_DIDC）用于存储香港公司因首发、增发、配股、分红派现、财报披露等情况引起的财务数据变动时的财务指标。表格的主键是公司统一编码（COMUNIC），用于关联香港公司基本信息。表格包含多个字段：公告日期（ANNDATE）记录财务指标变动的日期；货币统一编码（CURUNIC）和汇率（EXRATE）用于标识和转换财报披露的货币；变动原因（CHRSN）说明财务指标变动的原因。

财务指标字段包括每股收益（EPS）、每股净资产（BPS）、每股经营业务产生的现金流量净额（NOCFPS）、每股投资业务产生的现金流量净额（NINVCFPS）、每股筹资业务产生的现金流量净额（NFCGCFPS）、每股现金流净额（NCFPS）、每股总营业额（TSRPS）、每股营业收入（SRPS）、每股除税前溢利或亏损（PLOBTXPS）、净资产收益率（ROE）、平均资产回报率（AVROA）、每股股利（DPS）、资本充足率（CAPAQCRO）、存贷比（LNTDTRO）、贷款回报率（LNRERATE）、存款回报率（DPRERATE）、成本收入率（CTIORO）、流动比率（CRO）、速动比率（QRO）、毛利率（GPM）、存货转换周期（IVCVSPD）、应收账款转换周期（ARBCVSPD）、应付账款转换周期（APYCVSPD）。

基础指标字段包括总资产（TA）、总负债（TLIA）、股东资金（SHHFD）、总营业额（TTO）、销售成本（SLGCOST）、毛利（GP）、营业收入合计（SR_TA）、未扣除贷款减值及其他准备之营业收益净额（NOPEIOBLNIPMCGPVS）、营业支出总额（TOPEEXP）、经营溢利或亏损（OPEPLO）、本年度溢利或亏损（PLOCYR）、股东应占溢利或亏损（PLOASHH）、除税前溢利或亏损（PLOBTX）、经营活动产生的现金流量净额（NOCF）、投资活动产生的现金流量净额（NINVCF）、筹资活动产生的现金流量净额（NFCGCF）、现金及等同现金之增加或减少（ICDCCCEQ）。

此外，表格还记录最新股本数（LTTNUMSH）和最新H股股数（LTTNUMHSH），并通过字段“是否有效”（ISVALID）标识记录的有效性。主键为公司统一编码（COMUNIC）。""","",0,,,1,,"2024-09-20 14:44:26",,"2024-10-16 17:51:46",
429,JULING,MYSQL,juling,"30042",香港公司资产负债表_非金融_新标准,HK_NFINBS_NSTD,"主键：COMUNIC+EDATE+RPTSOUREFC,含义说明： [1]本表记录港股资产负债表(非金融)信息。包括非流动资产,流动资产,流动负责,非流动负责,股东资金等内容。[2]如末期及中期是根据香港会计师公会颁布的《香港审计准则》进行审计, 而季度是按照中国注册会计师审计准则的话, 不会处理季度业绩；如末期及中期是根据中国注册会计师审计准则进行审计, 而季度是按照中国注册会计师审计准则的话, 会处理季度业绩。","""该表格名为“香港公司资产负债表_非金融_新标准”（英文名：HK_NFINBS_NSTD），用于记录港股非金融公司的资产负债表信息。表格涵盖了多种财务数据，包括非流动资产（如固定资产、投资、无形资产、其他非流动资产及其总额）、流动资产（如现金及现金等值、金融资产、贸易应收款项、存货、其他流动资产及其总额）、总资产、流动负债（如贸易应付款项、短期债项、其他短期负债及其总额）、净流动资产或流动负债、总资产减流动负债、非流动负债（如长期债项、其他长期负债及其总额）、净资产或负债、股东资金（包括总股本、股份溢价、资本储备、其他储备、保留溢利或累计亏损、总储备、股东资金、少数股东权益及权益总额）、总负债（包括少数股东权益）、或有负债及承诺合计、股东资金扣除永久资本证券等。

此外，表格还包含公司统一编码（COMUNIC）、截止日期（EDATE）、报表来源参数编码（RPTSOUREFC）、公告日期（ANNDATE）、货币统一编码（CURUNIC）、汇率（EXRATE）、数据期间开始和截止日期（CDATEDATAPD和EDATEDATAPD）、覆盖月数（NUMCVRM）、上市前业绩状态参数编码（REFCPFMSTUBLS）等字段。表格中的数据需满足有效性条件（ISVALID=1）。主键由公司统一编码（COMUNIC）、截止日期（EDATE）和报表来源参数编码（RPTSOUREFC）组成。""","",0,,,1,,"2024-09-20 14:44:26",,"2024-10-16 18:04:36",
430,JULING,MYSQL,juling,"30043",香港公司利润表_非金融_新标准,HK_NFINIS_NSTD,"主键：COMUNIC+EDATE+RPTSOUREFC,含义说明： [1]本表记录港股非金融类企业利润分配情况。[2]如末期及中期是根据香港会计师公会颁布的《香港审计准则》进行审计, 而季度是按照中国注册会计师审计准则的话, 不会处理季度业绩；如末期及中期是根据中国注册会计师审计准则进行审计, 而季度是按照中国注册会计师审计准则的话, 会处理季度业绩。","""表格“香港公司利润表_非金融_新标准”（英文名：HK_NFINIS_NSTD）记录了港股非金融类企业的利润分配情况。该表格包含多个字段，详细描述了企业的财务表现。字段包括公司统一编码（COMUNIC），用于关联香港公司基本信息；截止日期（EDATE）和公告日期（ANNDATE）用于标识财务数据的时间节点；报表来源参数编码（RPTSOUREFC）指示报表的类型，如季度或年度业绩；货币统一编码（CURUNIC）和汇率（EXRATE）用于财务数据的货币信息。

数据期间的开始和截止日期（CDATEDATAPD和EDATEDATAPD）以及覆盖月数（NUMCVRM）描述了财务数据的时间跨度。总营业额（TTO）、销售成本（SLGCOST）、毛利（GP）、其他收入及收益（OTIOG）、营业收入合计（SR_TA）等字段详细记录了企业的收入和成本结构。经营开支相关字段包括销售及分销开支（SLGDSTEXP）、行政开支（ADMEXP）、其他经营开支（OTOPEEXP）、经营开支总额（TOPEEXP）和研发开支费用（RSHDEVEXP）。

此外，表格还记录了减值损失及准备总额（TIPMCGPVS）、扣除融资成本前之经营溢利或亏损（OPEPLOINCLFINCOST）、融资成本（FCGCOST）、经营溢利或亏损（OPEPLO）及其报表数据（RPT_OPEPLO）。非经营性活动特殊项目（NOSPLITEMS）、共同控制公司及联营公司（JTCTLETIASCOM）、除税前溢利或亏损（PLOBTX）、税项（TX）、所得税以外的税金（TXEXCLIOTX）、本年度溢利或亏损（PLOCYR）等字段进一步细化了企业的财务状况。

股东相关信息包括本公司股本持有人应占数额（AMTEQYHDCOM）、少数股东权益应占数额（AMTMIINT）、股东应占溢利或亏损（PLOASHH）、其他全面收入（OTCPHIO）和全面收入总额（TCPHIO）。普通股股息（CMNSHDIV）、每股基本盈利和摊薄盈利（BEPS_ANRPT、BEPS_AJU、DEPS_AJU）以及每股派息（DIVDBUPS_AJUPD）提供了股东回报的详细信息。

表格还包括折旧及摊销（DEPAZ）、持续经营业务和非持续经营业务的除税前溢利、税项和净利润（EBTCTUBU、TXCTUBU、NPCTUBU、NPDSUBU），以及每股基本和摊薄盈利的调整后数据（BEPS_CTUBU_AJU、BEPS_DSUBU_AJU、DEPS_CTUBU_AJU、DEPS_DSUBU_AJU）。字段ISVALID用于标识记录的有效性。

该表格的主键由公司统一编码（COMUNIC）、截止日期（EDATE）和报表来源参数编码（RPTSOUREFC）组成。""","",0,,,1,,"2024-09-20 14:44:26",,"2024-10-16 17:49:36",
431,JULING,MYSQL,juling,"30044",香港证券特别提示表,HK_SESPLNTI,"主键：SEUNIC+NTIDATE+SILNUM,含义说明： [1]本表记录各证券品种的交易提示信息，例如：停牌提示、会议提示、分红提示、分拆合并提示、简称变更提示等。使用说明：[1]本表的证券统一编码（SEUNIC）字段关联证券综合代码表（PUB_SEITGC）的证券统一编码（SEUNIC）字段获取该证券相关信息。",香港证券特别提示表（HK_SESPLNTI）记录了各类证券品种的交易提示信息，包括停牌提示、会议提示、分红提示、分拆合并提示、简称变更提示等。该表的主要字段包括：证券统一编码（SEUNIC），用于关联香港股票代码变动表；提示日期（NTIDATE）和公布日期（ANNDATE），记录提示信息的相关日期；序号（SILNUM），用于标识记录的顺序；提示类型参数编码（REFCNTITY），用于标识提示的具体类型，如停牌、分红等；特别提示内容（SPLNTICTT），详细描述提示信息；停牌时间（SPSTIME）、复牌时间（RMPTIME）和停牌期限（SPSPD），记录停牌的具体时间和期限；停牌类型参数编码（REFCSPSTY）和停牌主题（SPSTHEME），用于描述停牌的类型和主题；是否有效（ISVALID），标识记录是否有效。该表的主键由证券统一编码（SEUNIC）、提示日期（NTIDATE）和序号（SILNUM）组成。,"",0,,,1,,"2024-09-20 14:44:26",,"2024-10-16 18:11:08",
432,JULING,MYSQL,juling,"30045",港股通申万行业分类,HK_SH_SZ_SWSECTOR,"主键：STOCKCODE+INDU_LEVEL+IN_DATE,含义说明： [1]本表储存港股通相关成份股对应的申万行业(2021版)分类","","",0,,,1,,"2024-09-20 14:44:26",,"2024-10-14 15:14:38",
433,JULING,MYSQL,juling,"30046",香港公司股本情况明细表,HK_SHGSTUDTLCOM,"主键：COMUNIC+CHDATE+SILNUM,含义说明： [1]本表记录香港上市公司的股本情况明细表,记录股本变动原因、股本变动后普通股、优先股、递延股的实收股本、法定股本、实收股数、法定股数等信息。使用说明：[1]本表公司统一编码（COMUNIC）关联香港公司基本信息表（HK_COMBINFO）的公司统一编码（COMUNIC）得到香港上市公司基本信息。[2]本表只记录了各个变动日期下，股本明细的静态信息，若需查看变动过程数据，需将不同变动日期下的明细记录进行对比查看。[3]股份类别参数编码只用到0-不详,1-普通股,2-优先股,7-递延股这四种参数。",香港公司股本情况明细表（HK_SHGSTUDTLCOM）记录了香港上市公司的股本情况，包括股本变动原因、普通股、优先股、递延股的实收股本、法定股本、实收股数、法定股数等信息。表格中的字段包括公司统一编码（COMUNIC），用于关联香港公司基本信息；变动日期（CHDATE）和公告日期（ANNDATE）记录股本变动的时间信息；序号（SILNUM）用于标识记录的顺序。股票所属地域参数编码（AREAREFCSHG）和股本变动原因类别参数编码（RSNTYREFCSHGCH）提供了股票地域和变动原因的分类信息。股份类别参数编码（REFCSHGTY）和优先股类型参数编码（REFCPFSTKTY）描述了股份和优先股的类型。面值货币统一编码（PVCURUNIC）和面值（PARV）涉及股本的货币信息。法定股本（STYSHCAP）、法定股数（NUMSTYSH）、实收资本（PUSHCAP）和实收股数（NUMPUSH）提供了股本的财务数据。是否有效（ISVALID）字段用于标识记录的有效性。主键由公司统一编码（COMUNIC）、变动日期（CHDATE）和序号（SILNUM）组成。,"",0,,,1,,"2024-09-20 14:44:26",,"2024-10-16 18:08:23",
434,JULING,MYSQL,juling,"30047",复权因子计算表,HK_STKCLUFTRTSCH,复权因子计算表，主键：STKUNICODE+DERTSDIV。,"","",0,,,1,,"2024-09-20 14:44:26",,"2024-10-14 17:15:30",
435,JULING,MYSQL,juling,"30048",香港股票代码表,HK_STKCODE,"主键：STKUNICODE,含义说明： [1]本表记录所有在港交所上市的公司发行股票的交易所最新代码信息。包括股票简称、代码、交易市场，首发上市日、退市日等信息。[2]本表作为香港股票码表作用存在。[3]本表从1999年1月开始维护招股期间的股票代码。[4]香港股票代码表(HK_STKCODE)香港股票代码变动表(HK_STKCODECH)香港股票每手买卖单位变动表(HK_STKLOTSZCH)香港股票每股面值变动表(HK_STKPVCH)香港股票简称变动表(HK_STKABBCH)香港股票状态变动表(HK_STKSTUCH)组成股票代码体系。使用说明：[1]本表作为香港股票码表作用存在，为记录公司股票一对多的关系（同一家公司发行多只股票，如：普通股代码、优先股代码、供股权代码），特设股票统一编码、股票代码和公司统一编码三层代码体系。一般用股票统一编码STKUNICODE进行表间相互关联，并用股票代码查询。",香港股票代码表（HK_STKCODE）记录了所有在香港交易所上市公司的股票最新代码信息。该表包括股票的统一编码（STKUNICODE）、股票代码（STKCODE）、股票简称（STKABB）、股票拼音简称（STKPYABB）、公司统一编码（COMUNIC）、每手买卖单位（LOTSZ）、面值（PARV）、面值货币统一编码（PVCURUNIC）、上市状态参数编码（LSSTUREFC）、上市板块参数编码（LSSCREFC）、交易市场参数编码（TRMKREFC）、股票类型参数编码（STKTYREFC）、SEDOL代码（SEDOLCODE）、ISIN代码（ISINCODE）、首发上市日（LSDATEIPO）、退市日期（DLSDATE）、交易货币统一编码（TRCURUNICODE）以及是否有效（ISVALID）等字段。该表自1999年1月起维护，作为香港股票码表的一部分，记录公司股票的一对多关系，并通过股票统一编码（STKUNICODE）进行表间关联。主键为STKUNICODE。,"",0,,,1,,"2024-09-20 14:44:26",,"2024-10-16 18:10:09",
436,JULING,MYSQL,juling,"30049",香港股票日行情表,HK_STKDMK,"主键：STKUNICODE+TRDATE,含义说明： [1]本表记录港股日行情信息。包括交易日期、开盘价、收盘价、成交量、委托买卖情况、涨跌等重要行情指标。使用说明：[1]本表字段申报买入量1、申报卖出量1从2010-5-7开始维护。",表格“香港股票日行情表”（英文名：HK_STKDMK）记录了港股的日行情信息，涵盖了多个重要的市场指标。该表的主要字段包括：股票统一编码（STKUNICODE），用于关联香港股票代码变动表；交易日期（TRDATE），记录具体的交易日；前收盘价（PREVCLPR）、开盘价（OPENPR）、收盘价（CLPR）、最高价（HIPR）、最低价（LWPR），这些字段记录了股票在交易日内的价格变动情况；成交量（TRVOL）和成交额（TRTO）反映了市场的交易活跃度；委托买一价（CMDBID1）、委托卖一价（CMDASK1）、委托买一量（CMDBID1VOL）、委托卖一量（CMDASK1VOL）提供了市场的买卖委托信息；成交均价（AVTRPR）表示交易的平均价格；涨跌（PRCH）和涨跌幅（PRCHRATE）显示了股票价格的变化情况；振幅（PRAMP）和换手率（TORO）提供了市场波动和流动性的指标；最高按盘价（HTNMPR）和最低按盘价（LTNMPR）记录了盘中最高和最低的按盘价格；是否有效（ISVALID）字段用于标识记录的有效性。该表的主键由股票统一编码（STKUNICODE）和交易日期（TRDATE）组成。,"",0,,,1,,"2024-09-20 14:44:26",,"2024-10-16 18:07:52",
437,JULING,MYSQL,juling,"30050",指数基本信息表,GET_INDX_GEN_INFO,"主键：INNER_CODE,含义说明： [1]本表为指数类表的码表,对每支指数赋予唯一的内部代码(INNER_CODE),描述指数的基本信息,如:指数中文名称,指数英文名称,发布日期,基期,基点,样本空间,指数简介等。使用说明：[1]本表INNER_CODE确定唯一记录,其他指数类业务表通过INNER_CODE与之关联可得指数的详细信息。","""表格“指数基本信息表”（英文名：GET_INDX_GEN_INFO）是一个用于描述指数基本信息的码表。每个指数通过唯一的内部代码（INNER_CODE）进行标识，并与其他指数类业务表关联以获取详细信息。该表包含多个字段，涵盖了指数的多方面信息：

- **INNER_CODE**: 指数内部代码，作为主键。
- **ISIN**: ISIN编码，用于国际证券识别。
- **INDX_CODE**: 指数市场代码。
- **INDX_ID**: 指数标识，用于不同市场的同一指数。
- **INDX_CNAME**: 指数中文名称。
- **INDX_ENAME**: 指数英文名称。
- **INDX_SNAME**: 指数简称。
- **PY_SNAME**: 拼音简称。
- **PUB_DATE**: 指数发布日期。
- **PUB_ORGNAME**: 发布机构名称。
- **PUB_ORG**: 发布机构代码，与机构信息表关联。
- **AUTH_ORGNAME**: 编制机构名称。
- **AUTH_ORG**: 编制机构代码，与机构信息表关联。
- **BASE_DATE**: 基期。
- **BASE_POINT**: 基点。
- **SEC_NUM**: 成份证券数量。
- **SEC_CLS_CODE**: 按证券分类代码，与综合参数表关联。
- **SEC_CLS**: 按证券分类。
- **SAMP_CLS**: 按样本分类。
- **SAMP_MKT_CLS**: 按样本所在市场分类。
- **ORIENT_CLS_CODE**: 按编制目的分类代码，与综合参数表关联。
- **ORIENT_CLS**: 按编制目的分类。
- **ORG_CLS**: 编制机构指数分类。
- **SAMP_SCOPE**: 样本空间。
- **SAMP_STD**: 选样标准。
- **SAMP_METH**: 选样方法。
- **WHG_METH_CODE**: 加权方式代码，与综合参数表关联。
- **WHG_METH**: 加权方式。
- **CALCU_METH**: 计算方式。
- **ADJ_FREQ_CODE**: 样本调整周期代码，与综合参数表关联。
- **ADJ_FREQ**: 样本调整周期。
- **ADJ_METH**: 样本调整方法。
- **MAINTAIN_STATUS**: 人工维护状态。
- **USE_STATUS**: 使用状态。
- **END_DATE**: 停用日期。
- **INDX_INTRO**: 指数简介。
- **is_mkt**: 行情是否正常维护，与综合参数表关联。
- **is_sampe**: 样本股是否正常维护，与综合参数表关联。
- **INDX_FORM**: 指数形态，与综合参数表关联。
- **INDX_CLS**: 指数分类，与综合参数表关联。
- **ISVALID**: 是否有效，1表示有效。

该表的主键是INNER_CODE，用于确保每条记录的唯一性。""","",0,,,1,,"2024-09-20 14:44:26",,"2025-01-16 19:50:47",
438,JULING,MYSQL,juling,"30051",指数行情表,INDX_MKT,"主键：INNER_CODE+TRADEDATE,含义说明： [1]本表记录各指数在每个交易日的行情数据,如:交易日期,指数简称,开盘价,收盘价,最高,最低,涨跌幅,成交量等。[2]道琼斯系列指数在2009-12-11日起不再维护行情数据；两岸三地指数行情数据在次日10点前更新。使用说明：[1]本表INNER_CODE关联指数基本信息表INDX_GEN_INFO.INNER_CODE可得指数的详细信息。[2]399001的成交量和成交额使用395099替换, 399006的成交量和成交额使用399102替换。",指数行情表（英文名：INDX_MKT）记录了各指数在每个交易日的行情数据，主要包括交易日期、指数简称、开盘价、收盘价、最高价、最低价、涨跌幅、成交量等信息。表中的字段详细定义如下：INNER_CODE为指数内部代码，可关联指数基本信息表获取详细信息；TRADEDATE为交易日期；SecCode为指数代码；INDX_SNAME为指数简称；LCLOSE为昨收；TOPEN为开盘价；TCLOSE为收盘价；THIGH为最高价；TLOW为最低价；CHNG为涨跌；CHNG_PCT为涨跌幅，以百分比表示；TVOLUME为成交量，量纲根据指数类别不同而变化；TVALUE为成交金额，以元为单位；DEAL为成交笔数，以笔为单位；ISVALID表示数据是否有效，1为有效。特别说明，道琼斯系列指数自2009年12月11日起不再维护行情数据，而两岸三地指数行情数据在次日10点前更新。399001和399006的成交量和成交额分别使用395099和399102替换。该表的主键为INNER_CODE和TRADEDATE的组合。,"",0,,,1,,"2024-09-20 14:44:26",,"2024-10-16 18:08:51",
439,JULING,MYSQL,juling,"30052",指数样本信息表,INDX_SAMP_INFO,"主键：INNER_CODE+SEC_INNER_CODE+STARTDATE,含义说明： [1]本表记录了深证300指数,中信汽车业指数等中国境内各板块,各行业主要指数的样本股及其变动信息,如:启用日期,剔除日期等。[3]道琼斯系列指数在2009-12-31日起不再维护样本股数据。使用说明：[1]本表INNER_CODE关联指数基本信息表INDX_GEN_INFO.INNER_CODE可得指数的详细信息。[2]SEC_INNER_CODE关联证券综合代码表PUB_SEC_CODE.INNER_CODE可得证券的基本信息。 [3]如果获取到的指数所有样本券之和不足99.5%，则不转入该指数相关的样本券数据。",指数样本信息表（INDX_SAMP_INFO）记录了中国境内各板块和行业主要指数的样本股及其变动信息，包括启用日期和剔除日期等。该表的主要字段包括：INNER_CODE，表示指数内部代码，可关联指数基本信息表获取详细信息；SEC_INNER_CODE，表示样本内部代码，可关联证券综合代码表获取证券信息；STARTDATE和ENDDATE分别表示样本的启用和剔除日期；INDX_ID、INDX_CODE、INDX_CNAME和INDX_SNAME分别表示指数标识、市场代码、中文名称和简称；SEC_CLS_CODE和SEC_CLS表示指数类别代码和类别，关联综合参数表可获取具体描述；SEC_CODE和SEC_SNAME表示样本市场代码和简称；MKT_TYPE_CODE和MKT_TYPE表示样本所在市场代码和市场，涵盖多个交易所和市场类型；SAMP_STATUS表示是否为当前样本；REMARK用于补充说明；ISVALID表示记录是否有效，1为有效。主键由INNER_CODE、SEC_INNER_CODE和STARTDATE组成。,"",0,,,1,,"2024-09-20 14:44:26",,"2024-10-16 18:08:34",
440,JULING,MYSQL,juling,"30053",指数收盘权重指标表,INDX_TCLOSE_WEIGHT,"主键：TRADEDATE+INNER_CODE+SEC_INNER_CODE,含义说明： [1]该表主要用于存储中证指数有限公司编制的部分A股及港股指数、基金指数、债券指数的样本所占权重信息；[2]历史数据从2009-03-27开始维护。使用说明：[1]该表主要用于存储中证指数有限公司编制的部分A股及港股指数、基金指数、债券指数的样本所占权重信息及上证A股指数、上证综合指数两只指数的样本所占权重信息；[2]历史数据从2009-03-27开始维护。[3]除上证A股指数、上证综合指数两只指数的权重信息每日更新外，其他指数权重信息每月月底更新一次。",表格“指数收盘权重指标表”（英文名：INDX_TCLOSE_WEIGHT）用于存储中证指数有限公司编制的部分A股及港股指数、基金指数、债券指数的样本所占权重信息，以及上证A股指数和上证综合指数的样本所占权重信息。该表的数据从2009年3月27日开始维护，其中上证A股指数和上证综合指数的权重信息每日更新，其他指数的权重信息每月月底更新一次。表格包含以下字段：TRADEDATE表示交易日期，数据类型为DATETIME；INNER_CODE为指数内部代码，关联指数基本信息表，数据类型为INT；SEC_INNER_CODE为成分券内部代码，关联证券综合代码表，数据类型为INT；WEIGHT_PCT表示权重，数据类型为NUMERIC；ISVALID表示是否有效，1为有效，数据类型为INT。表格的主键由TRADEDATE、INNER_CODE和SEC_INNER_CODE组成。,"",0,,,1,,"2024-09-20 14:44:27",,"2024-10-16 18:11:32",
441,JULING,MYSQL,juling,"30054",投资者调研信息附件表,INVESTOR_SURVEY_ACCE,"主键：ACCE_ID,含义说明： 该表记录投资者调研信息附件的相关信息。","","",0,,,1,,"2024-09-20 14:44:27",,"2024-10-14 15:14:39",
442,JULING,MYSQL,juling,"30055",投资者调研信息主表,INVESTOR_SURVEY_INFO_MAIN,"主键：SEC_CODE+DECLAREDATE+ACT_NUM,含义说明： 该表记录投资者调研活动的相关信息,包括上市公司证券代码、接待日期、接待人员等内容。","","",0,,,1,,"2024-09-20 14:44:27",,"2024-10-14 15:14:39",
443,JULING,MYSQL,juling,"30056",投资者调研信息子表,INVESTOR_SURVEY_INFO_SUB,"主键：P_SEQ+SURVEY_ORGNAME,含义说明： 该表记录投资者在上市公司调研活动的相关信息,包括调研机构、调研人员等。使用说明：该表P_SEQ关联投资者调研信息主表(INVESTOR_SURVEY_INFO_MAIN).SEQ获取更多信息。","","",0,,,1,,"2024-09-20 14:44:27",,"2024-10-14 17:18:55",
444,JULING,MYSQL,juling,"30057",融资融券交易明细表,MARGIN_TRD_DTL,"主键：TRADEDATE+INNER_CODE,含义说明： [1]上交所和深交所目前公布的内容存在少量差异",融资融券交易明细表（MARGIN_TRD_DTL）用于记录和分析证券市场中融资融券交易的详细信息。该表格包含多个字段，首先是交易日期（TRADEDATE），用于标识交易发生的具体日期。内部代码（INNER_CODE）用于关联证券的内部标识。交易市场（SEC_TRADE）字段用于指明交易所，如深圳证券交易所或上海证券交易所。融资买入额（BUY_VALUE）和融资余额（BUY_BALANCE）分别表示融资买入的金额和当前融资的余额。融资偿还额（BUY_RETURN）记录了融资偿还的金额，但该数据在深交所未公布。融券卖出量（SELL_VALUE）和融券余量（SELL_BALANCE_VOL）分别表示融券卖出的数量和当前融券的余量。融券余额（SELL_BALANCE_VAL）和融券偿还量（SELL_RETURN）分别记录融券的余额和偿还量，其中融券余额在上交所未公布，而融券偿还量在深交所未公布。融资融券余额（MARGIN_BALANCE）表示总的融资融券余额，该数据在上交所未公布。是否有效（ISVALID）字段用于标识记录的有效性，1表示有效。该表的主键由交易日期（TRADEDATE）和内部代码（INNER_CODE）组合而成。,"",0,,,1,,"2024-09-20 14:44:27",,"2024-10-16 18:07:27",
445,JULING,MYSQL,juling,"30058",海量资讯数据表,MASS_NEWS,"主键：VSERSION_ID+URL_MD5,含义说明： [1]本表记录所有财经网站、微博、报刊等来源的新闻资讯,主要为工具抓取入库。","","",0,,,1,,"2024-09-20 14:44:27",,"2024-10-14 15:14:39",
446,JULING,MYSQL,juling,"30059",地区参数表,MI_AREA_REF,"主键：AREA_CODE,含义说明： [1]本表为宏观库专用地区参数表; [2]本表存储全球主要国家(含部分地区)以及中国各地区（省市县）的名称、代码、时差和电话区号等信息。","","",0,,,1,,"2024-09-20 14:44:27",,"2024-10-14 15:14:39",
447,JULING,MYSQL,juling,"30060",地区关联表,NEWS_AREA,"主键：GUID+AREACODE,含义说明： [1]本表为关联表，主要记录新闻标识，地区代码和发布日期。使用说明：[1]本表GUID关联新闻主表NEWS_MAIN.GUID，得到新闻的基本信息。","","",0,,,1,,"2024-09-20 14:44:27",,"2024-10-14 17:19:56",
448,JULING,MYSQL,juling,"30061",债券关联表,NEWS_BND,"主键：GUID+BOND_ID,含义说明： [1]本表为关联表，主要记录新闻标识，债券ID和发布日期。使用说明：[1]本表GUID关联新闻主表NEWS_MAIN.GUID，得到新闻的基本信息。[2]本表BOND_ID关联债券综合信息表BOND_GEN_INFO.BOND_ID得到债券基本信息。","","",0,,,1,,"2024-09-20 14:44:27",,"2024-10-14 17:21:06",
449,JULING,MYSQL,juling,"30062",新闻分类关联表,NEWS_CLS,"主键：GUID+CLS_CODE,含义说明： [1]本表为关联表，主要记录新闻标识，分类代码和发布日期。使用说明：[1]本表GUID关联新闻主表NEWS_MAIN.GUID，得到新闻的基本信息。","","",0,,,1,,"2024-09-20 14:44:27",,"2024-10-14 17:21:29",
450,JULING,MYSQL,juling,"30063",新闻类别表,NEWS_CLS_REF,"主键：CLS_CODE,含义说明： [1]本表主要记录新闻的信息分类代码，信息分类名称，更新数量说明，更新时间说明和停止维护日期等。","","",0,,,1,,"2024-09-20 14:44:27",,"2024-10-14 15:14:40",
451,JULING,MYSQL,juling,"30064",新闻全文表,NEWS_CONTENT,"主键：GUID,含义说明： [1]本表主要记录每条新闻的全文内容。[2]由于新闻的全文字段内容可能比较长，所以把新闻的全文内容从新闻主表中分离出来，单独形成一个表，新闻全文表（NEWS_CONTENT）。[3]由于纯文本的内容看起来比较单调，于是考虑设计两种全文文本，一种是txt全文，一种是html类型的全文。[4]主要采集来源于PUB_INFO_SRC（信息来源表）中的重要报纸和网站的新闻，使用说明：[1]本表GUID关联新闻主表NEWS_MAIN.GUID，得到新闻的基本信息。","","",0,,,1,,"2024-09-20 14:44:27",,"2024-10-14 17:22:37",
452,JULING,MYSQL,juling,"30065",新闻版次表,NEWS_EDIT_ORDER,"主键：SRC_CODE+Edit_Order+DECLAREDATE,含义说明： [1]本表主要记录每条新闻的信息来源代码，版次，版次名称，发布日期。","","",0,,,1,,"2024-09-20 14:44:27",,"2024-10-14 15:14:40",
453,JULING,MYSQL,juling,"30066",证券特别提示,NEWS_ESP_HINT,"主键：INNER_CODE+HINT_DT+ORDERID,含义说明： [1]本表主要记录各证券品种的交易提示信息，例如：停牌提示、首发新股提示、增发新股提示、股改提示、配股提示、分红派息提示、简称变更提示等。使用说明：[1]本表INNER_CODE关联证券综合代码表PUB_SEC_CODE.INNER_CODE，得到证券的基本信息。","主键：INNER_CODE+HINT_DT+ORDERID,含义说明： [1]本表主要记录各证券品种的交易提示信息，例如：停牌提示、首发新股提示、增发新股提示、股改提示、配股提示、分红派息提示、简称变更提示等。使用说明：[1]本表INNER_CODE关联证券综合代码表PUB_SEC_CODE.INNER_CODE，得到证券的基本信息。","",0,,,1,,"2024-09-20 14:44:27",,"2024-11-20 12:13:36",
454,JULING,MYSQL,juling,"30067",基金关联表,NEWS_FND,"主键：GUID+Inner_code,含义说明： [1]本表为关联表，主要记录新闻标识，基金内部代码和发布日期。使用说明：[1]本表INNER_CODE关联基金综合信息表FND_GEN_INFO.INNER_CODE，得到基金的基本信息。","","",0,,,1,,"2024-09-20 14:44:27",,"2024-10-14 17:23:40",
455,JULING,MYSQL,juling,"30068",港股公司关联表,NEWS_HK_COM,"主键：GUID+SCODE,含义说明： [1]本表为关联表，主要记录新闻标识，港股代码和发布日期。使用说明：[1]本表SCODE关联香港股票代码表HK_STKCODE.STKCODE，得到港股的基本信息。","","",0,,,1,,"2024-09-20 14:44:27",,"2024-10-14 17:24:19",
456,JULING,MYSQL,juling,"30069",热门公司新闻统计表,NEWS_HOT_STK,"主键：COMCODE+STAT_TYPE+ENDDATE,含义说明： [1]本表主要统计每天各个公司新闻的数量和排名等，以便由此挖掘热门股票和概念板块。使用说明：[1]本表COMCODE关联股票代码表STK_CODE.COMCODE，得到股票的相关信息。","","",0,,,1,,"2024-09-20 14:44:28",,"2024-10-14 17:24:19",
457,JULING,MYSQL,juling,"30070",新闻行业关联表,NEWS_INDU_RELA,"主键：GUID+NEWS_INNER_CODE,含义说明： [1]本表为关联表，主要记录新闻标识，新闻行业内部代码，新财富行业内部代码，证监会行业内部代码，申万行业内部代码和发布日期。使用说明：[1]由于2021年7月31日申万官网发布新的行业分类体系，2014版申万行业分类将停止更新，开始维护新版行业分类。","","",0,,,1,,"2024-09-20 14:44:28",,"2024-10-14 17:26:51",
458,JULING,MYSQL,juling,"30071",主题词关联表,NEWS_KEY,"主键：GUID+KEY_ID,含义说明： [1]本表为关联表，主要记录新闻标识，主题词ID和发布日期。","","",0,,,1,,"2024-09-20 14:44:28",,"2024-10-14 15:14:40",
459,JULING,MYSQL,juling,"30072",主题词表,NEWS_KEY_REF,"主键：KEY_ID,含义说明： [1]本表主要记录了新闻的主题词ID，主题词名，拼音索引和备注。","","",0,,,1,,"2024-09-20 14:44:28",,"2024-10-14 15:14:40",
460,JULING,MYSQL,juling,"30073",新闻主表,NEWS_MAIN,"主键：GUID,含义说明： [1]主要记录了这条新闻的主要属性，如：发布日期、标题、来源、作者、版次、摘要等。[2]整个新闻系统是通过GUID(新闻唯一标识)来记录唯一的一条新闻实体的，如果需要添加这条新闻的相关证券、相关行业等等，都可以通过GUID关联子表来记录新闻的这些信息或者其它所有相关信息。使用说明：[1]东方早报,科技日报,文汇报,信息时报,光明日报,南方日报,羊城晚报,华夏时报,北京晨报,京华时报,台湾时报,中国贸易报,通信产业报,计算机世界,中国电子报,中国有色金属报,IT经理世界,中国计算机报,商业周刊,以上报刊由于披露延迟较长，数据更新不及时，报刊权威性及专业性不强，于2010-09-10不再进行新闻更新。","","",0,,,1,,"2024-09-20 14:44:28",,"2024-10-14 17:26:51",
461,JULING,MYSQL,juling,"30074",机构关联表,NEWS_ORG,"主键：GUID+ORG_ID,含义说明： [1]本表为关联表，主要记录新闻标识，机构ID和发布日期。","","",0,,,1,,"2024-09-20 14:44:28",,"2024-10-14 15:14:40",
462,JULING,MYSQL,juling,"30075",人物关联表,NEWS_PEOPLE,"主键：GUID+PEOPLE_ID,含义说明： [1]本表为关联表，主要记录了这条新闻涉及到的人物ID。","","",0,,,1,,"2024-09-20 14:44:28",,"2024-10-14 15:14:40",
463,JULING,MYSQL,juling,"30076",新闻所属地区表,NEWS_REL_AREA,"主键：GUID+AREA_CODE,含义说明： [1]本表主要记录了这条新闻所属地区代码。","","",0,,,1,,"2024-09-20 14:44:28",,"2024-10-14 15:14:40",
464,JULING,MYSQL,juling,"30077",板块关联表,NEWS_SECTION,"主键：GUID+SECTION_CODE,含义说明： [1]本表为关联表，主要记录了这条新闻所属板块代码。","","",0,,,1,,"2024-09-20 14:44:28",,"2024-10-14 15:14:40",
465,JULING,MYSQL,juling,"30078",新闻来源表,NEWS_SRC,"主键：NEWS_ID+SOURCE_ID,含义说明： [1]本表主要记录了这条新闻来源标识，来源类型代码。使用说明：[1]目前只存储晨会汇编的来源信息。","","",0,,,1,,"2024-09-20 14:44:28",,"2024-10-14 17:26:51",
466,JULING,MYSQL,juling,"30079",上市公司关联表,NEWS_STK,"主键：GUID+COMCODE,含义说明： [1]本表为关联表，主要记录了新闻标识，公司代码，发布日期，A股内部代码和B股内部代码。","","",0,,,1,,"2024-09-20 14:44:28",,"2024-10-14 15:14:41",
467,JULING,MYSQL,juling,"30080",商品关联表,NEWS_WARES,"主键：GUID+WARESCODE,含义说明： [1]本表为关联表，主要记录了这条新闻所涉及的商品品种代码。","","",0,,,1,,"2024-09-20 14:44:28",,"2024-10-14 15:14:41",
468,JULING,MYSQL,juling,"30081",机构别名及曾用名表,ORG_NAME_HIST,机构别名及曾用名表，主键：ORGCODE+ITEM_NUM。含义说明：[1]本表收录了机构的现有名称以及曾用名称相关信息,"","",0,,,1,,"2024-09-20 14:44:28",,"2024-10-16 15:54:11",
469,JULING,MYSQL,juling,"30082",机构信息表,ORG_PROFILE,"主键：OrgCode,含义说明： [1]本表包含机构和自然人的相关信息，在本表可通过‘机构类型(大类)ORG_TYPE’字段判断该机构代码为机构或自然人，当‘机构类型(大类)ORG_TYPE’like'700%'时，表示此条记录为自然人相关信息。","""该表格名为“ORG_PROFILE”，中文名为“机构信息表”，用于记录机构和自然人的相关信息。通过“机构类型(大类)”字段可以判断记录是机构还是自然人。当“机构类型(大类)”以“700%”开头时，表示该记录为自然人信息。表格中的字段包括：

- **ISVALID**: 表示记录是否有效，1为有效。
- **OrgCode**: 机构代码，为表格的主键。
- **Remark**: 补充说明。
- **FAX**: 公司传真。
- **EMAIL**: 公司电子邮箱。
- **DECLAREDATE**: 公告日期。
- **SECTRY_FAX**: 董秘传真。
- **CName**: 中文名称。
- **CSName**: 中文简称。
- **CSpell**: 拼音简称。
- **EName**: 英文名称。
- **ESName**: 英文简称。
- **REGI_CAP**: 注册资本，以元为单位。
- **CURNCY**: 注册资本币种，与综合参数表关联。
- **REGI_ADDR**: 公司注册地址。
- **OFFICE_ADDR**: 公司办公地址。
- **WEB_SITE**: 公司网址。
- **POSTCODE**: 邮政编码。
- **LEG_PERSON**: 法定代表人。
- **GEN_MANAGER**: 总经理。
- **DISTRICT_NO**: 区号，已停止维护。
- **TEL**: 公司联系电话。
- **CONTACT_PERSON**: 联系人。
- **BOARD_SECTRY**: 董事会秘书姓名。
- **REPR**: 董事会授权代表姓名。
- **SECTRY_TEL**: 董秘联系电话。
- **CONTACT_ADDR**: 董秘联系地址。
- **SECTRY_EMAIL**: 董秘电子信箱。
- **REPR_TEL**: 证券事务代表电话。
- **REPR_FAX**: 证券事务代表传真。
- **REPR_ADDR**: 证券事务代表地址。
- **REPR_EMAIL**: 证券事务代表邮箱。
- **BRIEF_INTRO**: 简介，包括成立情况与历史沿革。
- **PRI_BIZ**: 主营业务。
- **NON_PRI_BIZ**: 兼营业务。
- **STAFF_NUM**: 雇员总数。
- **MSTAFF_NUM**: 管理人员数量。
- **TSTAFF_NUM**: 技术人员数量。
- **DISCL_PAPER**: 信息披露报纸，数据维护截止到2011年。
- **DISCL_WEBSITE**: 信息披露网站，数据维护截止到2011年。
- **BUILD_DATE**: 成立日期。
- **CLOSE_DATE**: 解散日期。
- **CLOSE_REASON**: 解散原因。
- **ORG_STATUS**: 机构状态，与综合参数表关联。
- **REGI_NO**: 工商登记号，使用统一社会信用代码。
- **NTAX_NO**: 税务登记号(国税)。
- **LTAX_NO**: 税务登记号(地税)。
- **LISTED**: 是否上市公司。
- **ISSUE_BOND**: 是否发行债券。
- **NATION**: 国别或地区，与国家(地区)区号信息表关联。
- **REGION**: 所属地区，与行政区划代码参数表关联。
- **ORG_TYPE**: 机构类型(大类)，与综合参数表关联。
- **ORG_MTYPE**: 机构类型(中类)，与综合参数表关联。
- **ORG_STYPE**: 机构类型(小类)，与综合参数表关联。
- **ORG_FORM**: 企业组织形式代码，与综合参数表关联。
- **FORM_NAME**: 企业组织形式名称。
- **MOTHER_CODE**: 母公司，记录母子公司关系。
- **TOPCODE**: 顶级机构代码，记录总部信息。
- **ParentCode**: 上一级机构代码。
- **LayerCode**: 层级码。
- **STATUS_NAME**: 机构状态名称。
- **CURNCY_NAME**: 注册资本币种名称。
- **NATION_NAME**: 国别或地区名称。
- **REGION_NAME**: 所属地区名称。
- **TYPE_NAME**: 机构类型名称(大类)。
- **MTYPE_NAME**: 机构类型名称(中类)。
- **STYPE_NAME**: 机构类型名称(小类)。
- **MOTHER_NAME**: 母公司名称。
- **Top_NAME**: 顶级机构名称。
- **Parent_NAME**: 上一级机构名称。
- **SERVICE_TEL**: 客服联系电话。
- **PROVINCE**: 省份。
- **CITY**: 城市。
- **REGION_CODE**: 所属地区代码，与行政区划代码参数表关联。

主键为OrgCode。""","",0,,,0,,"2024-09-20 14:44:28",,"2024-10-23 15:51:36",
470,JULING,MYSQL,juling,"30083",机构属性(资格)表,ORG_QUALIFICATION,"主键：OrgCode+ATTR_TYPE,含义说明： [1]同一个机构如果有多个资格或属性,那么就相应多条记录。","","",0,,,1,,"2024-09-20 14:44:28",,"2024-10-14 15:14:47",
471,JULING,MYSQL,juling,"30084",交易所开市日历表,PUB_EXCHANGE_CALENDAR,"主键：ENDDATE+MKT_TYPE,含义说明： [1]本表主要维护上交所，深交所，股转系统、北交所、港交所、银行间市场、上海黄金交易所、海西商品交易所和天津贵金属交易所的开闭市数据。[2]根据交易所网站披露的节假日开闭式情况进行数据维护，并且会在交易所正式披露下一年的节假日安排前，根据上一年的节假日休市安排情况，进行估算采集未来两年的开闭市数据，因此估算数据可能存在不准确性。估算数据会在交易所公布确定的休市安排公告时进行修正更新。","","",0,,,1,,"2024-09-20 14:44:29",,"2024-10-14 15:14:47",
472,JULING,MYSQL,juling,"30085",行业分类代码表,PUB_INDU_REF,"主键：INNER_CODE,含义说明： [1]该表记录证监会、国家统计局、全球、申万等行业分类标准并对每个行业赋予唯一的内部编码。[2]本表中恒生行业分类二级代码和恒生指数公司相比，少了末位‘0’。使用说明：[1]关联本表INNER_CODE可调出具体某个行业在不同分类体系下的信息。[2]新增INDU_SYS_MARK=15 申银万国行业分类标准(2014),废弃INDU_SYS_MARK=10 申银万国行业分类标准(2011);[2]为更好维护新版行业分类，旧版证监会行业分类及旧版申万行业分类从2014年12月31日起停止维护；[3]由于2021年7月31日申万官网发布新的行业分类体系，新增INDU_SYS_MARK=20 申银万国行业分类标准(2021)，2014版申万行业分类停止更新，开始维护2021新版行业分类。[4]全球行业分类标准2023年3月更新分类。[5]14=证监会行业分类标准(2012)修改为14=中上协行业分类标准(2024)2023年12月更新一些分类。",表格“PUB_INDU_REF”，中文名为“行业分类代码表”，用于记录和管理不同行业分类标准的信息，包括证监会、国家统计局、全球、申万等。该表为每个行业分配一个唯一的内部编码（INNER_CODE），并提供了行业分类体系标识（INDU_SYS_MARK），以区分不同的分类标准，如申万行业、证监会行业等。表格中的字段包括：ISVALID，用于标识记录是否有效；INNER_CODE，表示行业统一代码；INDU_SYS_MARK，指示行业分类体系标识；INDU_CODE，代表行业分类代码；INDU_NAME，表示行业分类名称；INDU_LEVEL，指示行业分类级别；SECTOR，描述所属门类；DEFINITION，提供行业说明；INDU_SYS_NAME，表示行业分类体系名称；PARENT_CODE，指示父行业代码。该表的主键是INNER_CODE。,"",0,,,1,,"2024-09-20 14:44:29",,"2024-10-16 18:12:01",
473,JULING,MYSQL,juling,"30086",信息来源表,PUB_INFOR_SRC,"主键：SRC_CODE,含义说明： [1]本表主要记录信息来源的相关信息，包括来源代码，来源名称，报刊类属，报刊类型等等。","","",0,,,1,,"2024-09-20 14:44:29",,"2024-10-14 15:14:47",
474,JULING,MYSQL,juling,"30087",机构词表,PUB_ORG_REF,"主键：ORG_ID,含义说明： [1]本表主要记录机构ID，机构名称，机构简称，拼音索引，机构类别名称，所属地区，曾用名和补充说明。","","",0,,,1,,"2024-09-20 14:44:29",,"2024-10-14 15:14:47",
475,JULING,MYSQL,juling,"30088",证券综合代码表,PUB_SEC_CODE,"主键：INNER_CODE,含义说明： [1]本表汇总记录股票,基金,债券,理财等各子库基础码表的数据,如:内部代码,证券代码,证券简称,公司代码等。包含股票,回购,基金,集合理财,期货,权证,远期,债券和指数等品种。使用说明：[1]债券的退市日期每个市场的披露都不同：银行间的债券一般是在上市的时候给出一个理论退市日；上交所及上交所固定收益平台兑付时会给出最后交易日以及停止交易日；深交所兑付时给的是摘牌日。针对债券：‘终止上市日’、‘最后交易日’、‘摘牌日’3个字段的转换为：‘摘牌日’、‘最后交易日’都是转入的原始披露值，而‘终止上市日’债券如果是银行间交易市场，取的是理论退市日期，如果债券是上海证券交易所、上交所固定收益平台交易市场，取的是停止交易日，可以根据‘证券市场’配合几个字段来调用。 [2]因建了专门的新三板库，所以此表的三板数据于2017年2月1日停止维护 [3]因建了专门的国际证券信息表，所以此表的美股数据于2015年4月1日停止维护","""表格“PUB_SEC_CODE”，中文名为“证券综合代码表”，用于汇总记录股票、基金、债券、理财等各类证券的基础信息。该表包含多个字段，具体如下：

- **ISVALID**: 表示记录是否有效，1为有效。
- **INNER_CODE**: 内部代码，是表的主键。
- **SEC_ID**: 证券标识，唯一标识一个证券实体。
- **SEC_CODE**: 市场代码，各证券公司发行的代码。
- **SEC_NAME**: 证券全称，股票时为公司全称。
- **SEC_SNAME**: 证券简称，优先取官网披露的简称。
- **SEC_CHI_SPEL**: 证券拼音简称。
- **COMCODE**: 公司代码。
- **SEC_TYPE**: 证券大类型，与综合参数表关联。
- **SEC_TYPE_NAME**: 证券大类型名称，如股票、债券等。
- **SEC_STYPE_NAME**: 证券细分类型名称，如A股、B股等。
- **SEC_STYPE**: 证券细分类型，与综合参数表关联。
- **MKT_TYPE**: 证券市场，与综合参数表关联。
- **MKT_NAME**: 证券市场名称，如深圳证券交易所等。
- **LIST_STATUS**: 上市状态，与综合参数表关联。
- **LIST_SECTOR**: 上市板块，与综合参数表关联。
- **LIST_SECTOR_NAME**: 上市板块名称，如主板、创业板等。
- **LIST_DATE**: 上市日期。
- **CN_CONCEPT**: 是否有中华概念，与综合参数表关联。
- **ISIN**: ISIN编码。
- **NATION_CODE**: 所属国家代码，与国家区号信息表关联。
- **SEC_NTU_CODE**: 证券属性类别代码，仅适用于港股。
- **SPECIAL_TYPE_REF**: 特别处理状态参数，仅适用于大陆交易所股票。
- **LIST_ENDDATE**: 终止上市日，债券的理论退市日期或停止交易日。
- **LAST_TRADE_DATE**: 最后交易日，仅对退市整理期有效。
- **ACTU_DELIST_DATE**: 摘牌日，债券特有字段。

该表特别注意债券的退市日期处理，并且自2017年2月1日起停止维护三板数据，自2015年4月1日起停止维护美股数据。主键为INNER_CODE。""","",0,,,1,,"2024-09-20 14:44:29",,"2024-10-16 17:51:33",
476,JULING,MYSQL,juling,"30089",科创板公司业绩预告表,STI_ACHIEVE_FORECAST,"主键：COMCODE+ITEM_NUM,含义说明： [1]本表记录科创板公司的业绩预告信息。使用说明：[1]本表COMCODE关联STI_COM_PROFILE.COMCODE获得公司基本信息。",表格“STI_ACHIEVE_FORECAST”即“科创板公司业绩预告表”记录了科创板公司的业绩预告信息。该表的主要字段包括：ISVALID表示记录是否有效；COMCODE为公司代码，与公司基本信息关联；ITEM_NUM为序号；DECLAREDATE和ENDDATE分别为公告日期和截止日期。FORE_CLS_CODE和FORE_CLS分别为预测类型代码和预测类型，描述公司业绩的预期变化。SRC为公告来源，SUMMARY和CONTENT分别为预测摘要和具体内容。REASON为原因说明，CHNG和CHNG_CAUSE分别表示是否被推翻及其原因。NTINC_GR_CEIL和NTINC_GR_FLOR为净利润同比增长的上限和下限，PREVIOUS_EPS和PREVIOUS_NET_PROFIT为去年同期每股收益和净利润。EPS_CEIL和EPS_FLOR为预计每股收益的上限和下限，CURNCY为币种。IDX_TYPE为财务指标类型，MAX_VAL和MIN_VAL为净利润预测金额的上限和下限。PERIOD为预测期间，SR_GR_CEIL和SR_GR_FLOR为营业收入同比增长的上限和下限，SR_MAX_VAL和SR_MIN_VAL为营业收入预测金额的上限和下限。DNP_GR_CEIL和DNP_GR_FLOR为扣非净利润同比增长的上限和下限，DNP_MAX_VAL和DNP_MIN_VAL为扣非净利润预测金额的上限和下限。该表的主键为COMCODE和ITEM_NUM。,"",0,,,1,,"2024-09-20 14:44:29",,"2024-10-16 17:59:31",
477,JULING,MYSQL,juling,"30090",科创板公司业绩快报表,STI_ACHIEVE_REPORT,"主键：COMCODE+ITEM_NUM,含义说明： [1]本表记录上市公司定期报告披露前对部分重要指标的初步核算披露,与最后的报告披露数据可能会有差异。主要有公告日期、营业收入、营业利润、每股净资产、是否被推翻、推翻原因等。使用说明：[1]本表COMCODE关联上市公司基本信息表STI_COM_PROFILE.COMCODE获得上市公司基本信息。","""科创板公司业绩快报表（STI_ACHIEVE_REPORT）用于记录上市公司在定期报告披露前对部分重要指标的初步核算结果。该表包含多个字段，详细记录了公司的财务和经营状况。字段包括：

- **ISVALID**: 表示记录是否有效，1为有效。
- **COMCODE**: 公司代码，用于关联上市公司基本信息。
- **ITEM_NUM**: 序号，用于标识记录。
- **ENDDATE**: 截止日期，记录数据的截止时间。
- **DECLAREDATE**: 公告日期，记录数据披露的日期。
- **ITEM_CODE**: 项目代码，与综合参数表关联以获取具体描述。
- **OPR_INCM**: 营业收入，以万元为单位。
- **OPR_PROFIT**: 营业利润，以万元为单位。
- **TOT_PROFIT**: 利润总额，以万元为单位。
- **NET_PROFIT**: 净利润，以万元为单位。
- **EPS**: 基本每股收益，以元/股为单位。
- **ROE**: 净资产收益率，以百分比表示。
- **ASSET**: 总资产，以万元为单位。
- **NET_ASSET**: 净资产，以万元为单位。
- **BPS**: 每股净资产，以元/股为单位。
- **INCOME**: 主营业务收入，以万元为单位。
- **PRIME_OPR_PROFIT**: 主营业务利润，以万元为单位。
- **DU_MNP**: 归属于母公司所有者的净利润，以万元为单位。
- **NTPRO_AFT_EI**: 扣除非经常性损益后的净利润，以万元为单位。
- **EPS_AFT_EI**: 扣除非经常性损益后的每股收益，以元/股为单位。
- **WA_EPS**: 每股收益(加权)，以元/股为单位。
- **DILUTED_EPS**: 每股收益(摊薄)，以元/股为单位。
- **WA_ROE**: 净资产收益率(加权)，以百分比表示。
- **ROE_AFT_EI**: 扣除非经常性损益后的净资产收益率，以百分比表示。
- **WA_ROE_AFT_EI**: 扣除非经常性损益后的净资产收益率(加权)，以百分比表示。
- **DU_EQUITY**: 归属于母公司所有者的股东权益，以万元为单位。
- **OPR_FIN_EXP**: 经营业绩及财务状况说明。
- **CHNG**: 是否被推翻，记录是否有变更。
- **CHNG_CAUSE**: 推翻原因，记录变更的原因。
- **TOT_SHR**: 股本，以万股为单位。
- **ITEM**: 项目，记录具体项目名称。

该表的主键由公司代码（COMCODE）和序号（ITEM_NUM）组成。""","",0,,,1,,"2024-09-20 14:44:29",,"2024-10-16 17:49:52",
478,JULING,MYSQL,juling,"30091",科创板公司资产负债表,STI_BALA_GEN,"主键：COMCODE+RPT_DATE+ENDDATE+RPT_TYPE,含义说明： [1]本表记录科创板公司资产负债表的信息。使用说明：[1]本表COMCODE关联STI_COM_PROFILE.COMCODE获得公司基本信息。","""表格“STI_BALA_GEN”即“科创板公司资产负债表”，记录了科创板公司资产负债的详细信息。该表的主键由公司代码（COMCODE）、报表日期（RPT_DATE）、截止日期（ENDDATE）和报表合并类型（RPT_TYPE）组成。字段包括：

- ISVALID：标识记录是否有效。
- COMCODE：公司代码，用于关联公司基本信息。
- RPT_DATE：报表日期，指报表披露的最新会计期间。
- ENDDATE：数据期间截止日期。
- RPT_TYPE：报表合并类型，区分合并或母公司报表。
- RPT_SRC：报表来源。
- DECLAREDATE：公告日期。
- PAR_COM：是否母公司数导入。

资产类字段涵盖货币资金、结算备付金、拆出资金、应收保费、交易性金融资产、短期投资、应收账款、存货、待摊费用、工程施工、持有待售资产、长期投资、固定资产、无形资产、递延所得税资产、其他非流动资产等，均以元为单位。

负债类字段包括向中央银行借款、吸收存款、短期借款、应付账款、应付职工薪酬、应交税费、预计负债、长期借款、应付债券、递延所得税负债、其他非流动负债等，均以元为单位。

股东权益类字段涉及实收资本、资本公积金、盈余公积、未分配利润、其他综合收益、归属于母公司所有者权益、少数股东权益等，均以元为单位。

此外，表格还包括流动资产、非流动资产、流动负债、非流动负债、股东权益的合计和差额字段，以及负债和股东权益总计。所有字段的数值类别为NUMERIC，除非特别说明。主键为COMCODE+RPT_DATE+ENDDATE+RPT_TYPE。""","",0,,,1,,"2024-09-20 14:44:29",,"2024-10-16 17:58:16",
479,JULING,MYSQL,juling,"30092",科创板公司现金流量表,STI_CASH_GEN,"主键：COMCODE+RPT_DATE+STARTDATE+ENDDATE+RPT_TYPE,含义说明： [1]本表记录科创板公司现金流量表的信息。使用说明：[1]本表COMCODE关联STI_COM_PROFILE.COMCODE获得公司基本信息。","""该表格名为“STI_CASH_GEN”，中文名为“科创板公司现金流量表”，用于记录科创板公司现金流量的详细信息。表格中的字段包括：

- **ISVALID**: 表示记录是否有效，1为有效。
- **COMCODE**: 公司代码，用于关联公司基本信息。
- **DECLAREDATE**: 公告日期。
- **RPT_DATE**: 报表日期，指报表披露的最新会计期间。
- **STARTDATE**: 数据期间开始日期。
- **ENDDATE**: 数据期间截止日期。
- **RPT_TYPE**: 报表合并类型，指合并或母公司。
- **PAR_COM**: 是否母公司数导入，0为否，1为是。
- **RPT_SRC**: 报表来源。

现金流量相关字段包括：

- **经营活动现金流入**: 如销售商品、提供劳务收到的现金（C110101）、收到的租金（C110201）、收到的增值税销项税款（C110311）等。
- **经营活动现金流出**: 如购买商品支付的现金（C120101）、支付给职工的现金（C120301）、支付的增值税款（C120411）等。
- **投资活动现金流入**: 如收回投资收到的现金（C210101）、分得股利或利润收到的现金（C210211）等。
- **投资活动现金流出**: 如购建固定资产支付的现金（C220101）、权益性投资支付的现金（C220211）等。
- **筹资活动现金流入**: 如吸收权益性投资收到的现金（C310101）、发行债券收到的现金（C310201）等。
- **筹资活动现金流出**: 如偿还债务支付的现金（C320101）、分配股利支付的现金（C320301）等。

其他重要字段包括：

- **汇率变动对现金的影响**（C410101）。
- **净利润**（C411001）及相关财务调整项目。
- **期初和期末现金及现金等价物余额**（C413201, C413301）。
- **现金及现金等价物净增加额**（C410201）。

表格的主键由COMCODE、RPT_DATE、STARTDATE、ENDDATE和RPT_TYPE组成，用于唯一标识每条记录。股利支付相关信息也在本表中。","",0,,,1,,"2024-09-20 14:44:29",,"2024-10-25 10:24:08",
480,JULING,MYSQL,juling,"30093",科创板公告附件表,STI_DISC_ACCE,"主键：DISC_ID+ACCE_ORDER,含义说明： [1]本表记录科创板公司的公告附件","","",0,,,1,,"2024-09-20 14:44:29",,"2024-10-14 15:14:48",
481,JULING,MYSQL,juling,"30094",科创板公告分类关联表,STI_DISC_CLS,"主键：DISC_ID+DISC_CLS_CODE,含义说明： [1]本表记录科创板公司的公告分类","","",0,,,1,,"2024-09-20 14:44:29",,"2024-10-14 15:14:48",
482,JULING,MYSQL,juling,"30095",科创板公告公司关联表,STI_DISC_COM,"主键：DISC_ID+COMCODE,含义说明： [1]本表记录科创板公司的公告信息","","",0,,,1,,"2024-09-20 14:44:29",,"2024-10-14 15:14:48",
483,JULING,MYSQL,juling,"30096",科创板公告全文表,STI_DISC_CONTENT,"主键：DISC_ID,含义说明： [1]本表记录科创板公司的公告全文信息","","",0,,,1,,"2024-09-20 14:44:29",,"2024-10-14 15:14:48",
484,JULING,MYSQL,juling,"30097",科创板公告主表,STI_DISC_MAIN,"主键：DISC_ID,含义说明： [1]本表记录科创板公司的公告信息","","",0,,,1,,"2024-09-20 14:44:29",,"2024-10-14 15:14:48",
485,JULING,MYSQL,juling,"30098",科创板公司分红表,STI_DIV_INFO,"主键：COMCODE+ITEM_ID,含义说明： ""[1]本表主要存储科创板上市公司每期的分红派息情况以及股改分红情况。 ""","""表格“STI_DIV_INFO”是科创板公司分红表，主要用于存储科创板上市公司每期的分红派息情况以及股改分红情况。表格中的字段包括：

- **ISVALID**: 表示记录是否有效，1为有效。
- **COMCODE**: 公司代码。
- **ITEM_ID**: ID号。
- **SECSNAME**: 证券简称。
- **SECCODE**: 证券代码。
- **DIR_DCL_DATE**: 董事会公告日。
- **SH_DCL_DATE**: 股东大会公告日。
- **SH_CONV_DATE**: 股东大会召开日。
- **ACT_DEC_DATE**: 方案实施公告日。
- **PRG_CODE**: 方案进度代码，与综合参数表关联以获取具体描述。
- **PRG**: 方案进度，描述董事会和股东大会的决策过程。
- **DIV_TYPE_CODE**: 分红情况代码，与综合参数表关联以获取具体描述。
- **DIV_TYPE**: 分红情况，描述是否分红及类型。
- **DIV_OBJ**: 分红对象。
- **DIV_INFO**: 分红说明。
- **NO_DIV_INFO**: 不分红原因。
- **END_DATE**: 股本基准日。
- **PERIODDATE**: 报告期。
- **BASE_VOL**: 派息股本基数，以万股为单位。
- **CHNG_TYPE_CODE**: 方案变更情况代码，与综合参数表关联。
- **CHNG_DATE**: 方案变更公告日。
- **CHNG_INFO**: 方案变更说明。
- **RTN_PRF**: 剩余未分配利润，以万元为单位。
- **CASH_BT**: 每10股派现（含税），以元为单位。
- **CASH_AT**: 每10股派现（税后），以元为单位。
- **BONUS_SHR**: 每10股送红股，以股为单位。
- **CAP_SHR**: 每10股转增股本，以股为单位。
- **REG_DATE**: 股权登记日。
- **EX_DIVI_DATE**: 除权除息日，股改分红时不涉及。
- **FINAL_TRA_DTE**: 最后交易日。
- **ACNT_DATE**: 股息到账日。
- **BS_TRA_DATE**: 红股上市流通日。
- **CS_TRA_DATE**: 转增股上市流通日。
- **DIV_NUM**: 年度分配次数。
- **DIV_RATE**: 股息发放率，以百分比表示。
- **PER_SHR_DIV**: 每股派现送转。

该表的主键是由“COMCODE”和“ITEM_ID”组合而成。""","",0,,,1,,"2024-09-20 14:44:29",,"2024-10-16 17:50:07",
486,JULING,MYSQL,juling,"30099",科创板股票分红统计表,STI_DIV_STAT,"主键：COMCODE+DIV_YEAR,含义说明： [1]本表统计科创板按年计算的派现金金额及派现金数额与当年归属于母公司净利润的比例等指标。",科创板股票分红统计表（STI_DIV_STAT）用于统计科创板公司按年度计算的分红情况。该表格包含多个字段，首先是ISVALID字段，用于标识记录是否有效，1表示有效。COMCODE字段代表公司代码，并与STI_STK_CODE.COMCODE相关联。DIV_YEAR字段表示分红的年度。ACCUM_UNIT_DIV字段记录年度累计单位分红，以元为单位。TOT_ACCUM_DIV字段表示年度累计分红总额，同样以元为单位。NET_PROFIT字段显示归属于母公司所有者的净利润，单位为元。CASH_NP_PROP字段则表示现金分红与净利润的比率，以百分比表示。该表的主键由COMCODE和DIV_YEAR组合而成。,"",0,,,1,,"2024-09-20 14:44:29",,"2024-10-16 18:13:08",
487,JULING,MYSQL,juling,"30100",科创板财务指标表,STI_FIN_IDX,"主键：COMCODE+RPT_DATE+STARTDATE+ENDDATE+RPT_TYPE,含义说明： [1]本表记录科创板上市公司财务指标表的信息,包括单季度的指标信息。使用说明：[1]本表COMCODE关联STI_COM_PROFILE.COMCODE获得公司基本信息。",科创板财务指标表（STI_FIN_IDX）记录了科创板上市公司单季度的财务指标信息，主要用于分析公司财务状况和经营成果。该表的主键由公司代码（COMCODE）、报表日期（RPT_DATE）、数据期间开始日期（STARTDATE）、数据期间截止日期（ENDDATE）和报表类型（RPT_TYPE）组成。表中的字段包括：\n\n- ISVALID：标识记录是否有效。\n- COMCODE：公司代码，用于关联公司基本信息。\n- RPT_DATE、STARTDATE、ENDDATE：分别表示报表日期、数据期间开始和结束日期。\n- RPT_TYPE：报表类型。\n- RPT_TAG：报告期间，标识季度或年度。\n- DECLAREDATE：公告日期。\n- RPT_SRC：报表来源。\n- EPS、BPS、NOCFPSEED、PS_OR：分别表示基本每股收益、每股净资产、每股经营现金净流量和每股营业收入。\n- 各种比率和增长率指标，如销售净利率（SEL_NINT）、资产负债率（TA_TLIA）、净资产收益率（ROE）、总资产收益率（ROA_NP）、流动比率（LAB_FLO）、存货周转率（IVTO）等。\n- 现金流相关指标，如经营现金流净额（NOCF）、投资现金流净额（NINVCF）、筹资现金流净额（NFCGCF）。\n- 资产和负债相关指标，如流动资产（TCA）、固定资产（FXDA）、负债总计（TLIA）、股东权益合计（TSHHEQY）。\n- 其他财务指标，如毛利润（GP）、息税前利润（EBIT）、净利润（NP）、归属于母公司所有者的净利润（NEAPACOM）。\n\n这些字段涵盖了公司财务报表的各个方面，包括盈利能力、偿债能力、运营效率和现金流状况，帮助用户全面了解公司的财务健康状况。主键信息为COMCODE+RPT_DATE+STARTDATE+ENDDATE+RPT_TYPE。,"",0,,,1,,"2024-09-20 14:44:30",,"2024-10-16 17:44:45",
488,JULING,MYSQL,juling,"30101",科创板公司利润表,STI_INCOME_GEN,"主键：COMCODE+RPT_DATE+STARTDATE+ENDDATE+RPT_TYPE,含义说明： [1]本表记录上市公司及发债公司三大财务报表的损益表信息,反映了这段时间的销售收入、销售成本、经营费用及税收状况,结果反映公司实现的利润或形成的亏损。使用说明：
[1]本表COMCODE关联STI_COM_PROFILE.COMCODE获得公司基本信息。","""表格“STI_INCOME_GEN”是科创板公司利润表，记录了上市公司及发债公司的损益信息，反映了在特定期间内的销售收入、销售成本、经营费用及税收状况，最终展示公司实现的利润或亏损情况。该表格的字段包括：

- **ISVALID**: 表示记录是否有效，1为有效。
- **COMCODE**: 公司代码，用于关联公司基本信息。
- **DECLAREDATE**: 公告日期。
- **RPT_DATE**: 报表日期。
- **STARTDATE**: 数据期间开始日期。
- **ENDDATE**: 数据期间截止日期。
- **RPT_TYPE**: 报表合并类型，指示是否为合并或母公司报表。
- **PAR_COM**: 是否母公司数导入，0为否，1为是。
- **RPT_SRC**: 报表来源。
- **P110100**至**P260102**: 这些字段涵盖了营业总收入、营业收入、折扣与折让、利息收入、已赚保费、手续费及佣金收入、其他业务收入、主营业务收入净额、影响营业收入的其他科目、营业总成本、营业成本、利息支出、手续费及佣金支出、研发费用、退保金、赔付支出净额、提取保险合同准备金净额、保单红利支出、分保费用、其他业务成本、影响营业成本的其他科目、营业税金及附加、影响主营业务利润特殊项目合计、主营业务利润、其他业务利润、存货跌价损失、销售费用、营业费用、管理费用、财务费用、期间费用、进货费用、勘探费用、汇兑损益、资产减值损失、营业总成本特殊项目合计、营业利润、投资收益、期货损益、补贴收入、营业外收入、以前年度损益调整、营业外支出、影响利润总额的其他科目、营业外收支净额、分给外单位利润、以前年度所得税调整、利润总额、所得税、影响净利润的其他科目、少数股东损益、未弥补子公司亏损、应交特种基金、职工奖励及福利基金、购并利润、未确认的投资损失、所得税返还、不应负担的子公司本年亏损、子公司弥补超额亏损的本年收益、净利润、持续经营净利润、终止经营净利润、归属于母公司所有者的净利润、被合并方在合并前实现的净利润、净利润其他子项、年初未分配利润、其他转入、盈余公积转入数、年初未分配利润调整、减少注册资本减少的未分配利润、外币报表折算差额、非正常经营项目收益调整、股份公司成立前利润分配、住房周转金转入数、影响可供分配的利润特殊项目合计、可供分配的利润、提取法定盈余公积金、提取法定公益金、提取职工奖励福利基金、提取储备基金、提取企业发展基金、利润归还投资、影响可供股东分配利润的特殊项目合计、可供股东分配的利润、应付优先股股利、提取任意盈余公积金、应付普通股股利、转作股本的普通股股利、影响未分配利润的特殊项目合计、未分配利润、出售、处置部门或被投资单位所得收益、自然灾害发生的损失、会计政策变更增加(或减少)利润总额、会计估计变更增加(或减少)利润总额、债务重组损失、其他、基本每股收益、稀释每股收益、其他综合收益、归属母公司所有者的其他综合收益的税后净额、以后会计期间在满足规定条件时将重分类进损益的其他综合收益项目、权益法下在被投资单位以后将重分类进损益的其他综合收益中享有的份额、可供出售金融资产公允价值变动损益、持有至到期投资重分类为可供出售金融资产损益、现金流量套期损益的有效部分、外币财务报表折算差额、其他、以后不能重分类进损益的其他综合收益其他项目、以后不能重分类进损益的其他综合收益平衡项目、以后会计期间不能重分类进损益的其他综合收益项目、重新计量设定受益计划净负债或净资产的变动、权益法下在被投资单位不能重分类进损益的其他综合收益中享有的份额、归属于少数股东的其他综合收益的税后净额、以后将重分类进损益的其他综合收益其他项目、以后将重分类进损益的其他综合收益平衡项目、其他综合收益其它明细项目、综合收益平衡项目、其他综合收益平衡项目、归属母公司所有者的其他综合收益其他项目、归属母公司所有者的其他综合收益平衡项目、综合收益总额、归属于母公司所有者的综合收益总额、归属于少数股东的综合收益总额。

主键为COMCODE、RPT_DATE、STARTDATE、ENDDATE和RPT_TYPE。""","",0,,,1,,"2024-09-20 14:44:30",,"2024-10-16 17:47:34",
489,JULING,MYSQL,juling,"30102",科创板公司发行相关机构表,STI_LIST_ORG,"主键：COMCODE+ITEM_NUM+ISS_CLS,含义说明： [1]本表记录科创板公司招股意向书中发行相关机构的信息。","""表格“STI_LIST_ORG”即“科创板公司发行相关机构表”记录了科创板公司招股意向书中涉及的发行相关机构的信息。该表格的字段包括：

- **ISVALID**: 表示记录是否有效，1为有效。
- **COMCODE**: 公司代码。
- **ITEM_NUM**: 序号。
- **ISS_CLS**: 发行方式，与“综合参数表”中的参数代码关联。
- **SECCODE**: 证券代码。
- **SECSNAME**: 证券简称。
- **ORG_CLS_CODE**: 机构性质代码，与“综合参数表”中的参数代码关联，描述机构类别。
- **ORG_CLS**: 机构性质，详细描述了相关机构的角色，如主承销商、保荐人等。
- **ORG_CODE**: 相关机构代码，与“ORG_PROFILE”表中的ORGCODE关联。
- **ORG_NAME**: 相关机构名称。
- **LEG_PERSON**: 相关机构保荐代表人。
- **TEL**: 相关机构联系电话。
- **FAX**: 相关机构传真。
- **PRJ_ORGANIZER**: 项目主办人。
- **PRJ_MEMBER**: 项目成员。
- **TRANSACTOR**: 经办人。

该表的主键由“COMCODE”、“ITEM_NUM”和“ISS_CLS”组成。""","",0,,,1,,"2024-09-20 14:44:30",,"2024-10-16 18:04:51",
490,JULING,MYSQL,juling,"30103",科创板股票行情表,STI_MKT,"主键：INNER_CODE+TRADEDATE,含义说明： [1]本表记录股票交易日行情,包括昨收、开盘价、收盘价、最高、最低价、成交价、成交量、成交笔数、5档申报买入价、量等内容",表格“STI_MKT”，中文名为“科创板股票行情表”，用于记录科创板股票在交易日的详细行情信息。该表格包含多个字段：ISVALID表示记录是否有效，INNER_CODE是证券内部代码，与科创板股票代码表关联，TRADEDATE为交易日期。价格相关字段包括LCLOSE（昨收价）、TOPEN（开盘价）、TCLOSE（收盘价）、THIGH（最高价）、TLOW（最低价），均以元为单位。交易量和金额通过TVOLUME（成交量，单位为股）和TVALUE（成交金额，单位为元）表示，DEAL记录成交笔数。涨跌情况通过CHNG（涨跌，单位为元）和CHNG_PCT（涨跌幅，单位为%）描述。表格还记录了五档申报买入和卖出信息，包括BP1-BP5（申报买入价1-5，单位为元）、BV1-BV5（申报买入量1-5，单位为股）、SP1-SP5（申报卖出价1-5，单位为元）、SV1-SV5（申报卖出量1-5，单位为股）。该表的主键由INNER_CODE和TRADEDATE组成。,"",0,,,1,,"2024-09-20 14:44:30",,"2024-10-16 18:10:51",
491,JULING,MYSQL,juling,"30104",科创板高管及其他重要员工任职表,STI_MNG_POST,"主键：COMCODE+DECLAREDATE+INDI_ID+POST_CODE,含义说明： [1]本表记录科创板公司高管及其他重要员工的任职信息,主要有职务、个人ID、任期起止日、离职原因等内容。使用说明：[1]本表的COMCODE关联上市公司基本信息表STI_COM_PROFILE.COMCODE得到上市公司基本信息。 [2]本表的INDI_ID关联个人基本信息表PUB_IND_PROFILE.INDI_ID得到个人基本信息。",表格“STI_MNG_POST”即“科创板高管及其他重要员工任职表”记录了科创板公司高管及其他重要员工的任职信息。该表格的主要字段包括：ISVALID表示记录是否有效；COMCODE为公司代码，用于关联上市公司基本信息；DECLAREDATE为公告日期；INDI_ID为个人ID，用于关联个人基本信息；POST_CODE和POST分别为职务代码和职务名称，描述员工的具体职务；START_DATE和END_DATE记录任期的起止日期；LEAVE_RSN_CODD和LEAVE_RSN分别为离职原因代码和离职原因，说明员工离职的具体原因；SUB_POST表示是否代理职位；ON_DUTY表示是否在任；LEAVE_INFO提供离职的详细说明。该表格的主键由COMCODE、DECLAREDATE、INDI_ID和POST_CODE组成。,"",0,,,1,,"2024-09-20 14:44:30",,"2024-10-16 18:12:25",
492,JULING,MYSQL,juling,"30105",科创板定期报告披露预约时间表,STI_PRE_DISCLOSURE,"主键：COMCODE+PERIODDATE,含义说明： [1]本表记录科创板公司定期报告预约披露的时间。主要有业绩报告时间、首次预约日期、实际披露日等内容。使用说明：[1]本表COMCODE关联科创板股票代码表STI_STK_CODE.COMCODE获得科创板公司基本信息。","""该表格名为“科创板定期报告披露预约时间表”（英文名：STI_PRE_DISCLOSURE），用于记录科创板公司定期报告的预约披露时间。表格中的字段包括：

- **ISVALID**：表示记录是否有效，1表示有效。
- **COMCODE**：公司代码，用于关联科创板股票代码表以获取公司基本信息。
- **PERIODDATE**：业绩报告时间。
- **PRE_DATE**：首次预约日期。
- **CHNG_DATE1**、**CHNG_DATE2**、**CHNG_DATE3**：分别记录变更日1、变更日2和变更日3。
- **ACT_DATE**：实际披露日。

该表格的主键由公司代码（COMCODE）和业绩报告时间（PERIODDATE）组成。""","",0,,,1,,"2024-09-20 14:44:30",,"2024-10-16 18:12:47",
493,JULING,MYSQL,juling,"30106",科创板主营业务收入按地区分布表,STI_PRI_INCOME_DISTRICT,"主键：COMCODE+PERIODDATE+RPT_TYPE+ITEM_ID,含义说明： [1]本表记录上市公司定期报告中董事会报告下披露的全球各地区的营业收入,成本,所占比重等信息。使用说明：[1]本表COMCODE关联STI_COM_PROFILE.COMCODE得到上市公司的详细信息。","""表格“STI_PRI_INCOME_DISTRICT”是科创板主营业务收入按地区分布表，记录了上市公司在定期报告中披露的全球各地区的营业收入、成本及其所占比重等信息。该表格的字段包括：

- **ISVALID**: 表示记录是否有效，1为有效。
- **COMCODE**: 公司代码，用于关联上市公司的详细信息。
- **PERIODDATE**: 报表日期。
- **RPT_TYPE**: 报表类型，关联综合参数表以获取具体描述。
- **ITEM_ID**: ID号，用于标识同一报表日期下的不同记录。
- **RPT_SRC**: 报表来源，关联综合参数表以获取来源信息。
- **ITEM_NAME**: 项目名称。
- **INCOME**: 主营业务收入，以万元为单位。
- **PRI_RVNU_PCT**: 占营业收入的比重，以百分比表示。
- **COST**: 主营业务成本，以万元为单位。
- **PRI_COST_PCT**: 占营业成本的比重，以百分比表示。
- **GRS_PRFT_VAL**: 主营业务毛利，以万元为单位。
- **GRS_PRFT_PCT**: 占营业毛利的比重，以百分比表示。
- **GP_RATIO**: 主营业务毛利率，以百分比表示。
- **INCOME_CHNG**: 主营收入比上年增减的比例，以百分比表示。
- **COST_CHNG**: 主营成本比上年增减的比例，以百分比表示。
- **GP_CHNG**: 毛利率比上年增减的比例，以百分比表示。

该表的主键由COMCODE、PERIODDATE、RPT_TYPE和ITEM_ID组成。""","",0,,,1,,"2024-09-20 14:44:30",,"2024-10-16 17:57:04",
494,JULING,MYSQL,juling,"30107",科创板主营业务收入按行业分布表,STI_PRI_INCOME_INDUSTRY,"主键：COMCODE+PERIODDATE+RPT_TYPE+ITEM_ID,含义说明： [1]本表记录上市公司定期报告中董事会报告下披露的各行业的营业收入,成本,所占比重等信息。使用说明：[1]本表COMCODE关联STI_COM_PROFILE.COMCODE得到上市公司的详细信息。","""表格“STI_PRI_INCOME_INDUSTRY”是科创板主营业务收入按行业分布表，用于记录上市公司定期报告中董事会报告下披露的各行业的营业收入、成本及其所占比重等信息。该表格的字段包括：

- **ISVALID**: 表示记录是否有效，1为有效。
- **COMCODE**: 公司代码，用于关联上市公司的详细信息。
- **PERIODDATE**: 报表日期。
- **RPT_TYPE**: 报表类型，与综合参数表关联以获取具体描述。
- **ITEM_ID**: ID号，标识同一报表日期下的不同记录。
- **RPT_SRC**: 报表来源，与综合参数表关联。
- **ITEM_NAME**: 项目名称。
- **INCOME**: 主营业务收入，以万元为单位。
- **PRI_RVNU_PCT**: 占营业收入比重，以百分比表示。
- **COST**: 主营业务成本，以万元为单位。
- **PRI_COST_PCT**: 占营业成本比重，以百分比表示。
- **GRS_PRFT_VAL**: 主营业务毛利，以万元为单位。
- **GRS_PRFT_PCT**: 占营业毛利比重，以百分比表示。
- **GP_RATIO**: 主营业务毛利率，以百分比表示。
- **INCOME_CHNG**: 主营收入比上年增减比例，以百分比表示。
- **COST_CHNG**: 主营成本比上年增减比例，以百分比表示。
- **GP_CHNG**: 毛利率比上年增减比例，以百分比表示。

该表的主键由COMCODE、PERIODDATE、RPT_TYPE和ITEM_ID组成。""","",0,,,1,,"2024-09-20 14:44:30",,"2024-10-16 17:57:04",
495,JULING,MYSQL,juling,"30108",科创板主营业务收入按产品分布表,STI_PRI_INCOME_PRODUCT,"主键：COMCODE+PERIODDATE+RPT_TYPE+ITEM_ID,含义说明： [1]本表记录上市公司定期报告中董事会报告下披露的公司各产品的营业收入,成本,所占比重等信息。使用说明：[1]本表COMCODE关联STI_COM_PROFILE.COMCODE得到上市公司的详细信息。","""表格“STI_PRI_INCOME_PRODUCT”即“科创板主营业务收入按产品分布表”记录了上市公司在定期报告中披露的各产品的营业收入、成本及其所占比重等信息。字段包括：

- **ISVALID**: 表示记录是否有效，1为有效。
- **COMCODE**: 公司代码，用于关联上市公司的详细信息。
- **PERIODDATE**: 报表日期。
- **RPT_TYPE**: 报表类型，关联参数表以获取具体描述，如合并或母公司。
- **ITEM_ID**: ID号，记录唯一标识。
- **RPT_SRC**: 报表来源，关联参数表以获取来源描述。
- **ITEM_NAME**: 项目名称。
- **INCOME**: 主营业务收入，以万元为单位。
- **PRI_RVNU_PCT**: 占营业收入比重，以百分比表示。
- **COST**: 主营业务成本，以万元为单位。
- **PRI_COST_PCT**: 占营业成本比重，以百分比表示。
- **GRS_PRFT_VAL**: 主营业务毛利，以万元为单位。
- **GRS_PRFT_PCT**: 占营业毛利比重，以百分比表示。
- **GP_RATIO**: 主营业务毛利率，以百分比表示。
- **INCOME_CHNG**: 主营收入比上年增减比例，以百分比表示。
- **COST_CHNG**: 主营成本比上年增减比例，以百分比表示。
- **GP_CHNG**: 毛利率比上年增减比例，以百分比表示。

该表的主键由COMCODE、PERIODDATE、RPT_TYPE和ITEM_ID组成。""","",0,,,1,,"2024-09-20 14:44:30",,"2024-10-16 17:57:14",
496,JULING,MYSQL,juling,"30109",科创板股本结构表,STI_SHR_STRU,"主键：COMCODE+CHANGEDATE,含义说明： [1]本表记录上市公司股本的构成及变化情况,主要包括总股本、流通股部分、及股本变动日期、变动原因。","""科创板股本结构表（STI_SHR_STRU）记录了上市公司股本的构成及变化情况，主要包括总股本、流通股部分及股本变动的日期和原因。表中的字段包括：

- **ISVALID**：表示记录是否有效，1为有效。
- **COMCODE**：公司代码，用于标识公司。
- **CHANGEDATE**：股本变动日期。
- **DECLAREDATE**：公告日期。
- **RPT_SRC**：报表来源，关联综合参数表以获取报表类型的具体描述，如季度报、年报等。
- **CHNG_REAS_CODE**：变动原因，关联综合参数表以获取变动原因的具体描述。
- **TOTAL**：总股本，表示公司发行的所有股份总数。
- **FL_SHR**：A股流通股，表示在市场上可自由交易的A股数量。
- **COMN_SHAR**：已发行普通股的数量。
- **PREF_SHAR**：已发行优先股的数量。
- **REMARK**：附注，提供额外信息。
- **TOTAL_A**：A股总股本。
- **TOTAL_H**：H股总股本。
- **FL_SHR_H**：H股流通股。
- **TOTAL_FL_SHR**：流通股本，表示市场上可自由交易的总股份。
- **LMT_SHR**：流通受限股，表示有交易限制的股份数量。

该表的主键由公司代码（COMCODE）和变动日期（CHANGEDATE）组成。""","",0,,,1,,"2024-09-20 14:44:30",,"2024-10-16 18:04:03",
497,JULING,MYSQL,juling,"30110",上市公司业绩预告表,STK_ACHIEVE_FORECAST,"主键：COMCODE+ITEM_ID,含义说明： [1]本表记录上市公司对未来业绩的预测，以及得出该预测的原因。主要有公告日期、预测类型、具体内容、原因说明等。使用说明：[1]本表COMCODE关联上市公司基本信息表STK_COM_PROFILE.COMCODE获得上市公司基本信息。",表格“STK_ACHIEVE_FORECAST”即“上市公司业绩预告表”记录了上市公司对未来业绩的预测及其原因。该表包含多个字段：ISVALID表示记录是否有效；COMCODE为公司代码；ITEM_ID为记录的唯一标识；A_STOCKCODE和A_STOCKSNAME分别为A股代码和简称；B_STOCKCODE和B_STOCKSNAME为B股代码和简称。DeclareDate和EndDate分别为业绩预告发布日期和关联的会计期间截止日期。FORE_CLS_CODE和FORE_CLS表示预测类型及其代码，SRC为公告来源，SUMMARY为预测摘要，CONTENT为具体内容，REASON为原因说明。CHNG表示预测是否被推翻，CHNG_CAUSE为推翻原因。NTINC_GR_CEIL和NTINC_GR_FLOR为净利润同比增长的上限和下限，PREVIOUS_EPS和PREVIOUS_NET_PROFIT为去年同期每股收益和净利润。EPS_CEIL和EPS_FLOR为预计每股收益的上限和下限，CURNCY为币种，IDX_TYPE为财务指标类型。MAX_VAL和MIN_VAL为净利润预测金额的上限和下限，PERIOD为预测期间，MAX_VAL_CHNG和MIN_VAL_CHNG为净利润预测变动金额的上限和下限。SR_GR_CEIL和SR_GR_FLOR为营业收入同比增长的上限和下限，SR_MAX_VAL和SR_MIN_VAL为营业收入预测金额的上限和下限。DNP_GR_CEIL和DNP_GR_FLOR为扣非净利润同比增长的上限和下限，DNP_MAX_VAL和DNP_MIN_VAL为扣非净利润预测金额的上限和下限。该表的主键为COMCODE和ITEM_ID。,"",0,,,1,,"2024-09-20 14:44:30",,"2024-11-14 15:51:15",
498,JULING,MYSQL,juling,"30111",上市公司业绩快报表,STK_ACHIEVE_REPORT,"主键：COMCODE+ITEM_NUM,含义说明： [1]本表记录上市公司定期报告披露前对部分重要指标的初步核算披露，与最后的报告披露数据可能会有差异。主要有公告日期、营业收入、营业利润、每股净资产、是否被推翻、推翻原因等。使用说明：[1]本表COMCODE关联上市公司基本信息表STK_COM_PROFILE.COMCODE获得上市公司基本信息。","""上市公司业绩快报表（STK_ACHIEVE_REPORT）用于记录上市公司在定期报告披露前对部分重要指标的初步核算结果。该表包含多个字段，主要包括：

- **ISVALID**: 表示记录是否有效，1为有效。
- **COMCODE**: 公司代码，用于关联上市公司基本信息。
- **ITEM_NUM**: 序号。
- **ENDDATE**: 截止日期。
- **Declaredate**: 公告日期。
- **A_STOCKCODE**和**A_STOCKSNAME**: A股代码及简称。
- **B_STOCKCODE**和**B_STOCKSNAME**: B股代码及简称。
- **ITEM_CODE**和**ITEM**: 项目代码及描述，涉及报告期、上年同期等。
- **OPR_INCM**: 营业收入（万元）。
- **OPR_PROFIT**: 营业利润（万元）。
- **TOT_PROFIT**: 利润总额（万元）。
- **NET_PROFIT**: 净利润（万元）。
- **EPS**: 基本每股收益（元/股）。
- **ROE**: 净资产收益率（%）。
- **ASSET**: 总资产（万元）。
- **NET_ASSET**: 净资产（万元）。
- **BPS**: 每股净资产（元/股）。
- **INCOME**: 主营业务收入（万元）。
- **PRIME_OPR_PROFIT**: 主营业务利润（万元）。
- **DU_MNP**: 归属于母公司所有者的净利润（万元）。
- **NTPRO_AFT_EI**: 扣除非经常性损益后的净利润（万元）。
- **EPS_AFT_EI**: 扣除非经常性损益后的每股收益（元/股）。
- **WA_EPS**: 每股收益(加权)（元/股）。
- **DILUTED_EPS**: 每股收益(摊薄)（元/股）。
- **WA_ROE**: 净资产收益率(加权)（%）。
- **ROE_AFT_EI**: 扣除非经常性损益后的净资产收益率（%）。
- **WA_ROE_AFT_EI**: 扣除非经常性损益后的净资产收益率(加权)（%）。
- **DU_EQUITY**: 归属于母公司所有者的股东权益（万元）。
- **OPR_FIN_EXP**: 经营业绩及财务状况说明。
- **CHNG**: 是否被推翻。
- **CHNG_CAUSE**: 推翻原因。
- **TOT_SHR**: 股本（万股）。

该表的主键由公司代码（COMCODE）和序号（ITEM_NUM）组成。""","",0,,,1,,"2024-09-20 14:44:30",,"2024-10-16 17:50:41",
499,JULING,MYSQL,juling,"30112",资产负债表（通用）,STK_BALA_GEN,"主键：COMCODE+RPT_DATE+ENDDATE+RPT_TYPE,使用说明： [1]本表COMCODE关联ORG_PROFILE.ORGCODE获得公司基本信息。","""表格“STK_BALA_GEN”即“资产负债表（通用）”是用于记录和分析公司财务状况的详细表格。该表格的主键由公司代码（COMCODE）、报表日期（RPT_DATE）、截止日期（ENDDATE）和报表合并类型（RPT_TYPE）组成。表格中的字段涵盖了公司资产、负债和股东权益的各个方面。

资产部分包括流动资产和非流动资产。流动资产字段如货币资金、交易性金融资产、应收票据、应收账款、存货等，反映公司短期内可变现的资源。非流动资产字段如长期股权投资、固定资产、无形资产等，代表公司长期持有的资源。

负债部分分为流动负债和非流动负债。流动负债字段如短期借款、应付账款、应付票据等，显示公司短期内需偿还的债务。非流动负债字段如长期借款、应付债券等，表示公司长期的债务责任。

股东权益部分包括实收资本、资本公积金、盈余公积、未分配利润等，反映公司所有者的权益。

此外，表格还包含一些特殊项目和差额字段，如流动资产差额、长期投资差额、固定资产差额等，用于记录特定的财务调整或差异。

表格中的字段类型多为数值型（如NUMERIC、INT、VARCHAR等），并且部分字段自2007年或2016年起开始使用。公告日期（DECLAREDATE）字段记录了财务信息的披露日期。

最后，表格的主键是由公司代码（COMCODE）、报表日期（RPT_DATE）、截止日期（ENDDATE）和报表合并类型（RPT_TYPE）构成的唯一标识符。""","",0,,,1,,"2024-09-20 14:44:30",,"2024-10-16 18:01:57",
500,JULING,MYSQL,juling,"30113",现金流量表（通用）,STK_CASH_GEN,"主键：COMCODE+RPT_DATE+STARTDATE+ENDDATE+RPT_TYPE,使用说明： [1]本表COMCODE关联机构信息表ORG_PROFILE.ORGCODE可得上市公司详细信息。","该表格名为“现金流量表（通用）”，英文名为“STK_CASH_GEN”，用于记录和分析公司在特定会计期间内的现金流动情况。表格的主键由公司代码（COMCODE）、报表日期（RPT_DATE）、数据期间开始日期（STARTDATE）、数据期间截止日期（ENDDATE）和报表合并类型（RPT_TYPE）组成。表格中的字段涵盖了公司经营、投资和筹资活动的现金流入和流出情况，包括销售商品、提供劳务收到的现金（C110101）、收取的租金（C110201）、支付给职工的现金（C120301）、购建固定资产支付的现金（C220101）、吸收投资收到的现金（C310301）、偿还债务支付的现金（C320101）等。此外，还包括汇率变动对现金的影响（C410101）、净利润（C411001）、固定资产折旧（C411501）等财务指标。表格还记录了期初和期末的现金及现金等价物余额（C413201和C413301），以及影响现金流量的特殊项目和平衡项目。字段类型包括整数（INT）、日期时间（DATETIME）、字符（VARCHAR）和数值（NUMERIC）。使用说明中提到，COMCODE字段可关联机构信息表ORG_PROFILE以获取上市公司详细信息。表格中的数据有效性由字段ISVALID指示，1表示有效。同时股利支付相关信息也在本表中。现金流量相关字段包括：

- **经营活动现金流入**: 如销售商品、提供劳务收到的现金（C110101）、收到的租金（C110201）、收到的增值税销项税款（C110311）等。
- **经营活动现金流出**: 如购买商品支付的现金（C120101）、支付给职工的现金（C120301）、支付的增值税款（C120411）等。
- **投资活动现金流入**: 如收回投资收到的现金（C210101）、分得股利或利润收到的现金（C210211）等。
- **投资活动现金流出**: 如购建固定资产支付的现金（C220101）、权益性投资支付的现金（C220211）等。
- **筹资活动现金流入**: 如吸收权益性投资收到的现金（C310101）、发行债券收到的现金（C310201）等。
- **筹资活动现金流出**: 如偿还债务支付的现金（C320101）、分配股利支付的现金（C320301）等。

其他重要字段包括：

- **汇率变动对现金的影响**（C410101）。
- **净利润**（C411001）及相关财务调整项目。
- **期初和期末现金及现金等价物余额**（C413201, C413301）。
- **现金及现金等价物净增加额**（C410201）。","",0,,,1,,"2024-09-20 14:44:30",,"2024-10-25 10:23:39",
501,JULING,MYSQL,juling,"30114",股票代码表,STK_CODE,"主键：INNER_CODE,含义说明： [1]本表记录所有沪深交易所的上市公司发行股票的交易所最新代码信息。包括股票简称、代码、交易市场，上市日期、终止上市日等信息。[2]本表作为股票码表作用存在。 [3]本表从2009年10月开始维护申报稿期间的股票代码，对处于股票申报稿期间未正式披露股票代码的公司进行内部自编代码，代码编制格式为：N+申报稿披露年份末两位+三位数流水号。[4]股票代码表（STK_CODE)股票状态变动表（STK_STATUS_CHNG)股票简称变动表（STK_SNAME_CHNG)股票代码变动表（STK_CODE_CHN
 [4]本表三板代码已不在此更新记录，需要查看三板代码请查看表STAS_STK_CODE(三板股票代码表)。使用说明：[1]本表作为股票码表作用存在，为记录公司股票一对多的关系（同一家公司发行多只股票），特设股票内部代码、股票代码和公司代码三层代码体系。一般用股票内部代码INNER_CODE进行表间相互关联并用股票代码查询。[2]因建了专门的新三板库，所以此表的三板数据于2017年2月1日停止维护，如需新数据请在新三板库STAS_STK_CODE表查询","""股票代码表（STK_CODE）记录了沪深交易所上市公司发行股票的最新代码信息，主要用于管理和查询股票的相关数据。该表自2009年10月起维护，包含股票简称、代码、交易市场、上市日期、终止上市日等信息，并为处于申报稿期间的公司提供内部自编代码。表中字段包括：

- **ISVALID**: 表示记录是否有效，1为有效。
- **INNER_CODE**: 股票内部代码，用于关联其他表。
- **CHANGEDATE**: 记录股票代码变动的日期。
- **STOCKCODE**: 股票市场代码。
- **STOCKSNAME**: 股票简称。
- **STATUS_TYPE**: 股票的上市状态，如正常上市、暂停上市等。
- **STATUS_TYPE_REF**: 上市状态的参数代码。
- **SPECIAL_TYPE**: 特别处理状态，如ST、*ST等。
- **SPECIAL_TYPE_REF**: 特别处理状态的参数代码。
- **TRADE_MKT**: 股票所在的交易市场，如深圳证券交易所。
- **TRADE_MKT_REF**: 交易市场的参数代码。
- **LIST_SEC**: 股票的上市板块，如主板、创业板等。
- **LIST_SEC_REF**: 上市板块的参数代码。
- **STK_TYPE**: 股票类别，如A股、B股等。
- **STK_TYPE_REF**: 股票类别的参数代码。
- **COMCODE**: 公司代码，用于关联公司基本信息。
- **COM_STK_CHNG**: 公司及股票关系变动类型。
- **COM_STK_CHNG_REF**: 公司及股票关系变动类型的参数代码。
- **PRE_INNER_CODE**: 变动前的股票内部代码。
- **OldCode**: 旧四位代码体系代码。
- **ISIN**: ISIN编码。
- **CHI_SPEL**: 股票的拼音简称。
- **SEDOL**: SEDOL代码，已停止维护。
- **LIST_DATE**: 股票的上市日期。
- **LIST_ENDDATE**: 股票的终止上市日。

该表的主键是**INNER_CODE**，用于在不同表之间进行关联和查询。""","",0,,,1,,"2024-09-20 14:44:30",,"2024-10-16 17:52:15",
502,JULING,MYSQL,juling,"30115",上市公司基本信息表,STK_COM_PROFILE,"主键：COMCODE,含义说明： [1]本表记录上市公司的最新基本信息,由上市公司历史信息表转换而来(只取最新一条数据),包括:公司名称,电话,地址,注册资本,公司简介,主营业务,行业分类等。使用说明：[1]其他业务表可关联本表COMCODE得到上市公司的最新详细信息。[2]为更好维护新版行业分类，旧版证监会行业分类从2014年12月31日起停止维护;2021年7月31日申万官网发布2021新的行业分类体系，开始维护新版行业分类。[3]由于上市公司的新财富行业分类是没有官方披露的，新财富行业分类类型不明确，人工判断维护，保证准确性难度较大，因此停止维护。[4]由于2023年12月10日证监会行业分类不在披露，对接上证协会披露而修改中文名称",上市公司基本信息表（STK_COM_PROFILE）记录了上市公司的最新基本信息，主要字段包括公司代码（COMCODE）、中文名称（CName）、英文名称（ENAME）、注册资本（REGI_CAP）及其币种（CURNCY）、公司注册地址（REGI_ADDR）、办公地址（OFFICE_ADDR）、公司简介（COM_BRIEF）、主营业务（PRI_BIZ）等。表格还包含公司联系方式，如电话（TEL）、传真（FAX）、电子邮箱（EMAIL）、网址（WEB_SITE）等，以及管理层信息，如法定代表人（LEG_PERSON）、总经理（GEN_MANAGER）、董事会秘书（BOARD_SECTRY）及其联系方式。行业分类信息包括证监会行业分类代码（CSRC_INDU_CODE）、全球行业分类代码（GICS_INDU_CODE）、申万行业分类代码（SW_INDU_CODE）等。其他信息还包括公司成立日期（BUILD_DATE）、解散日期（CLOSE_DATE）、工商登记号（REGI_NO）、税务登记号（NTAX_NO）、是否发行债券（ISSUE_BOND）、所属地区（REGION）及其名称、机构类型（ORG_TYPE）及其名称、会计师事务所和律师事务所信息等。表格的主键是公司代码（COMCODE），并且字段ISVALID用于标识记录是否有效。,"",0,,,0,,"2024-09-20 14:44:31",,"2024-10-23 15:51:36",
503,JULING,MYSQL,juling,"30116",上市公司申万行业历史变动情况表,STK_COM_SW_INDU_CHNG,"主键：COMCODE+CHANGEDATE,含义说明： 本表记录的是每个上市公司自上市以来2011年、2014年、2021年的申万行业变动的情况。使用说明：记录每个公司自上市以来2011年、2014年、2021年的申万行业变动的情况。","""表格“STK_COM_SW_INDU_CHNG”，中文名为“上市公司申万行业历史变动情况表”，用于记录每个上市公司（包括科创板）自上市以来在2011年、2014年和2021年的申万行业变动情况。表格中的字段包括：

- **ISVALID**：表示记录是否有效，1为有效。
- **COMCODE**：公司代码，与STK_COM_PROFILE.COMCODE关联。
- **CHANGEDATE**：变动日期，记录行业变动的具体时间。
- **INDU_SYS_MARK**：行业分类体系标识，与PUB_INDU_REF.INDU_SYS_MARK关联，值为10, 15, 20。
- **INDU_SYS_NAME**：行业分类体系名称。
- **A_STOCKCODE**：A股代码。
- **INNER_CODE**：行业统一代码，为三级行业的内部代码，与PUB_INDU_REF.INNER_CODE关联。
- **INDU_CODE_1**：行业分类一级代码。
- **INDU_NAME_1**：行业分类一级名称。
- **INDU_CODE_2**：行业分类二级代码。
- **INDU_NAME_2**：行业分类二级名称。
- **INDU_CODE_3**：行业分类三级代码。
- **INDU_NAME_3**：行业分类三级名称。

该表的主键由“COMCODE”和“CHANGEDATE”组成。""","",0,,,1,,"2024-09-20 14:44:31",,"2024-10-17 23:21:23",
504,JULING,MYSQL,juling,"30117",上市公司分红表,STK_DIV_INFO,"主键：COMCODE+ITEM_ID,含义说明： [1]本表记录了上市公司每期的分红派息情况以及股改分红情况，从上市公司董事会提出分红预案到股东大会审议到最终实施分红的具体信息。主要包括股本基准日、派息股本基数、分红对象、方案进度、股票类别、每10股派现、每10股送红股、每10股转增股本、股权登记日、除权除息日、股息到账日、红股上市流通日、转增股本上市流通日、汇率基准日等内容。使用说明：[1]本表ComCode关联上市公司基本信息表STK_COM_PROFILE.COMCODE得到上市公司基本信息。 [2]因建了专门的新三板库，所以此表的三板数据于2017年2月1日停止维护，如需新数据请在新三板库STAS_DIV_INFO表查询。",上市公司分红表（STK_DIV_INFO）记录了上市公司每期的分红派息情况及股改分红情况，从董事会提出分红预案到股东大会审议及最终实施的具体信息。该表包括多个字段：ISVALID表示记录是否有效；COMCODE为公司代码，与上市公司基本信息表关联；ITEM_ID用于区分不同的分红事件和方案；A_STOCKCODE和A_STOCKSNAME为A股代码和简称；B_STOCKCODE和B_STOCKSNAME为B股代码和简称；STK_TYPE_CODE和STK_TYPE表示分红股票类别及其代码；DIR_DCL_DATE、SH_DCL_DATE、SH_CONV_DATE、ACT_DEC_DATE分别为董事会公告日、股东大会公告日、召开日及方案实施公告日；PRG_CODE和PRG表示方案进度及其代码；DIV_TYPE_CODE和DIV_TYPE为分红情况及其代码；DIV_OBJ为分红对象，DIV_INFO为分红说明，NO_DIV_INFO为不分红原因；END_DATE为股本基准日，BASE_VOL为派息股本基数；CHNG_TYPE_CODE、CHNG_DATE、CHNG_INFO分别为方案变更情况、公告日及说明；RTN_PRF为剩余未分配利润；CASH_BT和CASH_AT为每10股派现（含税和税后）；CURNCY_CODE和CURNCY为派现货币代码及外币；BONUS_SHR和CAP_SHR为每10股送红股和转增股本；PER_SHR_DIV为每股派现送转，DIV_RATE为股息发放率；REG_DATE、EX_DIVI_DATE、FINAL_TRA_DTE、ACNT_DATE、BS_TRA_DATE、CS_TRA_DATE、EXCH_DATE分别为股权登记日、除权除息日、最后交易日、股息到账日、红股上市流通日、转增股上市流通日及汇率基准日；INNER_CODE为股票内部代码，PERIODDATE为报告期，DIV_NUM为年度分配次数；DIVI_MTD为除权处理方式，ADJ_PRC为调整后除权价格。主键为COMCODE+ITEM_ID。,"",0,,,1,,"2024-09-20 14:44:31",,"2024-10-16 17:52:55",
505,JULING,MYSQL,juling,"30118",上市公司股票分红统计表,STK_DIV_STAT,上市公司股票分红统计表，主键：COMCODE+DIV_YEAR。含义说明：[1]本表记录了上市公司年度分红相关信息,上市公司股票分红统计表（英文名：STK_DIV_STAT）记录了上市公司年度分红的相关信息。该表格包含多个字段，其中ISVALID字段用于标识记录是否有效，1表示有效。COMCODE是公司代码，DIV_YEAR是分红年度，A_STOCKCODE和A_STOCKSNAME分别是A股代码和简称，B_STOCKCODE和B_STOCKSNAME分别是B股代码和简称。ACCUM_UNIT_DIV表示年度累计单位分红（以元为单位），TOT_ACCUM_DIV表示年度累计分红总额（以元为单位），NET_PROFIT表示归属于母公司所有者的净利润（以元为单位），CASH_NP_PROP表示现金分红与净利润的比率（以百分比为单位）。该表的主键由COMCODE和DIV_YEAR组成。,"",0,,,1,,"2024-09-20 14:44:31",,"2024-10-16 18:12:36",
506,JULING,MYSQL,juling,"30119",上市公司员工持股计划表,STK_EMP_STK_OWN_PLAN,"主键：COMCODE+ITEM_NUM,含义说明： [1]本表记录上市公司员工持股计划的公司代码、持股计划名称、持股计划内部代码、标的股票代码等。",表格“STK_EMP_STK_OWN_PLAN”是上市公司员工持股计划表，记录了有关上市公司员工持股计划的详细信息。该表格包含多个字段，其中“ISVALID”表示计划是否有效；“COMCODE”是公司代码；“ITEM_NUM”是序号；“PLAN_ORG_CODE”是持股计划机构代码；“PLAN_NAME”是持股计划名称；“OBJ_STK_CODE”和“OBJ_INNER_CODE”分别是标的股票代码及其内部代码。管理方式由“MANA_TYPE”表示，股票来源和资金来源分别由“STK_SRC”和“FUND_SRC”描述。方案进度通过“PRG”字段表示，计划参与对象构成和参与人数上限分别由“PARTY_TARG”和“PARTY_NUM_UP”定义。拟计划资金总额、总份额、标的股票数量及其占当前股本比例分别由“PRO_CAP_TOT_UP”、“PRO_SHR_TOT_UP”、“PRO_OBJ_STK_NUM_UP”和“PRO_OBJ_STK_PCT”表示。实际持股数量和占比由“OBJ_STK_NUM”和“OBJ_STK_PCT”表示，每股参考成本价和实际购买成本由“REF_COST_PRC”和“COST_PRC”表示。拟购买标的股票金额上限和实际购买金额分别由“PRO_OBJ_STK_VAL_UP”和“OBJ_STK_VAL”表示。计划存续期、股份购买开始和完成日期、锁定期及其起始和截止日期分别由“DURATION”、“BUY_STARTDATE”、“BUY_ENDDATE”、“LOCK_PERIOD”、“LOCK_STARTDATE”和“LOCK_ENDDATE”表示。预案公告日、股东大会召开日、开始和完成实施公告日分别由“DECLAREDATE”、“SH_CONV_DATE”、“ACT_STARTDATE”和“ACT_ENDDATE”表示。单一持有人持股比例上限由“SING_HLD_PCT”表示，锁定说明和持股目的分别由“LOCK_INFO”和“PURPOSE”描述。该表的主键是“COMCODE”和“ITEM_NUM”。,"",0,,,1,,"2024-09-20 14:44:31",,"2024-10-16 17:53:09",
507,JULING,MYSQL,juling,"30120",上市公司员工持股计划参与对象明细表,STK_EMP_STK_OWN_PLAN_TARG_DTL,"主键：P_SEQ+BATCH_NUM+STAFF_ITEM_NUM,含义说明： [1]本表记录上市公司员工持股计划参与对象详细情况,包括姓名、职务、出资情况等信息",表格“STK_EMP_STK_OWN_PLAN_TARG_DTL”，中文名为“上市公司员工持股计划参与对象明细表”，用于记录上市公司员工持股计划的参与对象的详细信息。该表包含多个字段：ISVALID表示记录是否有效，1为有效；P_SEQ是关联标识，用于关联其他表；BATCH_NUM表示计划期次，与综合参数表关联以获取具体描述；STAFF_ITEM_NUM为人员序号；INDI_NAME记录参与者姓名；INDI_ID是个人ID，与个人信息表关联；POST记录参与者的职务；INVEST为出资额，单位为万元；TOT_CAP_PCT表示占计划资金总额的比例；HOLD_PLAN_NUM为持有份额，单位为万份；TOT_PLAN_SHARE_PCT表示占计划总份额的比例；HOLD_STK_NUM为持股数量，单位为万股；STK_HOLD_PCT表示占计划持股比例；TOT_SHARE_PCT表示占当前总股本比例。该表的主键由P_SEQ、BATCH_NUM和STAFF_ITEM_NUM组成。,"",0,,,1,,"2024-09-20 14:44:31",,"2024-10-16 18:09:27",
508,JULING,MYSQL,juling,"30121",所有者权益变动表,STK_EQT_CHNG,"主键：COMCODE+PERIODDATE+RPT_TYPE+ENDDATE+ITEM_NUM,含义说明： [1]本表记录上市公司所有者权益的变动情况。主要有股本、资本公积、盈余公积、所有者权益合计等内容。使用说明：[1]本表COMCODE关联上市公司基本信息表STK_COM_PROFILE.COMCODE获得上市公司基本信息。","""表格“STK_EQT_CHNG”，中文名为“所有者权益变动表”，用于记录上市公司所有者权益的变动情况。该表包含多个字段，详细定义如下：

- **ISVALID**: 表示记录是否有效，1为有效。
- **COMCODE**: 公司代码，与上市公司基本信息表关联。
- **PERIODDATE**: 报表日期，指报表披露的最新会计期间。
- **RPT_TYPE**: 报表类型。
- **ENDDATE**: 截止日期，指同一财政年度内披露的多期数据的截止日期。
- **ITEM_NUM**: 序号。
- **A_STOCKCODE**: A股代码。
- **A_STOCKSNAME**: A股简称。
- **B_STOCKCODE**: B股代码。
- **B_STOCKSNAME**: B股简称。
- **RPT_SRC**: 报表来源。
- **ITEM**: 项目。
- **SHR_CAP**: 实收资本或股本，以元为单位。
- **CAP_RESERVE**: 资本公积，以元为单位。
- **TREASURY_STK**: 减：库存股，以元为单位。
- **SPE_RES**: 专项储备，以元为单位。
- **SURP_RESERVE**: 盈余公积，以元为单位。
- **GEN_RISK_PROV**: 一般风险准备，以元为单位。
- **RETAINED_PROFIT**: 未分配利润，以元为单位。
- **FIN_ASSET_CHNG**: 可供出售金融资产公允价值变动，以元为单位。
- **TRST_RESERVE**: 信托赔偿准备金，以元为单位。
- **FORIN_DIFF**: 外币报表折算差额，以元为单位。
- **UNDFN_LOST**: 未确认的投资损失，以元为单位。
- **OTH**: 其他，以元为单位。
- **MINOR_INTRIST**: 少数股东权益，以元为单位。
- **TTL**: 所有者权益合计，以元为单位。
- **ITEM_REF**: 项目参数，与综合参数表中的参数代码关联。
- **PREST**: 其他权益工具：优先股，以元为单位。
- **PERBOND**: 其他权益工具：永续债，以元为单位。
- **QUIN_OTHER**: 其他权益工具：其他，以元为单位。
- **OTCPHE**: 其他综合收益，以元为单位。

该表的主键由COMCODE、PERIODDATE、RPT_TYPE、ENDDATE和ITEM_NUM组成。""","",0,,,1,,"2024-09-20 14:44:31",,"2024-10-16 17:51:16",
509,JULING,MYSQL,juling,"30122",公司财务指标表,STK_FIN_IDX,"主键：COMCODE+RPT_DATE+ENDDATE,含义说明： [1]本表记录上市公司主要财务指标情况。主要有净利润、扣除非经常性损益后的净利润、净资产、基本每股收益、净资产收益率等内容。[2]此表的财务指标数据来源于上市公司财务报告的主要财务数据和指标相关披露，根据披露进行原样收录。使用说明：[1]本表COMCODE关联ORG_PROFILE.OrgCode获得公司基本信息。[2]三板公司净资产收益率录入规则：（1）明确披露为加权/摊薄则对应录入； （2）仅披露净资产收益率未说明摊薄/加权，数据录入净资产收益率_加权； （3）同时披露净资产收益率（无明确说明）及加权平均净资产收益率，若两者相等则仅录入净资产收益率_加权，若不等则净资产收益率录入为摊薄，加权平均净资产收益率录入为加权。",公司财务指标表（STK_FIN_IDX）记录了上市公司主要财务指标情况，数据来源于上市公司财务报告的主要财务数据和指标相关披露。该表包含多个字段，首先是ISVALID字段，用于标识记录是否有效。COMCODE字段表示公司代码，RPT_DATE和ENDDATE分别表示报表日期和截止日期。RPT_SRC字段记录数据来源，如招股说明书、年报等。财务指标包括归属于母公司净利润（F110101）、扣除非经常性损益后的净利润（F110201）、归属于母公司净资产（F110301）、未分配利润（F110401）、资本公积（F110501）、以及国际准则下的净利润（F110601）、净资产（F110701）、每股收益（F110801）、净资产收益率（F110901）等。基本每股收益（F111001）、稀释每股收益（F111101）、扣除非经常性损益后的每股收益（F111201）及其变种也在表中记录。净资产收益率（F111601）、加权净资产收益率（F111701）、以及扣除非经常性损益后的净资产收益率（F111801）等指标也被详细记录。表中还包括每股经营活动产生的现金流量净额（F112001）、主营业务利润和营业利润的相关收益率和每股收益指标。非经常性损益（F112901）也被记录。A股和B股的代码及简称（A_STOCKCODE、A_STOCKSNAME、B_STOCKCODE、B_STOCKSNAME）也在表中。全面摊薄每股收益（F111111）和公告日期（DECLAREDATE）是其他重要字段。主键由COMCODE、RPT_DATE和ENDDATE组成。,"",0,,,1,,"2024-09-20 14:44:31",,"2024-10-16 17:57:27",
510,JULING,MYSQL,juling,"30123",利润表（通用）,STK_INCOME_GEN,"主键：COMCODE+RPT_DATE+STARTDATE+ENDDATE+RPT_TYPE,使用说明： [1]本表COMCODE关联ORG_PROFILE.ORGCODE获得公司基本信息。[2]本表从2017年5月17日开始停止维护新三板数据，需要新三板数据请在新三板库查找。使用说明：[1]本表COMCODE关联ORG_PROFILE.ORGCODE获得公司基本信息。[2]本表从2017年5月17日开始停止维护新三板数据，需要新三板数据请在新三板库查找。","""表格“STK_INCOME_GEN”即“利润表（通用）”用于记录和分析公司的财务表现，特别是收入和成本的详细信息。该表格的主键由公司代码（COMCODE）、报表日期（RPT_DATE）、数据期间开始日期（STARTDATE）、数据期间截止日期（ENDDATE）和报表合并类型（RPT_TYPE）组成。字段包括：

- ISVALID：标识记录是否有效。
- COMCODE：公司代码，用于关联公司基本信息。
- RPT_DATE：报表日期，表示财报的最新会计期间。
- STARTDATE和ENDDATE：数据期间的开始和截止日期。
- RPT_TYPE：报表合并类型，区分合并报表和母公司报表。
- PAR_COM：标识是否为母公司数导入。
- RPT_SRC：报表来源，如季度报、年报等。
- A_STOCKCODE和A_STOCKSNAME：A股代码及简称。
- B_STOCKCODE和B_STOCKSNAME：B股代码及简称。
- 各类收入和成本字段（如P110100营业总收入、P110101营业收入、P110112折扣与折让等）记录公司在不同业务活动中的财务数据。
- 各类费用和损失字段（如P120442销售费用、P120412营业费用、P120422管理费用等）记录公司在运营过程中发生的费用。
- 各类利润字段（如P120101主营业务利润、P130101营业利润、P140101利润总额等）记录公司在不同业务活动中的利润情况。
- 各类税费和调整字段（如P140202所得税、P131001以前年度所得税调整等）记录公司在财务报表中的税费和调整信息。
- 各类综合收益字段（如P250100其他综合收益、P260100综合收益总额等）记录公司在财务报表中的综合收益信息。
- DECLAREDATE：公告日期。

该表格自2017年5月17日起停止维护新三板数据，需在新三板库查找相关数据。主键为COMCODE+RPT_DATE+STARTDATE+ENDDATE+RPT_TYPE。""","",0,,,1,,"2024-09-20 14:44:31",,"2024-10-16 17:53:21",
511,JULING,MYSQL,juling,"30124",上市公司互动信息表,STK_INTE_INFO,上市公司互动信息表，主键：GUID。含义说明：[1]本表收录了上市公司互动平台上投资者提问与问题答复相关信息,"","",0,,,1,,"2024-09-20 14:44:31",,"2024-10-16 15:54:11",
512,JULING,MYSQL,juling,"30125",上市公司首发相关机构表,STK_LIST_ORG,"主键：comcode+ITEM_ID,含义说明： [1]本表记录上市公司首发之时招股意向书中与发行相关的机构,包括承销商,分销商,上市推荐人,发行协调人等.包含股票代码,简称,相关机构名称,性质,电话和地址等字段。使用说明：[1]本表COMCODE和ORG_CODE可关联机构信息表ORG_PROFILE.ORGCODE得到上市公司和相关机构的详细信息。","""表格“STK_LIST_ORG”，即“上市公司首发相关机构表”，用于记录上市公司在首次公开发行（IPO）时招股意向书中涉及的相关机构信息。这些机构包括承销商、分销商、上市推荐人、发行协调人等。表格中的字段包括：

- **ISVALID**：表示记录是否有效，1为有效。
- **comcode**：公司代码，可用于关联机构信息表获取详细信息。
- **ITEM_ID**：ID号，前八位为上市计划表的ID号，后八位为发行相关机构ID号。
- **A_STOCKCODE** 和 **A_STOCKSNAME**：A股代码和简称。
- **B_STOCKCODE** 和 **B_STOCKSNAME**：B股代码和简称。
- **P_SEQ**：关联首发计划表的序列号。
- **Declaredate**：发行公告日。
- **ORG_CLS_CODE** 和 **ORG_CLS**：机构性质代码及其描述，如主承销商、分销商等。
- **ORG_CODE** 和 **ORG_NAME**：相关机构代码及名称。
- **LEG_PERSON**：相关机构的法定代表人。
- **ADDR**、**TEL**、**FAX**：相关机构的联系地址、电话和传真。
- **SPONSOR_NAME**：保荐代表人。
- **PRJ_ORGANIZER** 和 **PRJ_MEMBER**：项目主办人及项目成员。

该表的主键由“comcode”和“ITEM_ID”组成。""","",0,,,1,,"2024-09-20 14:44:31",,"2024-10-16 18:00:52",
513,JULING,MYSQL,juling,"30126",股票行情表,STK_MKT,"主键：INNER_CODE+TRADEDATE,含义说明： [1]本表记录股票交易日行情，包括昨收、开盘价、收盘价、最高、最低价、成交价、成交量、成成交笔数、5档申报买入价、量等内容。使用说明：[1]本表以个股为描述对象。[2]本表的股票内部代码(INNER_CODE)关联股票代码表STK_CODE的内部代码INNER_CODE得到股票的代码信息。[3]本表为原始披露的行情，当为上交所B股行情时量纲为元，是指美元，当为深交所B股行情时量纲为元，是指港元。","""股票行情表（STK_MKT）记录了股票交易日的详细行情信息。该表的主键是INNER_CODE和TRADEDATE，确保每条记录的唯一性。表中的字段包括：

- ISVALID：表示记录是否有效，1为有效。
- INNER_CODE：股票内部代码，用于关联股票代码表。
- TRADEDATE：交易日期。
- SECCODE：股票代码，与股票代码变动表关联。
- TRADE_MKT：交易市场，与综合参数表关联以获取具体描述。
- LIST_SEC：上市板块，与综合参数表关联以获取具体描述。
- STK_TYPE：股票类别，与综合参数表关联以获取具体描述。
- STOCKSNAME：股票简称。
- LCLOSE：昨收价格。
- TOPEN：开盘价。
- TCLOSE：收盘价。
- THIGH：最高价。
- TLOW：最低价。
- TVOLUME：成交量，以股为单位。
- TVALUE：成交金额。
- DEAL：成交笔数。
- CHNG：涨跌金额。
- CHNG_PCT：涨跌幅百分比。
- BP1至BP5：五档申报买入价。
- BV1至BV5：五档申报买入量。
- SP1至SP5：五档申报卖出价。
- SV1至SV5：五档申报卖出量。

价格相关字段（如LCLOSE、TOPEN等）在A股中以人民币计价，在深交所B股中以港元计价，在上交所B股中以美元计价。成交量和申报量以股为单位，成交金额以元为单位。该表以个股为描述对象，并通过INNER_CODE与股票代码表关联以获取股票的代码信息。""","",0,,,1,,"2024-09-20 14:44:31",,"2024-10-16 17:59:14",
514,JULING,MYSQL,juling,"30127",高管及其他重要员工任职表,STK_MNG_POST,"主键：ComCode+DeclareDate+INDI_ID+POST_CODE,含义说明： [1]本表记录上市公司高管及其他重要员工的任职信息，主要有职务、姓名、任期起止日、离职原因等内容。使用说明：[1]本表的ComCode关联上市公司基本信息表STK_COM_PROFILE.COMCODE得到上市公司基本信息。[2]本表的INDI_ID关联个人基本信息表Pub_Ind_Profile.INDI_ID得到个人基本信息。 [3]因建了专门的新三板库，所以此表的三板数据于2017年2月1日停止维护，如需新数据请在新三板库STAS_STK_MNG_POST表查询","""表格“高管及其他重要员工任职表”（STK_MNG_POST）记录了上市公司高管及其他重要员工的任职信息。该表包含多个字段，详细记录了员工的职务、姓名、性别、出生年份、学历、职称、任期起止日期、离职原因及说明、是否代理职位、是否在任等信息。具体字段包括：

- **ISVALID**: 表示记录是否有效，1为有效。
- **ComCode**: 公司代码，用于关联上市公司基本信息。
- **DeclareDate**: 公告日期。
- **INDI_ID**: 个人ID，用于关联个人基本信息。
- **POST_CODE**: 职务代码，与综合参数表关联以获取具体职务描述。
- **A_STOCKCODE** 和 **B_STOCKCODE**: 分别为A股和B股代码。
- **A_STOCKSNAME** 和 **B_STOCKSNAME**: 分别为A股和B股简称。
- **POST**: 职务名称，记录上市公司披露的原始职务名称。
- **INDI_NAME**: 员工姓名。
- **GENDER**: 性别。
- **BIRTHYEAR**: 出生年份。
- **DEGREE**: 学历。
- **CTF**: 职称。
- **START_DATE** 和 **END_DATE**: 任期的起止日期。
- **LEAVE_RSN_CODD**: 离职原因代码，与综合参数表关联以获取具体描述。
- **LEAVE_RSN**: 离职原因的详细说明。
- **SUB_POST**: 是否代理职位。
- **ON_DUTY**: 是否在任。
- **LEAVE_INFO**: 离职说明。

该表的主键由ComCode、DeclareDate、INDI_ID和POST_CODE组成。需要注意的是，该表的三板数据自2017年2月1日起停止维护，需在新三板库中查询新数据。""","",0,,,1,,"2024-09-20 14:44:31",,"2024-10-16 17:55:49",
515,JULING,MYSQL,juling,"30128",定期报告披露预约时间表,STK_PRE_DISCLOSURE,"主键：COMCODE+PeriodDate,含义说明： [1]本表记录上市公司定期报告预约披露的时间。主要有业绩报告时间、首次预约日期、实际披露日等内容。使用说明：[1]本表COMCODE关联上市公司基本信息表STK_COM_PROFILE.COMCODE获得上市公司基本信息。",表格“STK_PRE_DISCLOSURE”，中文名为“定期报告披露预约时间表”，用于记录上市公司定期报告的预约披露时间信息。该表格包含多个字段：ISVALID表示记录是否有效，1为有效；COMCODE是公司代码，与上市公司基本信息表关联以获取公司详细信息；PeriodDate为业绩报告时间；A_STOCKCODE和A_STOCKSNAME分别为A股代码和简称；B_STOCKCODE和B_STOCKSNAME分别为B股代码和简称。PRE_DATE为首次预约日期，CHNG_DATE1、CHNG_DATE2、CHNG_DATE3分别为变更日1、2、3，ACT_DATE为实际披露日。表格的主键由COMCODE和PeriodDate组成。,"",0,,,1,,"2024-09-20 14:44:31",,"2024-10-16 18:12:58",
516,JULING,MYSQL,juling,"30129",主营业务收入按地区分布表,STK_PRI_INCOME_DISTRICT,"主键：COMCODE+PeriodDate+RPT_TYPE+ITEM_ID,含义说明： [1]本表记录上市公司定期报告中董事会报告下披露的全球各地区的营业收入,成本,所占比重等信息。本表以新旧会计准则为界，旧会计准则下即07年之前内容为主营业务收入分布情况，新会计准则下即07年之后则为营业收入分布情况。使用说明：[1]本表COMCODE关联STK_COM_PROFILE.COMCODE得到上市公司的详细信息。","""表格“STK_PRI_INCOME_DISTRICT”是一个记录上市公司定期报告中全球各地区营业收入、成本及其所占比重等信息的表格。该表格主要用于展示公司在不同地区的主营业务收入分布情况。字段“ISVALID”用于标识记录是否有效，值为1表示有效。“COMCODE”是公司代码，与上市公司基本信息表关联以获取详细信息。“PeriodDate”表示报表日期，而“RPT_TYPE”指示报表类型，如合并或母公司报表。“ITEM_ID”是项目的唯一标识符。

此外，表格还包括“A_STOCKCODE”和“A_STOCKSNAME”字段，分别表示A股代码和简称；“B_STOCKCODE”和“B_STOCKSNAME”则对应B股代码和简称。“RPT_SRC”字段说明报表来源，如招股说明书或季度报表。“ITEM_NAME”存储实际披露的地区名称，如西南、西北等。

财务数据方面，“INCOME”表示主营业务收入（单位：万元），“PRI_RVNU_PCT”是其占营业收入的比重（%）。“COST”是主营业务成本（万元），而“PRI_COST_PCT”是其占营业成本的比重（%）。“GRS_PRFT_VAL”表示主营业务毛利（万元），“GRS_PRFT_PCT”是其占营业毛利的比重（%）。“GP_RATIO”为主营业务毛利率或营业利润率，视会计准则而定。

变化趋势方面，“INCOME_CHNG”表示主营收入比上年增减比例（%），“COST_CHNG”是主营成本比上年增减比例（%），而“GP_CHNG”则为毛利率比上年增减比例（%）。该表格的主键由“COMCODE”、“PeriodDate”、“RPT_TYPE”和“ITEM_ID”组成。""","",0,,,1,,"2024-09-20 14:44:31",,"2024-10-16 17:56:17",
517,JULING,MYSQL,juling,"30130",主营业务收入按行业分布表,STK_PRI_INCOME_INDUSTRY,"主键：COMCODE+PeriodDate+RPT_TYPE+ITEM_ID,含义说明： [1]本表记录上市公司定期报告中董事会报告下披露的各行业的营业收入,成本,所占比重等信息。本表以新旧会计准则为界，旧会计准则下即07年之前内容为主营业务收入分布情况，新会计准则下即07年之后则为营业收入分布情况。使用说明：[1]本表COMCODE关联STK_COM_PROFILE.COMCODE得到上市公司的详细信息。",表格“STK_PRI_INCOME_INDUSTRY”即“主营业务收入按行业分布表”，记录了上市公司在定期报告中披露的各行业的营业收入、成本及其所占比重等信息。该表格适用于新旧会计准则的不同时期，07年之前为主营业务收入分布，07年之后为营业收入分布。字段包括：ISVALID表示记录是否有效；COMCODE为公司代码，与上市公司基本信息表关联；PeriodDate为报表日期；RPT_TYPE为报表类型，区分合并和母公司；ITEM_ID为项目ID；A_STOCKCODE和A_STOCKSNAME分别为A股代码和简称；B_STOCKCODE和B_STOCKSNAME分别为B股代码和简称；RPT_SRC为报表来源，如招股说明书、季度报、年报等；ITEM_NAME为实际披露的行业名称；INCOME为主营业务收入（单位：万元）；PRI_RVNU_PCT为占营业收入比重（%）；COST为主营业务成本（单位：万元）；PRI_COST_PCT为占营业成本比重（%）；GRS_PRFT_VAL为主营业务毛利（单位：万元）；GRS_PRFT_PCT为占营业毛利比重（%）；GP_RATIO为主营业务毛利率或营业利润率（%），视会计准则而定；INCOME_CHNG为主营收入比上年增减比例（%）；COST_CHNG为主营成本比上年增减比例（%）；GP_CHNG为毛利率比上年增减比例（%）。该表的主键由COMCODE、PeriodDate、RPT_TYPE和ITEM_ID组成。,"",0,,,1,,"2024-09-20 14:44:31",,"2024-10-16 18:01:13",
518,JULING,MYSQL,juling,"30131",主营业务收入按产品分布表,STK_PRI_INCOME_PRODUCT,"主键：COMCODE+PeriodDate+RPT_TYPE+ITEM_ID,含义说明： [1]本表记录上市公司定期报告中董事会报告下披露的公司各产品的营业收入,成本,所占比重等信息。本表以新旧会计准则为界，旧会计准则下即07年之前内容为主营业务收入分布情况，新会计准则下即07年之后则为营业收入分布情况。使用说明：[1]本表COMCODE关联STK_COM_PROFILE.COMCODE得到上市公司的详细信息。","""表格“STK_PRI_INCOME_PRODUCT”，中文名为“主营业务收入按产品分布表”，用于记录上市公司定期报告中披露的各产品的营业收入、成本及其所占比重等信息。该表格通过公司代码（COMCODE）关联上市公司基本信息表，以获取详细的公司信息。字段包括：

- ISVALID：表示记录是否有效，1为有效。
- COMCODE：公司代码，用于关联上市公司信息。
- PeriodDate：报表日期。
- RPT_TYPE：报表类型，区分合并报表和母公司报表。
- ITEM_ID：项目ID号。
- A_STOCKCODE和A_STOCKSNAME：A股代码及简称。
- B_STOCKCODE和B_STOCKSNAME：B股代码及简称。
- RPT_SRC：报表来源，如招股说明书、季度报、年报等。
- ITEM_NAME：项目名称，存储实际披露的产品名称。
- INCOME：主营业务收入，以万元为单位。
- PRI_RVNU_PCT：占营业收入比重，以百分比表示。
- COST：主营业务成本，以万元为单位。
- PRI_COST_PCT：占营业成本比重，以百分比表示。
- GRS_PRFT_VAL：主营业务毛利，以万元为单位。
- GRS_PRFT_PCT：占营业毛利比重，以百分比表示。
- GP_RATIO：主营业务毛利率或营业利润率，视会计准则而定。
- INCOME_CHNG：主营收入比上年增减比例，以百分比表示。
- COST_CHNG：主营成本比上年增减比例，以百分比表示。
- GP_CHNG：毛利率比上年增减比例，以百分比表示。

该表格的主键由COMCODE、PeriodDate、RPT_TYPE和ITEM_ID组成。""","",0,,,1,,"2024-09-20 14:44:32",,"2024-10-16 17:55:49",
519,JULING,MYSQL,juling,"30132",十大股东持股类别明细表,GET_STK_SHR_CLS_DTL,"主键：COMCODE+ENDDATE+RANK,含义说明： [1]本表记录上市公司十大股东持股类别的明细情况，主要包括公司代码、股东名称、持股类别、持有数量、持股变动原因等。使用说明：
[1]本表COMCODE关联上市公司基本信息表STK_COM_PROFILE.COMCODE可得公司详细信息。[2]股东机构代码ORGCODE关联机构信息表(ORG_PROFILE).机构代码(ORGCODE)得到股东机构的具体信息。[3]因建了专门的新三板库，所以此表的三板数据于2017年2月1日停止维护，如需新数据请在新三板库STAS_STK_HOLDER_HIST表查询。","""表格“GET_STK_SHR_CLS_DTL”（十大股东持股类别明细表）记录了上市公司十大股东的持股类别详细信息。该表包含以下字段：

- **ISVALID**: 表示记录是否有效，1为有效。
- **COMCODE**: 公司代码，用于关联上市公司基本信息。
- **ENDDATE**: 截止日期。
- **RANK**: 股东名次。
- **SHR_CLS_CODE**: 股份类别代码，与综合参数表关联以获取具体描述。
- **A_STOCKCODE**: A股代码。
- **A_STOCKSNAME**: A股简称。
- **B_STOCKCODE**: B股代码。
- **B_STOCKSNAME**: B股简称。
- **NAME**: 股东名称。
- **HOLD_NUM**: 持有总数量，以股为单位。
- **HOLD_PCT**: 持有比例，表示股东持股占公司总股本的百分比。
- **SHR_CLS_NAME**: 持股类别名称，描述持股的具体类别。
- **SHR_NUM**: 股份类别下的持股数量，以股为单位。
- **CHNG_REAS_CODE**: 变动原因标识，与综合参数表关联以获取具体描述。
- **CHNG_REAS_NAME**: 变动原因的具体描述。
- **ORGCODE**: 股东机构代码，用于关联机构信息。
- **ADD_NUM**: 报告期内增减股份数量，以股为单位，记录持股数量的变化。
- **ADD_NUM_QR**: 环比增减，表示本次公告披露的持股数量与上次公布的持股数量的差异。

该表的主键由COMCODE、ENDDATE、RANK和SHR_CLS_CODE组成。""","",0,,,1,,"2024-09-20 14:44:32",,"2025-01-15 10:55:51",
520,JULING,MYSQL,juling,"30133",股本结构表,STK_SHR_STRU,"主键：COMCODE+CHANGEDATE,含义说明： [1]本表依据临时公告实时更新和定期报告定时更新 ，当由于临时公告更新时股本结构相比前期都会发生变动，【变动原因】字段此时指具体的导致股本结构或数量变动的原因；当由于定期报告更新时股本结构相比前期不一定都会发生变动，【变动原因】此时指本记录根据定期报告定时披露的最新数据。[2]表内勾稽关系说明：总股本=非流通股合计+受限流通股份+流通股;受限流通股份=国家及国有法人股+境内法人股+境内自然人持股+外资持股+内部职工股+募集法人股+优先股及其他+转配股+其他未流通股+其他发起人股+战略投资者配售股+基金配售股+法人配售股;非流通股合计=国家及国有法人股+境内法人股+境内自然人持股+外资持股+内部职工股+募集法人股+优先股及其他+转配股+其他未流通股+其他发起人股;国家及国有法人股=国家拥有股份+国有法人股;外资持股=外资法人股+境外自然人持股;内部职工股>=高管股（受限）;流通股=流通A股+B股+H股+S股+N股+境外上市其他股+其他已流通股份;流通A股=已上市流通A股;境外上市的外资股=H股+S股+N股+境外上市其他股;已上市流通A股>=高管股（已流通）。使用说明：[1]本表COMCODE关联上市公司基本信息表STK_COM_PROFILE.COMCOD得到公司详细信息。 [2]因建了专门的新三板库，所以此表的三板数据于2017年2月1日停止维护，如需新数据请在新三板库STAS_STK_SHR_STRU表查询","""股本结构表（STK_SHR_STRU）是一个用于记录上市公司股本结构变化的表格。该表依据临时公告和定期报告进行更新，记录了公司在不同时间点的股本结构及其变动原因。表中的字段包括：

- **ISVALID**: 表示记录是否有效，1为有效。
- **COMCODE**: 公司代码，用于关联上市公司基本信息。
- **CHANGEDATE**: 股本结构变动日期。
- **DECLAREDATE**: 公告日期。
- **A_STOCKCODE** 和 **A_STOCKSNAME**: A股代码及简称。
- **B_STOCKCODE** 和 **B_STOCKSNAME**: B股代码及简称。
- **RPT_SRC**: 报表来源，指明数据来源的报告类型。
- **CHNG_REAS_CODE** 和 **CHNG_REAS_NAME**: 变动原因代码及名称，描述股本变动的具体原因。
- **REMARK**: 附注信息。
- **TOTAL**: 总股本数量。
- **FL_SHR**: 流通股数量。
- **FL_ASHR** 和 **LIST_FL_ASHR**: 流通A股及其中已上市流通A股数量。
- **MNG_FL**: 已流通的高管股数量。
- **B_SHR**, **H_SHR**, **S_SHR**, **N_SHR**: B股、H股、S股、N股的数量。
- **OTH_ABROAD**: 境外上市其他股份数量。
- **OTH_FL**: 其他已流通股份数量。
- **TOT_NONFL**: 非流通股合计。
- **TOT_LTDFL**: 受限流通股份数量。
- **STATE_LEG_SHR**, **STATE**, **STATE_LEG**: 国家及国有法人股、国家拥有股份、国有法人股的数量。
- **DOM_LEG** 和 **DOM_NATURAL**: 境内法人股及自然人持股数量。
- **OTH_SPON**: 其他发起人股数量。
- **FRGN_SHR**, **FRGN_LEG**, **FRGN_NATURAL**: 外资持股、外资法人股、境外自然人持股数量。
- **RAIS_LEG**: 募集法人股数量。
- **INNER_EMPL** 和 **MNG_NONFL**: 内部职工股及受限高管股数量。
- **PREF**: 优先股及其他股份数量。
- **TRANS**: 转配股数量。
- **OTH_NONFL**: 其他未流通股数量。
- **ENDDATE**: 数据截止日期。
- **STRA_PLA**, **FUND_PLA**, **LEG_PLA**: 战略投资者、基金、法人配售股数量。
- **DR_STK**: DR对应基础股票数量。

该表的主键是由公司代码（COMCODE）和变动日期（CHANGEDATE）组成。""","",0,,,1,,"2024-09-20 14:44:32",,"2024-10-16 17:48:51",
521,JULING,MYSQL,juling,"30134",股本结构变化表,STK_SHR_STRU_CHNG,"主键：COMCODE+CHANGEDATE,含义说明： [1]本表记录上市公司股本结构变化的情况，主要包括公司代码、变动日期、变动原因、变动前后的各类型股本数量等。使用说明：
[1]本表COMCODE关联上市公司基本信息表得到公司详细信息。",股本结构变化表（STK_SHR_STRU_CHNG）记录了上市公司股本结构的变化情况。该表包含多个字段，首先是ISVALID字段，用于标识记录是否有效，1表示有效。COMCODE字段表示公司代码，可用于关联上市公司基本信息表获取详细信息。CHANGEDATE、ENDDATE和DECLAREDATE分别表示变动日期、截止日和公告日期。A_STOCKCODE和A_STOCKSNAME字段记录A股代码和简称，而B_STOCKCODE和B_STOCKSNAME记录B股代码和简称。RPT_SRC字段说明报表来源，如年报、招股说明书等。CHNG_REAS_CODE和CHNG_REAS_NAME字段分别表示变动原因代码和名称，变动原因代码可与综合参数表关联以获取具体描述。EX_TOT和NEW_TOT字段记录变化前后的总股本数量，EX_A_SHR和NEW_A_SHR记录变化前后的流通A股数量，EX_B_SHR和NES_B_SHR记录变化前后的B股数量，EX_LTDFL和NEW_LTDFL记录变化前后的受限流通股份数量。该表的主键由公司代码（COMCODE）和变动日期（CHANGEDATE）组成。,"",0,,,1,,"2024-09-20 14:44:32",,"2024-10-16 18:08:06",
522,JULING,MYSQL,juling,"30135",基金净值复权因子表,ANA_FND_EX_FACTOR,"主键：INNER_CODE+EX_DATE,含义说明： [1]本表主要是度量计算基金在发生分红、拆分、折算、扩募等影响单位净值变动行为后的复权系数。使用说明：
[1]本表的基金内部代码（INNER_CODE）关联基金综合信息表（FND_GEN_INFO）的基金内部代码（INNER_CODE）得到基金的基本信息； [2]货币型和理财型基金不计算复权因子； [3]复权单位净值=单位净值*累计复权因子； [4]累计复权因子=除权日及之前所有复权因子之积 [5]复权因子=[权益登记日净值/(权益登记日净值-每份分红)]×折份比例×折募比例 注:{1.当折份比例，折募比例为空值时默认为1； 2.若权益登记日有净值，则应取权益登记日的净值计算；若权益登记日无净值，则应取权益登记日之前最近一天的净值计算； 3.若权益登记日与除权除息日是同一天或者权益登记日>除权除息日,则 复权的因子的公式变为:[(除权除息日净值+每份分红)/除权除息日净值]×折份比例×折募比例； 4.当找不到相应的净值的时候,将复权因子写为1。}",,,0,,,1,,"2024-09-20 15:37:17",,"2024-10-14 16:20:27",
523,JULING,MYSQL,juling,"30136",基金日行情表,ANA_FND_MKT_DAY,"主键：INNER_CODE+TRADEDATE,使用说明：
[1]本表的基金内部代码（INNER_CODE）关联基金综合信息表（FND_GEN_INFO）的基金内部代码（INNER_CODE）得到基金的基本信息。[2]本表只有在上交所和深交所上市交易的基金才计算。
",,,0,,,1,,"2024-09-20 15:37:18",,"2024-10-14 16:20:07",
524,JULING,MYSQL,juling,"30137",货币型和理财型基金收益率计算表,ANA_FND_MNY_RETRUN,"主键：INNER_CODE+ENDDATE,含义说明： [1]本表主要用于计算货币型和理财型基金在不同期间内的收益率情况。使用说明：[1]本表的基金内部代码（INNER_CODE）关联基金综合信息表（FND_GEN_INFO）的基金内部代码（INNER_CODE）得到基金的基本信息。 [2]区间收益率：如果不存在结算日，则区间收益率就是简单的区间每万元基金收益/10000的和；存在结算日，则是在计算区间内按照结算日区划分不同的时间段，每个时间段按照每万元基金收益/10000去计算复利，得到最终的复利收益率",,,0,,,1,,"2024-09-20 15:37:18",,"2024-10-14 16:19:28",
525,JULING,MYSQL,juling,"30138",基金净值计算表,ANA_FND_NAV_CALC,"主键：INNER_CODE+TRADEDATE,使用说明：
[1]本表的基金内部代码（INNER_CODE）关联基金综合信息表（FND_GEN_INFO）的基金内部代码（INNER_CODE）得到基金的基本信息。[2]由于基金累计净值＝单位净值+累计分红，基金任意区间收益率＝（期末累 计净值－期初累计净值）/期初净值，不能把区间收益率与净值增长率混同。[3] 对于无份额主基金，即FND_GEN_INFO.FND_TYPE=0的记录,在本表中只计算或生成以下字段： 基金简称（FUNDSNAME）基金代码（FUND_CODE）单位净值（UNIT_NET）累计净值（ACCUM_NET）累计净值涨跌幅（ACCUM_NET_CHNG_PCT）设立以来累计净值涨跌幅（ACCUM_NET_CHNG_PCT_BASE）",,,0,,,1,,"2024-09-20 15:37:18",,"2024-10-14 16:18:56",
526,JULING,MYSQL,juling,"30139",科创板复权因子计算表,ANA_STI_EX_FACTOR,"主键：INNER_CODE+EX_DATE,含义说明： 本表为衍生表,主要计算科创板个股复权因子、累计复权因子。使用说明：本表计算科创板复权因子、累计复权因子",,,0,,,1,,"2024-09-20 15:37:18",,"2024-10-14 16:18:56",
527,JULING,MYSQL,juling,"30140",科创板个股市场表现指标表,ANA_STI_EXPR_IDX,"主键：INNER_CODE+TRADEDATE,含义说明： [1]本表为衍生表,计算科创板个股市场表现。","""表格“ANA_STI_EXPR_IDX”，中文名为“科创板个股市场表现指标表”，用于记录和分析科创板个股的市场表现。该表的主键由“INNER_CODE”和“TRADEDATE”组成。表格中的字段包括：

- “INNER_CODE”表示股票内部代码，为整数类型。
- “TRADEDATE”表示交易日期，为日期时间类型。
- “LCLOSE”、“TOPEN”、“TCLOSE”、“THIGH”、“TLOW”分别表示昨收价、开盘价、收盘价、最高价和最低价，均为数值类型，单位为元。
- “SWG”表示振幅，数值类型，单位为元。
- “FAC_LCLOSE”、“FAC_TOPEN”、“FAC_TCLOSE”、“FAC_TLOW”、“FAC_THIGH”分别表示复权后的昨收价、开盘价、收盘价、最低价和最高价，均为数值类型，单位为元。
- “CHNG”和“CHNG_PCT”分别表示复权后的涨跌和涨跌幅，数值类型，单位分别为元和百分比。
- “TVOLUME”和“TVALUE”分别表示成交量和成交额，数值类型，单位分别为股和元。
- “AVG_PRC”表示均价，数值类型，单位为元。
- “EXCHR”表示换手率，数值类型，单位为百分比。
- “TRADE_STATUS”表示当天交易标识，整数类型，1表示有交易，2表示无交易。
- “STK_CHNG_SEQ”表示股票涨跌停标识，整数类型，1表示涨停，2表示跌停，0表示其他。
- “MKTCAP”和“TCAP”分别表示流通市值和总市值，数值类型，单位为元。
- “TURNOVER_WEEK”、“TURNOVER_MONTH”、“TURNOVER_THREE_MONTH”、“TURNOVER_SIX_MONTH”、“TURNOVER_YEAR”、“TURNOVER_YEAR_SOFAR”和“TURNOVER_SOFAR”分别表示近1周、1月、3月、6月、1年、今年以来和上市至今的平均换手率，数值类型，单位为百分比。
- “CHNG_PCT_WEEK”、“CHNG_PCT_MONTH”、“CHNG_PCT_THREE_MONTH”、“CHNG_PCT_SIX_MONTH”、“CHNG_PCT_YEAR”、“CHNG_PCT_YEAR_SOFAR”和“CHNG_PCT_SOFAR”分别表示近1周、1月、3月、6月、1年、今年以来和上市至今的涨跌幅，数值类型，单位为百分比。
- “BETA_1YEAR”表示近一年的BETA值，数值类型。
- “STK_HIGH_PRC”和“STK_LOW_PRC”分别表示涨停价格和跌停价格，数值类型，单位为元。
- “TVOLUME_CHNG”和“TVOLUME_CHNG_PCT”分别表示成交量变化和变化率，数值类型，单位分别为股和百分比。
- “TVALUE_CHNG”和“TVALUE_CHNG_PCT”分别表示成交额变化和变化率，数值类型，单位分别为元和百分比。
- “LIST_DAYS”和“TRADE_DAYS”分别表示上市天数和上市以来交易天数，整数类型，单位为天。
- “KEEP_DAYS”表示连续涨跌天数，整数类型，单位为天。
- “TOP_PRC_FROM_LIST”和“LOW_PRC_FROM_LIST”分别表示上市以来的最高价和最低价（后复权），数值类型，单位为元。
- “TOP_PRC_DATE”和“LOW_PRC_DATE”分别表示上市以来最高价日和最低价日，日期时间类型。
- “LOG_YLD”表示对数收益率，数值类型，单位为百分比。
- “ISVALID”表示数据是否有效，整数类型，1表示有效。

该表用于计算和分析科创板个股的市场表现，帮助投资者和分析师进行市场研究和决策。主键为“INNER_CODE”和“TRADEDATE”。""",,0,,,1,,"2024-09-20 15:37:18",,"2024-10-16 17:48:06",
528,JULING,MYSQL,juling,"30141",科创板股票估值指标表,ANA_STI_VAL_IDX,"主键：INNER_CODE+TRD_DATE,含义说明： [1]本表为衍生表,主要用来计算股票的估值指标,包括市盈率、市现率、市净率、总市值、企业价值、企业倍数、股息率、历史PEG值、市销率等。使用说明：""[1]本表的股票内部代码INNER_CODE将关联到股票代码表STI_STK_CODE的内部代码INNER_CODE得到股票的代码信息。 [2]连续四季度的取法:当期+(上年年报-上年同期) [3]最近四个季度的取法.按照当前的定期报告的日期乘以比例得到一年的数据 IFENDDATE=YYYY-12-31,THEN取本记录 IFENDDATE=YYYY-9-30,THEN取本记录*4/3 IFENDDATE=YYYY-6-30,THEN取本记录*2 IFENDDATE=YYYY-3-31,THEN取本记录*4""","""表格“ANA_STI_VAL_IDX”，中文名为“科创板股票估值指标表”，用于计算和展示科创板股票的多种估值指标。该表格的主键由“INNER_CODE”和“TRD_DATE”组成。表格中的字段包括：

- INNER_CODE：股票内部代码，用于关联股票代码信息。
- TRD_DATE：交易日期，记录数据的具体日期。
- STOCKCODE：股票代码，标识股票的唯一代码。
- SEC_SNAME：股票简称，股票的简短名称。
- TRADE_STATUS：交易状态，表示股票的当前交易情况。
- PE：市盈率，计算为总市值除以连续四个季度的净利润。
- PC：市现率，计算为总市值除以连续四个季度的经营现金流。
- PB：市净率，计算为总市值除以最新净资产。
- TCAP：总市值，基于收盘价、总股本和汇率计算。
- EV1和EV2：企业价值，分别考虑不同的货币资金因素。
- EV_EBIT：企业倍数，基于企业价值和货币资金计算。
- PE1和PE2：市盈率的不同计算方式，基于年报和最近四季度的净利润。
- PEG：历史PEG值，市盈率与未来每股收益增长率的比值。
- PC1、PC2和PC3：市现率的不同计算方式，基于不同的现金流量指标。
- PS：市销率，计算为总市值除以最近四季度的营业总收入。
- DIV_RATE：股息率，计算为现金分红与期末市值的比率。
- ISVALID：是否有效，1表示记录有效。

该表格通过这些字段提供了全面的股票估值信息，帮助分析科创板股票的财务健康和市场表现。主键为“INNER_CODE+TRD_DATE”。""",,0,,,1,,"2024-09-20 15:37:18",,"2024-10-16 17:58:29",
529,JULING,MYSQL,juling,"30142",个股市场表现指标表,ANA_STK_EXPR_IDX,"主键：INNER_CODE+ENDDATE,含义说明： [1]本表为衍生表，主要计算个股每个交易日的市场表现。包括流通市值、总市值、涨跌、涨跌幅、年化波动率、年化收益率、BETA值等。使用说明：[1]本表的股票内部代码INNER_CODE将关联到股票代码表STK_CODE的内部代码INNER_CODE得到股票的代码信息。","""表格“ANA_STK_EXPR_IDX”是一个个股市场表现指标表，用于记录和分析个股在每个交易日的市场表现。该表包含多个字段，涵盖了股票的基本信息和市场表现指标。具体字段包括：

- **INNER_CODE**: 股票内部代码，与股票代码表关联。
- **ENDDATE**: 截止日期。
- **STOCKCODE**: 股票代码。
- **STOCKSNAME**: 股票简称。
- **MKTCAP**: 流通市值，计算规则为A股流通股本合计乘以A股股价。
- **TCAP**: 总市值，计算规则为总股本乘以股价。
- **CHNG_PCT_DAY**: 日涨跌幅，前复权值。
- **SWING_DAY**: 振幅，前复权值。
- **TURNOVER_DAY**: 换手率，指定日成交量除以流通股本。
- **BETA**: BETA值，基于个股和指数的涨跌幅计算。
- **KEEP_DAYS**: 连续涨跌天数。
- **TOP_52_PRICE**: 52周最高价。
- **LOW_52_PRICE**: 52周最低价。
- **TURNOVER_WEEK**: 近1周平均换手率。
- **TURNOVER_MONTH**: 近1月平均换手率。
- **TURNOVER_THREE_MONTH**: 近3月平均换手率。
- **TURNOVER_SIX_MONTH**: 近6月平均换手率。
- **TURNOVER_YEAR**: 近1年平均换手率。
- **TURNOVER_YEAR_SOFAR**: 今年以来平均换手率。
- **TURNOVER_SOFAR**: 上市至今换手率。
- **CHNG_PCT_WEEK**: 近1周涨跌幅。
- **CHNG_PCT_MONTH**: 近1月涨跌幅。
- **CHNG_PCT_THREE_MONTH**: 近3月涨跌幅。
- **CHNG_PCT_SIX_MONTH**: 近6月涨跌幅。
- **CHNG_PCT_YEAR**: 近1年涨跌幅。
- **CHNG_PCT_YEAR_SOFAR**: 今年以来涨跌幅。
- **CHNG_PCT_SOFAR**: 上市至今涨跌幅。
- **VOLA_RATIO_YEAR**: 年化波动率(近1年)。
- **YIELD_AVG_YEAR**: 年均收益率。
- **CHNG_PCT_FIVE_YEAR**: 近5年涨跌幅。
- **CHNG_PCT_THREE_YEAR**: 近3年涨跌幅。
- **CHNG_PCT_TWEEK**: 本周涨跌幅。
- **CHNG_PCT_TMONTH**: 本月涨跌幅。
- **AVG_TVALUE_MONTH**: 近1月日均成交额。
- **YLD_24_MONTH**: 年化收益率(近24个月)。
- **YLD_60_MONTH**: 年化收益率(近60个月)。
- **YLD_100_WEEK**: 年化收益率(近100周)。
- **LIST_DAYS**: 上市天数。
- **FAC_TOP_52_PRICE**: 52周最高价（后复权）。
- **FAC_LOW_52_PRICE**: 52周最低价（后复权）。
- **TCLOSE**: 收盘价。
- **TOPEN**: 开盘价。
- **THIGH**: 最高价。
- **TLOW**: 最低价。
- **LCLOSE**: 前收盘价。
- **AVG_PRC**: 均价。
- **CHNG**: 涨跌。
- **PRC_CHNG**: 相对发行价涨跌。
- **PRC_CHNG_PCT**: 相对发行价涨跌幅。
- **FAC_TCLOSE**: 收盘价（后复权）。
- **FAC_TOPEN**: 开盘价（后复权）。
- **FAC_THIGH**: 最高价（后复权）。
- **FAC_TLOW**: 最低价（后复权）。
- **FAC_LCLOSE**: 昨收价（后复权）。
- **FAC_AVG_PRC**: 均价（后复权）。
- **CHNG_1**: 涨跌（后复权）。
- **PRC_CHNG_1**: 相对发行价涨跌（后复权）。
- **PRC_CHNG_PCT_1**: 相对发行价涨跌幅（后复权）。
- **TVOLUME**: 成交量。
- **TVALUE**: 成交额。
- **LOG_YLD**: 对数收益率。
- **TRADE_STATUS**: 交易状态。
- **STP_REASON**: 停牌原因。
- **TCAP_1**: 总市值（考虑汇率）。
- **TCAP_2**: 总市值（考虑汇率，A股/B股）。
- **MKTCAP_1**: 流通市值（考虑汇率）。
- **BETA_1**: BETA值1。
- **CHNG_PCT_1**: 涨跌幅（后复权）。
- **TVOLUME_CHNG**: 成交量变化。
- **TVOLUME_CHNG_PCT**: 成交量变化率。
- **TVALUE_CHNG**: 成交额变化。
- **TVALUE_CHNG_PCT**: 成交额变化率。
- **TRADE_DAYS**: 上市以来交易天数。
- **AVG_CHNG_PCT_THREE_MONTH**: 近3月日均涨跌幅。
- **VOLAT_THREE_MONTH**: 近3月波动幅度。
- **STK_CHNG_SEQ**: 股票涨跌停标识。
- **STK_HIGH_PRC**: 涨停价格。
- **STK_LOW_PRC**: 跌停价格。
- **ISVALID**: 是否有效，1表示有效。

该表的主键是由“INNER_CODE”和“ENDDATE”组合而成。""",,0,,,1,,"2024-09-20 15:37:18",,"2024-10-16 17:46:01",
530,JULING,MYSQL,juling,"30143",上市公司单季度财务指标表,ANA_STK_QTR_IDX,"主键：COMCODE+ENDDATE,使用说明：[1]本表计算上市公司单季度财务指标，每个季度均为3个月，具体数据为1季度表示1-3月、2季度4-6月、3季度7-9月，4季度10-12月。[2]本表记录生成机制：本表依赖于STK_FIN_IDX（公司财务指标表），每个公司每个年度在公司财务指标表产生4条记录，本表对应也会生成4条记录，其他源表的任何记录变动不会本表产生新记录；[3]单季度的取值规则：1季度取1季报数据；2季度取1-6月累计数据减去1-3月数据；3季度取1-9月累计数减去1季度和2季度单季度数据；4季度取1-12月累计数据减去前3个季度单","""表格 **ANA_STK_QTR_IDX**（中文名：上市公司单季度财务指标表）主要用于记录和分析上市公司每个季度的单季度财务指标数据。该表以公司代码（COMCODE）和截止日期（ENDDATE）作为主键，确保每条记录唯一。每个季度的数据均基于3个月的财务表现计算，具体包括：第一季度为1-3月，第二季度为4-6月，第三季度为7-9月，第四季度为10-12月。数据来源于公司财务指标表（STK_FIN_IDX），通过累计数据的差值计算生成单季度数据。表格的字段涵盖了以下内容：1. **COMCODE**：公司代码，用于标识上市公司。2. **ENDDATE**：截止日期，表示财务数据的统计截止时间。3. **RPT_YEAR**：报告年度，记录财务数据所属的年份。4. **RPT_TAG**：报告期间，表示季度信息（如1-一季度，2-二季度等），与综合参数表关联。5. **RPT_DES**：报告期间描述，对应报告期间的文字描述。6. **DILUTED_EPS**：摊薄每股收益（元），基于最新股本计算。7. **TR_SR**：营业总收入同比增长率（%），反映与去年同期相比的增长情况。8. **TR_RR**：营业总收入环比增长率（%），反映与上一季度相比的增长情况。9. **REV_SR**：营业收入同比增长率（%），表示营业收入与去年同期的增长幅度。10. **REV_RR**：营业收入环比增长率（%），表示营业收入与上一季度的增长幅度。11. **RI_SR**：营业利润同比增长率（%），反映营业利润与去年同期的增长情况。12. **RI_RR**：营业利润环比增长率（%），反映营业利润与上一季度的增长情况。13. **NI_SR**：净利润同比增长率（%），表示净利润与去年同期的增长幅度。14. **NI_RR**：净利润环比增长率（%），表示净利润与上一季度的增长幅度。15. **MNI_SR**：归属母公司股东的净利润同比增长率（%），反映归母净利润与去年同期的增长情况。16. **MNI_RR**：归属母公司股东的净利润环比增长率（%），反映归母净利润与上一季度的增长情况。17. **EPSP_DED**：扣除非经常损益后的净利润（元），用于剔除非经常性项目后的净利润。18. **INC_E**：价值变动净收益（元），包括公允价值变动净收益、投资收益和汇兑损益。19. **SEL_RINT**：销售毛利率（%），反映公司销售收入的盈利能力。该表格通过记录上市公司单季度的财务表现，为财务分析、投资决策和公司经营状况评估提供了详细的数据支持。""",,0,,,1,,"2024-09-20 15:37:18",,"2024-12-05 14:36:29",
531,JULING,MYSQL,juling,"30144",股票估值指标计算表,ANA_STK_VAL_IDX,"主键：INNER_CODE+TRD_DATE,含义说明： [1]本表为衍生表，主要用来计算股票的估值指标，包括市盈率、市现率、市净率、总市值、A股市值、B股市值、股权价值、企业价值、企业倍数、股息率、历史PEG值、市销率等。使用说明：[1]本表的股票内部代码INNER_CODE将关联到股票代码表STK_CODE的内部代码INNER_CODE得到股票的代码信息。 [2]连续四季度的取法:当期+(上年年报-上年同期) [3]最近四个季度的取法.按照当前的定期报告的日期乘以比例得到一年的数据 IFENDDATE=YYYY-12-31，THEN取本记录; IFENDDATE=YYYY-9-30，THEN取本记录*4/3; IFENDDATE=YYYY-6-30，THEN取本记录*2; IFENDDATE=YYYY-3-31，THEN取本记录*4","""股票估值指标计算表（ANA_STK_VAL_IDX）是一个用于计算和展示股票估值指标的衍生表。该表通过关联股票代码表中的内部代码（INNER_CODE）来获取股票的代码信息，并根据交易日期（TRD_DATE）记录每个交易日的估值数据。表中的主要字段包括：交易状态（TRADE_STATUS），用于指示股票是否正常交易；股票代码（STOCKCODE）和证券简称（SEC_SNAME），用于标识具体股票。

估值指标包括市盈率（PE）、市现率（PC）、市净率（PB）、总市值（TCAP_1和TCAP_2）、A股市值（A_TCAP_1和A_TCAP_2）、B股市值（B_TCAP_1和B_TCAP_2）、股权价值（SRV）、企业价值（EV1和EV2）、企业倍数（EV_EBIT）、股息率（DIV_RATE）、市盈率1（PE1）、市盈率2（PE2）、历史PEG值（PEG）、市现率1（PC1）、市现率2（PC2）、市现率3（PC3）、以及市销率（PS）。这些指标通过不同的财务数据和计算方法来反映股票的市场表现和财务健康状况。

此外，表中还包含一个字段（ISVALID）用于指示记录的有效性，1表示有效。该表的主键由证券内部代码（INNER_CODE）和交易日期（TRD_DATE）组成。""",,0,,,1,,"2024-09-20 15:37:18",,"2024-10-16 18:06:27",
532,JULING,MYSQL,juling,"30145",香港公司财务衍生指标表_金融,HK_ANA_STK_IDX_FIN,"主键：COMUNIC+EDATE+RPTSOUREFC,含义说明： 本表计算公司一季度、中报、三季报、年报财务指标数据。","""该表格名为“香港公司财务衍生指标表_金融”（英文名：HK_ANA_STK_IDX_FIN），用于记录和分析香港的金融类公司的财务衍生指标数据，涵盖季度、中报、三季报和年报的财务信息。表格中的字段包括：

- **COMUNIC**：公司统一编码，用于关联香港公司基本信息。
- **EDATE**：截止日期，表示数据的时间节点。
- **RPTSOUREFC**：报表来源参数编码，指示财务报告的类型，如一季业绩、中期业绩等。
- **ANNDATE**：公告日期，指财务数据的发布日期。
- **CURUNIC**：货币统一编码，表示财报披露的货币单位。
- **EXRATE**：汇率，指报表货币兑港元的汇率。
- **LABEL01**：每股指标，分类标签。
- **EPSP**：每股收益，表示基本每股收益。
- **EPSEED**：每股收益(期末摊薄)，计算股东应占溢利或亏损。
- **BPSEED**：每股净资产(期末摊薄)，计算股东资金。
- **NOCFPSEED**：每股经营现金净流量(期末摊薄)，计算经营现金流量净额。
- **NCFPSEED**：每股现金流量净额(期末摊薄)，计算现金及等同现金的变化。
- **SRPSEED**：每股营业收入(期末摊薄)，计算营业收益净额。
- **DPS**：每股派息，记录每股股利和特别股利。
- **LABEL02**：盈利能力，分类标签。
- **OPEMG**：经营利润率，计算经营溢利或亏损的比例。
- **OPEMG_TTM**：经营利润率TTM，计算过去12个月的经营利润率。
- **EBTMG**：税前利润率，计算除税前溢利或亏损的比例。
- **PMG**：边际利润率，计算股东应占溢利或亏损的比例。
- **LABEL03**：投资回报，分类标签。
- **ROE**：股东权益回报率，计算股东应占溢利或亏损的比例。
- **ROE_TTM**：股东权益回报率TTM，计算过去12个月的股东权益回报率。
- **NEAPACOM_CAGR3YAV**：盈利三年复合增长率，计算三年内的盈利增长。
- **ROA**：总资产回报率，计算股东应占溢利或亏损的比例。
- **ROA_TTM**：总资产回报率TTM，计算过去12个月的总资产回报率。
- **LABEL04**：偿债能力，分类标签。
- **CAP_LAB**：资产负债率，计算总负债与总资产的比例。
- **CAP_RIG**：权益乘数，计算总资产与股东资金的比率。
- **LABEL05**：营运能力，分类标签。
- **CAPAQCRO**：资本充足比率，表示资本充足程度。
- **OPE_TAI**：总资产周转率，计算总营业额与资产的比率。
- **LNTDTRO**：存贷比，计算客户贷款与存款的比例。
- **LNTTEQY**：贷款/股东权益，计算贷款与股东资金的比率。
- **LNTTA**：贷款/总资产，计算贷款与总资产的比例。
- **DPTTEQY**：存款/股东权益，计算存款与股东资金的比率。
- **DPTA**：存款/总资产，计算存款与总资产的比例。
- **TIPTTO**：贷款减值/营业收入，计算减值损失的比例。
- **CTIORO**：成本收入率，计算营业支出的比例。
- **LABEL06**：投资收益，分类标签。
- **DIVPORO**：派息比率，计算每股股利与基本每股收益的比例。
- **LABEL07**：成长能力，分类标签。
- **RIS_OR**：营业收入同比增长率，计算营业收入的增长。
- **RIS_MNP**：归属母公司净利润同比增长率，计算净利润的增长。
- **RIS_NC**：经营活动现金净流量同比增长率，计算现金流量的增长。
- **RIS_TA**：总资产相对年初增长率，计算总资产的增长。
- **RIS_MSHR**：归属母公司的股东权益相对年初增长率，计算股东权益的增长。
- **LABEL08**：现金流量，分类标签。
- **OR_OC**：经营活动现金净流量/营业收入，计算现金流量与营业收入的比例。
- **EPSNED_TTM**：每股收益TTM，计算过去12个月的每股收益。
- **BPSNED_TTM**：每股净资产TTM，计算过去12个月的每股净资产。
- **SRPSNED_TTM**：每股营业收入TTM，计算过去12个月的每股营业收入。
- **ISVALID**：是否有效，标识数据的有效性。

主键由COMUNIC、EDATE和RPTSOUREFC组成。""",,0,,,1,,"2024-09-20 15:37:18",,"2024-10-16 17:47:17",
533,JULING,MYSQL,juling,"30146",香港公司财务衍生指标表_非金融,HK_ANA_STK_IDX_NFIN,"主键：COMUNIC+EDATE+RPTSOUREFC,含义说明： 本表计算公司一季度、中报、三季报、年报财务指标数据。","""表格“香港公司财务衍生指标表_非金融”（英文名：HK_ANA_STK_IDX_NFIN）用于记录和分析香港非金融公司的财务衍生指标，涵盖季度、中报、三季报和年报的财务数据。表格中的字段包括：

- **COMUNIC**：公司统一编码，用于关联香港公司基本信息。
- **EDATE**：截止日期，表示财务数据的截止时间。
- **RPTSOUREFC**：报表来源参数编码，指示财务报告的类型，如一季业绩、中期业绩等。
- **ANNDATE**：公告日期，指财务数据的公布日期。
- **CURUNIC**：货币统一编码，表示财报披露的货币单位。
- **EXRATE**：汇率，指报表货币兑港元的汇率。
- **LABEL01**：每股指标，分类标签。
- **EPSP**：每股收益，表示基本每股收益。
- **EPSEED**：每股收益(期末摊薄)，计算股东应占溢利或亏损除以期末股数。
- **BPSEED**：每股净资产(期末摊薄)，计算股东资金除以期末股数。
- **NOCFPSEED**：每股经营现金净流量(期末摊薄)，计算经营现金流量净额除以期末股数。
- **NCFPSEED**：每股现金流量净额(期末摊薄)，计算现金及等同现金的变动除以期末股数。
- **SRPSEED**：每股营业收入(期末摊薄)，计算总营业额除以期末股数。
- **DPS**：每股派息，记录每股股利和特别股利。
- **LABEL02**：盈利能力，分类标签。
- **OPEMG**：经营利润率，计算经营溢利或亏损占总营业额的百分比。
- **OPEMG_TTM**：经营利润率TTM，计算过去12个月的经营利润率。
- **EBTMG**：税前利润率，计算除税前溢利或亏损占总营业额的百分比。
- **PMG**：边际利润率，计算股东应占溢利或亏损占总营业额的百分比。
- **GPM**：毛利率，计算毛利占总营业额的百分比。
- **LABEL03**：投资回报，分类标签。
- **ROE**：股东权益回报率，计算股东应占溢利或亏损占股东资金的百分比。
- **ROE_TTM**：股东权益回报率TTM，计算过去12个月的股东权益回报率。
- **ROWC**：资本运用回报率，计算股东应占溢利或亏损占资本运用的百分比。
- **ROWC_TTM**：资本运用回报率TTM，计算过去12个月的资本运用回报率。
- **NEAPACOM_CAGR3YAV**：盈利三年复合增长率，计算三年内盈利的复合增长率。
- **ROA**：总资产回报率，计算股东应占溢利或亏损占总资产的百分比。
- **ROA_TTM**：总资产回报率TTM，计算过去12个月的总资产回报率。
- **LABEL04**：偿债能力，分类标签。
- **CRO**：流动比率，计算流动资产除以流动负债。
- **QRO**：速动比率，计算流动资产减去存货后除以流动负债。
- **CAP_LAB**：资产负债率，计算总负债占总资产的百分比。
- **LTDTTTEQY**：长期债项/股东权益，计算长期债项除以股东资金。
- **TDTTTEQY**：总债项/股东权益，计算总负债除以股东资金。
- **TDTTWKCAP**：总债项/资本运用，计算总负债除以资本运用。
- **CAP_RIG**：权益乘数，计算总资产除以股东资金。
- **LABEL05**：营运能力，分类标签。
- **OPE_STCI**：存货周转率，计算销售成本除以平均存货。
- **OPE_ACI**：应收账款周转率，计算总营业额除以平均应收账款。
- **OPE_TAI**：总资产周转率，计算总营业额除以平均总资产。
- **LABEL06**：投资收益，分类标签。
- **DIVPORO**：派息比率，计算每股股利占基本每股收益的百分比。
- **LABEL07**：成长能力，分类标签。
- **RIS_OR**：营业收入同比增长率，计算本期营业收入相对上年同期的增长率。
- **RIS_MNP**：归属母公司净利润同比增长率，计算本期净利润相对上年同期的增长率。
- **RIS_NC**：经营活动现金净流量同比增长率，计算本期经营现金流量相对上年同期的增长率。
- **RIS_TA**：总资产相对年初增长率，计算总资产相对年初的增长率。
- **RIS_MSHR**：归属母公司的股东权益相对年初增长率，计算股东权益相对年初的增长率。
- **LABEL08**：现金流量，分类标签。
- **OR_OC**：经营活动现金净流量/营业收入，计算经营现金流量净额占总营业额的百分比。
- **LAB_OC**：经营活动现金净流量/总负债，计算经营现金流量净额占总负债的百分比。
- **EPSNED_TTM**：每股收益TTM，计算过去12个月的每股收益。
- **BPSNED_TTM**：每股净资产TTM，计算过去12个月的每股净资产。
- **SRPSNED_TTM**：每股营业收入TTM，计算过去12个月的每股营业收入。
- **ISVALID**：是否有效，1表示记录有效。

主键为COMUNIC、EDATE和RPTSOUREFC。""",,0,,,1,,"2024-09-20 15:37:18",,"2024-10-16 17:46:14",
534,JULING,MYSQL,juling,"30147",港股市场表现指标表,HK_IDC_STKPFMIDC,"主键：STKUNICODE+EDATE,含义说明： 【注1】本表主要计算每只股票在交易所每个开市日的市场表现指标。【注2】本表区间指标字段计算时，股票上市不满计算区间也进行计算，因此在该股票上市时间较短，未满周期进行计算时，会出现多个涨跌幅周期的计算值都是相同的数据特征，这属于正常情况（如股票上市未满1月周期，那么它的近1月涨跌幅，近3月涨跌幅，近6月涨跌幅等周期内值都是一样的）。","""港股市场表现指标表（HK_IDC_STKPFMIDC）用于记录每只香港股票在交易所每个开市日的市场表现指标。该表的主键由股票统一编码（STKUNICODE）和截止日期（EDATE）组成。表中的字段包括：

- **STKUNICODE**：股票统一编码，用于关联香港股票代码变动表。
- **EDATE**：截止日期，表示股票在上市日到退市日之间的每个交易日。
- **LTTTRDATE**：最新交易日期，指股票最近一个有交易的日期。
- **PSVPCLNGPRARC**、**PSVOPNGPRARC**、**PSVCLNGPRARC**、**PSVHTPR**、**PSVLTPR**：分别表示前收盘价、开盘价、收盘价、最高价和最低价（均为后复权）。
- **TRVOL**、**TRTO**：成交量和成交金额，分别表示当天的成交量和成交金额。
- **AVTRPR**：平均成交价，计算为成交额除以成交量。
- **TMKCAP**、**MKCAPFLSH**：总市值和流通市值，分别计算为总股本或H股乘以港股收盘价。
- **TMKCAPCEXR_TS**、**MKCAPFSCEXR_HS**：总市值和流通市值（考虑汇率），以人民币计价。
- **PRCHRATE**：日涨跌幅，表示当天的涨跌幅。
- **PRCHRATERCTW**、**PRCHRATERCTM**、**PRCHRATERCT3M**、**PRCHRATERCT6M**、**PRCHRATERCTYR**、**PRCHRATERCT2YRS**、**PRCHRATERCT3YRS**：分别表示近1周、1月、3月、6月、1年、2年和3年的涨跌幅。
- **PRCHRATEYTD**：今年以来涨跌幅。
- **PRCHRLS**：上市至今涨跌幅。
- **PSVHTPRLTT52WARC**、**PSVLTPRLTT52WARC**：后复权52周最高价和最低价。
- **TORO**：换手率，表示当天成交量占流通股总股数的百分比。
- **LOGRER**：对数收益率，计算为当天收盘价与前收盘价的对数差。
- **PRAMP**：振幅，表示最高价与最低价的差占昨收价的百分比。
- **BETARCT250DYS_CCHR**、**BETARCT250DYS_CLRR**：近250日BETA值，分别基于涨跌幅和对数收益率算法计算。
- **DYSPRCNSCUPDW**：连续涨跌天数，指与截止日当天涨跌幅方向相同的连续天数。
- **ISVALID**：是否有效，1表示有效。

该表格的主键是由STKUNICODE和EDATE组成。""",,0,,,1,,"2024-09-20 15:37:18",,"2024-10-16 17:50:22",
535,JULING,MYSQL,juling,"30148",港股估值指标表,HK_IDC_STKVIDC,"主键：STKUNICODE+EDATE,含义说明： 【注1】本表主要计算每只股票在交易所每个开市日的估值指标。",港股估值指标表（HK_IDC_STKVIDC）用于计算每只香港股票在交易所每个开市日的估值指标。该表的主键由股票统一编码（STKUNICODE）和截止日期（EDATE）组成。表中的字段包括：股票统一编码（STKUNICODE），用于关联香港股票代码变动表；截止日期（EDATE），表示股票在上市日到退市日之间的每个交易所开市日；最新收盘价（CLNGPR），以元为单位；市盈率1（PE1），为静态市盈率；市盈率2（PE2），为滚动市盈率；市净率（PB），计算为最新收盘价除以每股净资产；市销率（PS），为滚动市销率；PEG1，计算为市盈率TTM除以归属母公司净利润增长率；PEG2，计算为市盈率TTM除以归属母公司净利润的近3年复合增长率；是否有效（ISVALID），其中1表示有效。该表的主键是STKUNICODE和EDATE的组合。,,0,,,1,,"2024-09-20 15:37:18",,"2024-10-16 18:12:13",
536,JULING,MYSQL,juling,"30149",复权因子计算表,STK_EX_FACTOR,"主键：INNER_CODE+EX_DATE,含义说明： [1]本表为衍生表，主要计算个股分红派现、送转配股等时的复权因子。包括股权登记日收盘价、除权除息日昨收价、每股派现、每股派红股、每股公积金转增、每股配股、配股价格、复权因子、累积复权因子等。使用说明：[1]本表的股票内部代码INNER_CODE将关联到股票代码表STK_CODE的内部代码INNER_CODE得到股票的代码信息。[2]累计复权因子=除权日及之前所有复权因子之积[3]后复权计算调用相关规则： 区间向后复权因子：区间内的复权因子累乘作为区间向后复权因子（需计算区间端点的值）。 区间向后复权价=收盘价*区间向后复权因子； X日的上市向后复权价=X日收盘价*截至X日的最新一期的累积复权因子（包含X日的值）。[4]此复权因子不适用于计算前复权因子",,,0,,,1,,"2024-09-20 15:37:18",,"2024-10-14 16:13:12",
537,JULING,MYSQL,juling,"30150",利润表（通用-单季度）,STK_INCOME_GEN_QTR,"主键：COMCODE+RPT_DATE+ENDDATE+RPT_TYPE,含义说明： [1]本表记录上市公司季报中三大财务报表的损益表信息，反映了单季度的销售收入、销售成本、经营费用及税收状况，结果反映公司实现的利润或形成的亏损。[2]本表为利润通用表，不区分金融公司（非银行金融公司），一般公司），体现整体共性字段，若查询金融类公司财务利润数据，对应查询银行利润表（单季度）STK_BANK_INCOME_QTR，非银行金融公司财务利润数据查询非银行金融企业利润表（单季度）STK_NONBANK_INCOME_QTR。使用说明：[1]本表COMCODE关联股票代码表STK_CODE.COMCODE，得到公司发行股票信息；COMCODE关联机构信息表ORG_PROFILE.ORGCODE,得到公司的基本信息。","""表格“STK_INCOME_GEN_QTR”即“利润表（通用-单季度）”记录了上市公司季报中的损益表信息，反映了单季度的销售收入、销售成本、经营费用及税收状况，最终展示公司实现的利润或亏损情况。该表适用于一般公司，不区分金融公司，若需查询金融类公司财务利润数据，请参考其他专用表。

字段包括：

- **COMCODE**: 公司代码，关联股票代码表和机构信息表以获取公司基本信息。
- **RPT_DATE**: 报表日期。
- **ENDDATE**: 数据期间截止日期。
- **RPT_TYPE**: 报表合并类型，标识合并或母公司。
- **RPT_YEAR**: 数据年份。
- **RPT_QTR**: 所属季度。
- **PAR_COM**: 是否母公司数导入。
- **RPT_SRC**: 报表来源。
- **A_STOCKCODE**: A股代码。
- **A_STOCKSNAME**: A股简称。
- **B_STOCKCODE**: B股代码。
- **B_STOCKSNAME**: B股简称。
- **P110100**: 营业总收入。
- **P110101**: 营业收入。
- **P110112**: 折扣与折让。
- **P110121**: 主营业务收入净额。
- **P110131**: 影响营业收入的其他科目。
- **P110200**: 营业总成本。
- **P110202**: 营业成本。
- **P110402**: 影响营业成本的其他科目。
- **P110302**: 营业税金及附加。
- **P120101**: 主营业务利润。
- **P120201**: 其他业务利润。
- **P120302**: 存货跌价损失。
- **P120442**: 销售费用。
- **P120412**: 营业费用。
- **P120422**: 管理费用。
- **P120432**: 财务费用。
- **P120402**: 期间费用。
- **P120502**: 进货费用。
- **P120702**: 勘探费用。
- **P120601**: 汇兑损益。
- **P131102**: 资产减值损失。
- **P131201**: 公允价值变动净收益。
- **P130101**: 营业利润。
- **P131301**: 影响营业利润的其他科目。
- **P130201**: 投资收益。
- **P130211**: 对联营企业和合营企业的投资收益。
- **P130301**: 期货损益。
- **P130401**: 补贴收入。
- **P130501**: 营业外收入。
- **P130601**: 以前年度损益调整。
- **P130702**: 营业外支出。
- **P130712**: 非流动资产处置净损失。
- **P131401**: 影响利润总额的其他科目。
- **P130801**: 营业外收支净额。
- **P130902**: 分给外单位利润。
- **P131001**: 以前年度所得税调整。
- **P140101**: 利润总额。
- **P140202**: 所得税。
- **P141202**: 影响净利润的其他科目。
- **P140302**: 少数股东损益。
- **P140402**: 未弥补子公司亏损。
- **P140502**: 应交特种基金。
- **P140602**: 职工奖励及福利基金。
- **P140702**: 购并利润。
- **P140801**: 未确认的投资损失。
- **P140901**: 所得税返还。
- **P141001**: 不应负担的子公司本年亏损。
- **P141101**: 子公司弥补超额亏损的本年收益。
- **P150101**: 净利润。
- **P160101**: 归属于母公司所有者的净利润。
- **P180101**: 被合并方在合并前实现的净利润。
- **P190101**: 净利润其他子项。
- **P210101**: 年初未分配利润。
- **P210201**: 其他转入。
- **P210301**: 盈余公积转入数。
- **P210401**: 年初未分配利润调整。
- **P210501**: 减少注册资本减少的未分配利润。
- **P210601**: 外币报表折算差额。
- **P210701**: 非正常经营项目收益调整。
- **P210802**: 股份公司成立前利润分配。
- **P210902**: 住房周转金转入数。
- **P220101**: 可供分配的利润。
- **P220202**: 提取法定盈余公积金。
- **P220302**: 提取法定公益金。
- **P220402**: 提取职工奖励福利基金。
- **P220502**: 提取储备基金。
- **P220602**: 提取企业发展基金。
- **P230101**: 可供股东分配的利润。
- **P230202**: 应付优先股股利。
- **P230302**: 提取任意盈余公积金。
- **P230402**: 应付普通股股利。
- **P230502**: 转作股本的普通股股利。
- **P240101**: 未分配利润。
- **P240201**: 出售、处置部门或被投资单位所得收益。
- **P240301**: 自然灾害发生的损失。
- **P240401**: 会计政策变更增加(或减少)利润总额。
- **P240501**: 会计估计变更增加(或减少)利润总额。
- **P240602**: 债务重组损失。
- **P240701**: 其他。
- **P240801**: 基本每股收益。
- **P240901**: 稀释每股收益。
- **ISVALID**: 是否有效，1表示有效。

主键为：COMCODE + RPT_DATE + ENDDATE + RPT_TYPE。""",,0,,,1,,"2024-09-20 15:37:18",,"2024-10-16 17:45:24",
539,JULING,MYSQL,juling,"30151",上市公司雇员概况表,STK_HUMAN_RESOURCE,"主键：ComCode+EndDate,含义说明：[1]本表记录上市公司雇员的概况，主要有员工总数、离退休员工数、平均年龄等内容。使用说明：[1]本表的ComCode关联上市公司基本信息表STK_COM_PROFILE.COMCODE得到上市公司基本信息。","""表格“STK_HUMAN_RESOURCE”，中文名为“上市公司雇员概况表”，用于记录上市公司雇员的详细信息。该表的主要字段包括：

- **ISVALID**: 表示记录是否有效，1为有效。
- **ComCode**: 公司代码，用于关联上市公司基本信息。
- **EndDate**: 数据的截止日期。
- **A_STOCKCODE**和**A_STOCKSNAME**: 分别为A股代码和简称。
- **B_STOCKCODE**和**B_STOCKSNAME**: 分别为B股代码和简称。
- **RPT_SRC**: 报表来源，指明数据来源于不同类型的财务报告或说明书。
- **STAFF_NUM**: 员工总数。
- **WORK_NUM**: 在职员工数量。
- **RETIRE_NUM**: 离退休员工数量。
- **AVG_AGE**: 员工的平均年龄。
- **SALARY**: 期内应付的薪酬福利，以万元为单位。
- **MOTHER_WORK_NUM**: 母公司在职员工数量。
- **SUB_WORK_NUM**: 子公司在职员工数量。
- **OTH_WORK_NUM**: 其他在职员工数量。

该表的主键由“ComCode”和“EndDate”组成，用于唯一标识每条记录。""",,0,,,1,,"2024-09-20 15:37:18",,"2024-10-16 18:06:02",
540,JULING,MYSQL,juling,"30152",科创板股票代码表,STI_STK_CODE,"主键：INNER_CODE，含义说明：[1]本表记录上交所科创板的股票代码信息。
",表格“STI_STK_CODE”是一个记录上交所科创板股票代码信息的表格，中文名为“科创板股票代码表”。该表格包含多个字段，详细记录了科创板股票的相关信息。字段“ISVALID”用于标识记录是否有效，1表示有效；“INNER_CODE”是股票的内部代码，并与科创板股票代码变动表相关联；“SECCODE”和“SECSNAME”分别记录股票代码和股票简称；“COMCODE”是公司代码，与科创板上市公司基本信息表相关联；“STK_BUILD_REF”和“STK_BUILD”描述股权架构，分别以参数代码和具体描述的形式表示，如同股同权、同股不同权、VIE架构等；“STATUS_TYPE”和“STATUS_TYPE_REF”记录上市状态及其参数，如正常上市、终止上市等；“SPECIAL_TYPE”和“SPECIAL_TYPE_REF”描述特别处理状态及其参数，如无特别处理、*ST、退市整理期等；“LIST_DATE”和“LIST_ENDDATE”分别记录上市日期和终止上市日；“ISIN”是ISIN编码；“CHI_SPEL”是拼音简称；“COM_STK_CHNG”和“COM_STK_CHNG_REF”描述公司及股票关系变动类型及其参数；“PRE_INNER_CODE”记录变动前的股票内部代码；“EX_SNAME”是扩位简称；“SECMARK”记录证券特别标识。表格的主键是“INNER_CODE”。,,0,,,1,,"2024-09-20 15:37:18",,"2024-10-16 18:02:19",
541,JULING,MYSQL,juling,"30153",科创板上市公司基本信息表,STI_COM_PROFILE,"主键：COMCODE，含义说明：[1]本表记录上市公司的基本信息。使用说明：[1]由于2021年7月31日申万官网发布新的行业分类体系，2014版申万行业分类将停止更新，开始维护新版行业分类。
",科创板上市公司基本信息表（STI_COM_PROFILE）记录了上市公司的详细基本信息，主要用于提供公司相关的基础数据。该表的主键是公司代码（COMCODE），其他业务表可以通过关联此字段获取上市公司的最新详细信息。表中的字段包括：ISVALID表示记录是否有效；DECLAREDATE为公告日期；CNAME、CSNAME、CSPELL、ENAME、ESNAME分别为公司的中文名称、中文简称、拼音简称、英文名称和英文简称；REGI_CAP和CURNCY记录公司的注册资本及其币种；REGI_ADDR和OFFICE_ADDR为公司注册地址和办公地址；WEB_SITE、POSTCODE、TEL、FAX、EMAIL分别为公司网址、邮政编码、联系电话、传真和电子邮箱；LEG_PERSON和GEN_MANAGER为法定代表人和总经理；BOARD_SECTRY、SECTRY_TEL、SECTRY_FAX、CONTACT_ADDR、SECTRY_EMAIL记录董事会秘书的相关信息；REPR、REPR_TEL、REPR_FAX、REPR_ADDR、REPR_EMAIL记录证券事务代表的相关信息；BUILD_DATE为公司成立日期；COM_BRIEF、PRI_BIZ、PRI_PRD、NON_PRI_BIZ分别为公司简介、主营业务、主营产品和兼营业务；STAFF_NUM、MSTAFF_NUM、TSTAFF_NUM记录雇员总数、管理人员数量和技术人员数量；ORG_STATUS为机构状态；REGI_NO、NTAX_NO、LTAX_NO为工商登记号和税务登记号；ISSUE_BOND表示是否发行债券；PROVINCE和CITY为公司所在省份和城市；ORG_TYPE、ORG_MTYPE、ORG_STYPE为机构类型；BRIEF_INTRO为成立情况与历史沿革；ACC_ORGCODE和LAW_ORGCODE为会计师事务所和律师事务所机构代码；DISCLOSER、LAWYER、ACCOUNT、APPRAISER为信息披露人、经办律师、会计师和评估人员；SERVICE_TEL为客服联系电话；FOR_ACC_ORGCODE为境外会计师事务所机构代码；LISTED表示是否为上市公司；SW_INDU_CODE_2014、CSRC_INDU_CODE_2012、GICS_INDU_CODE、SW_INDU_CODE_2021为不同年份和体系的行业分类代码；SCOPE_BUSS为经营范围；NATION_NAME为公司所在国家；COM_CLS为公司类别。主键为COMCODE。,,0,,,0,,"2024-09-20 15:37:18",,"2024-10-23 15:51:36",
542,JULING,MYSQL,juling,"30154",香港公司从属行业变动表,HK_INDCHCOM,主键：COMUNIC+INDUNIC+CMNDATE。含义说明：[1]本表记录香港上市公司所属行业变动信息。使用说明：【1】巨灵依据港交所维护到恒指行业分类三级。【2】恒生行业分类在2013-09-09删除了二级分类‘工业制品’，本表中的行业分类内部代码为‘400121930’故本表保留2013-09-09前的历史数据二级分类‘工业制品’。,"""表格“香港公司从属行业变动表”（英文名：HK_INDCHCOM）记录了香港上市公司所属行业的变动信息。该表的主要用途是追踪和记录公司在不同时期所属行业的变化。表中的字段包括：

- **COMUNIC**：公司统一编码，用于关联香港公司基本信息表中的公司信息。
- **INDUNIC**：行业统一编码，用于关联行业分类代码表中的行业信息。
- **CMNDATE**：开始日期，表示行业变动的生效日期。
- **EDATE**：截止日期，表示行业变动的结束日期。
- **INDCLSSYS_REFC**：行业分类体系参数编码，用于关联综合参数表中的参数代码，以获取具体的行业分类描述。

该表的主键由“COMUNIC”、“INDUNIC”和“CMNDATE”三个字段组成。表格特别保留了2013年9月9日之前的历史数据，以反映当时的二级分类“工业制品”的变动情况。""",,0,,,1,,"2024-09-20 15:37:18",,"2024-10-16 18:11:44",
543,JULING,MYSQL,juling,"30155",指数估值指标表,ANA_INDX_VAL_IDX,"主键：INNER_CODE+TRD_DATE
含义说明：[1]本表主要记录指数的估值数据,如市盈率、市净率、每股收益等。
使用说明：[1]计算以下指数发布机构的的数据：深圳证券交易所、深圳证券信息有限公司、上海证券交易所、中证指数有限公司。
","主键：INNER_CODE+TRD_DATE
含义说明：[1]本表主要记录指数的估值数据,如市盈率、市净率、每股收益等。
使用说明：[1]计算以下指数发布机构的的数据：深圳证券交易所、深圳证券信息有限公司、上海证券交易所、中证指数有限公司。
",,0,,,1,,"2024-09-20 15:37:18",,"2024-10-23 11:20:20",
544,XT,MYSQL,app_research_service,"20001",调研信息表,INVESTIGATE_MAIN,记录上市公司、产业内的调研信息。,记录上市公司、产业内的调研信息。,INVSG_HCODE,0,,,1,luwen,"2024-08-09 16:38:49",,"2024-11-01 16:50:24",
545,XT,MYSQL,app_research_service,"20002",路演主表,ROADSHOW_MAIN,"路演信息的主表。记录路演时间、会议名称、举办公司及与会人员等相关信息。""路演""(roadshow)是一个金融术语，通常用于描述上市公司或券商在公开发行股票或其他证券之前，进行的一系列推广活动。下面是上市公司路演和券商路演的具体含义：

1. **上市公司路演**：
   - 上市公司在准备首次公开募股（IPO）或增发股票时，会进行一系列的路演活动。
   - 路演的目的是向潜在的投资者推介公司、介绍公司的业务模式、市场前景、财务状况等，以吸引投资者购买其股票。
   - 路演活动可能包括投资者会议、一对一会议、在线演示、电话会议等多种形式。
   - 通过路演，公司管理层有机会直接与投资者沟通，解答投资者的疑问，建立投资者信心。

2. **券商路演**：
   - 券商路演通常是指券商为了推广其服务或产品，向潜在客户或合作伙伴进行的一系列宣传和教育活动。
   - 券商可能会举办路演来介绍其研究能力、交易平台、投资产品等。
   - 券商路演也可能包括对特定市场或行业的分析，提供投资策略和建议。
   - 券商路演有助于建立品牌形象，吸引新客户，增强与现有客户的关系。

无论是上市公司还是券商的路演，都是一种市场营销策略，旨在提高知名度、增加曝光度，并最终促进交易的完成。","记录路演时间、会议名称、举办公司及与会人员等相关信息。""路演""(roadshow)是一个金融术语，通常用于描述上市公司或券商在公开发行股票或其他证券之前，进行的一系列推广活动。下面是上市公司路演和券商路演的具体含义：

1. **上市公司路演**：
   - 上市公司在准备首次公开募股（IPO）或增发股票时，会进行一系列的路演活动。
   - 路演的目的是向潜在的投资者推介公司、介绍公司的业务模式、市场前景、财务状况等，以吸引投资者购买其股票。
   - 路演活动可能包括投资者会议、一对一会议、在线演示、电话会议等多种形式。
   - 通过路演，公司管理层有机会直接与投资者沟通，解答投资者的疑问，建立投资者信心。

2. **券商路演**：
   - 券商路演通常是指券商为了推广其服务或产品，向潜在客户或合作伙伴进行的一系列宣传和教育活动。
   - 券商可能会举办路演来介绍其研究能力、交易平台、投资产品等。
   - 券商路演也可能包括对特定市场或行业的分析，提供投资策略和建议。
   - 券商路演有助于建立品牌形象，吸引新客户，增强与现有客户的关系。

无论是上市公司还是券商的路演，都是一种市场营销策略，旨在提高知名度、增加曝光度，并最终促进交易的完成。",ROADSHOW_ID,0,,,1,wyq,"2024-10-28 16:27:59",,"2024-11-25 14:23:21",
546,XT,MYSQL,app_research_service,"20003",美股路演主表,ROADSHOW_MAIN_US,美股路演信息的主表。记录美股路演时间、会议名称、举办公司及与会人员等相关信息。,记录美股路演时间、会议名称、举办公司及与会人员等相关信息。,ROADSHOW_ID,0,,,1,wyq,"2024-10-28 16:30:23",,"2024-11-25 14:23:22",
548,XT,MYSQL,app_research_service,"20004",点评观点信息主表,CMNT_INFO,点评观点信息主表；记录各个源头的分析师针对行业，个股，宏观，策略以及其他事项发表的的点评和观点。用户提到的“小作文”往往指的是点评。,点评观点信息主表；记录各个源头的分析师针对行业，个股，宏观，策略以及其他事项发表的的点评和观点。用户提到的“小作文”往往指的是点评。,CMNT_HCODE,0,,,1,zhousr01,"2024-10-30 15:20:34","","2024-11-01 16:50:24",
549,XT,MYSQL,app_research_service,"20005",策略会信息表,INVESTIGATE_MAIN_MEETING,记录券商举报的策略会信息，包含会议主题、日期、地点等。,记录券商举报的策略会信息，包含会议主题、日期、地点等。,INVSG_HCODE,0,,,1,luwen,"2024-08-09 16:38:49",,"2024-11-01 16:50:24",
551,XT,MYSQL,app_research_service,"20006",公众号文章表,RESEARCH_WECHAT_ARTICLES,记录公众号发布的文章的基础信息。公众号包含了公司、行业等的最新的资讯信息。,记录公众号发布的文章的基础信息。公众号包含了公司、行业等的最新的资讯信息。,"ARC_CODE,RARC_CODE",0,,,1,zhousr01,"2024-10-30 15:20:34","","2024-11-01 16:50:24",
552,XT,MYSQL,app_research_service,"20007",公告主表,ANNC_MAIN,A股公告是上市公司依法向投资者公开披露的重要文件，内容广泛且关键，主要包括公司基本信息与重大事项（如公司简介、业务范围、经营状况以及重大合同、担保、股权质押、对外投资等）、财务与经营业绩（包括年度、中期、季度报告及业绩预告，详细披露公司的财务状况、经营成果、现金流量以及收入、利润、毛利率等关键指标，并可能包含下一年度的盈利预测）、股权结构与股东变动（披露公司股权分布，包括前十大股东名单及持股数，以及股东的增持、减持、质押等行为，还有控股股东或实际控制人的变化情况）、公司治理与高管情况（包括公司创立大会或股东大会的决议，董事、监事、高级管理人员的选举和变动，以及他们的简历和持股情况）、融资与资产重组（涉及公司的股票发行、债券发行、银行贷款等融资行为，以及资产收购、出售、置换等重组行为）、风险提示与其他事项（如市场风险、信用风险等潜在风险的揭示，以及公司的信息变更、诉讼与仲裁、违规处罚等对公司有重要影响的事项）。本表包含个股、发布日期、公告标题等信息。,A股公告是上市公司依法向投资者公开披露的重要文件，内容广泛且关键，主要包括公司基本信息与重大事项（如公司简介、业务范围、经营状况以及重大合同、担保、股权质押、对外投资等）、财务与经营业绩（包括年度、中期、季度报告及业绩预告，详细披露公司的财务状况、经营成果、现金流量以及收入、利润、毛利率等关键指标，并可能包含下一年度的盈利预测）、股权结构与股东变动（披露公司股权分布，包括前十大股东名单及持股数，以及股东的增持、减持、质押等行为，还有控股股东或实际控制人的变化情况）、公司治理与高管情况（包括公司创立大会或股东大会的决议，董事、监事、高级管理人员的选举和变动，以及他们的简历和持股情况）、融资与资产重组（涉及公司的股票发行、债券发行、银行贷款等融资行为，以及资产收购、出售、置换等重组行为）、风险提示与其他事项（如市场风险、信用风险等潜在风险的揭示，以及公司的信息变更、诉讼与仲裁、违规处罚等对公司有重要影响的事项）。本表包含个股、发布日期、公告标题等信息。,INVSG_HCODE,0,,,1,luwen,"2024-08-09 16:38:49",,"2024-11-01 16:50:25",
553,XT,MYSQL,app_research_service,"20008",公众号主表,RESEARCH_WECHAT_ACC,记录公众号的基础信息。公众号包含了公司、行业等的最新的资讯信息。,记录公众号的基础信息。公众号包含了公司、行业等的最新的资讯信息。,"WXACC_CODE,RWXACC_CODE",0,,,1,zhousr01,"2024-10-30 15:20:34","","2024-11-01 16:50:25",
554,XT,MYSQL,app_research_service,"20009",纪要主表,SUMMARY_ROADSHOW_INFO,记录路演活动所对应的会议纪要。会议纪要是一种记录会议内容的正式文书，用于总结和归纳会议中讨论的主要议题、达成的共识、提出的决策以及待完成的任务等内容。它的主要功能是为参会者提供回顾会议内容的依据，同时为未参会人员提供了解会议情况的参考。,记录路演活动所对应的会议纪要。会议纪要是一种记录会议内容的正式文书，用于总结和归纳会议中讨论的主要议题、达成的共识、提出的决策以及待完成的任务等内容。它的主要功能是为参会者提供回顾会议内容的依据，同时为未参会人员提供了解会议情况的参考。,TRANS_ID,0,,,1,zhouwr,"2024-10-30 16:52:27",,"2024-11-25 14:21:27",
555,XT,MYSQL,app_research_service,"20010",美股纪要主表,SUMMARY_ROADSHOW_INFO_US,记录与美股相关的路演活动所对应的会议纪要。会议纪要是一种记录会议内容的正式文书，用于总结和归纳会议中讨论的主要议题、达成的共识、提出的决策以及待完成的任务等内容。它的主要功能是为参会者提供回顾会议内容的依据，同时为未参会人员提供了解会议情况的参考。,记录与美股相关的路演活动所对应的会议纪要。会议纪要是一种记录会议内容的正式文书，用于总结和归纳会议中讨论的主要议题、达成的共识、提出的决策以及待完成的任务等内容。它的主要功能是为参会者提供回顾会议内容的依据，同时为未参会人员提供了解会议情况的参考。,TRANS_ID,0,,,1,zhouwr,"2024-10-30 17:24:58",,"2024-11-25 14:21:27",
556,XT,MYSQL,app_research_service,"20011",内资研报主表,NXNY_REPORT_MAIN,内资研报主表是一个用于汇总、整理和展示由内资机构（如国内的证券公司、基金公司、研究机构等）发布的研究报告的表格。内资研报基础信息，包括研报发布时间，撰写作者，研报标题，撰写机构等。,内资研报主表是一个用于汇总、整理和展示由内资机构（如国内的证券公司、基金公司、研究机构等）发布的研究报告的表格。内资研报基础信息，包括研报发布时间，撰写作者，研报标题，撰写机构等。,REPORT_CODE,0,,,1,zhouwr,"2024-10-30 17:27:59",,"2024-11-01 16:50:25",
557,XT,MYSQL,app_research_service,"20012",外资研报主表,RESEARCH_REPORT_MAIN_US,外资研报主表是一个用于汇总、整理和展示由外资机构（如国际证券公司、投资银行、外资基金公司等）发布的研究报告，包含外资研报基础信息，包括研报发布时间，撰写作者，研报标题，撰写机构等。,外资研报主表是一个用于汇总、整理和展示由外资机构（如国际证券公司、投资银行、外资基金公司等）发布的研究报告，包含外资研报基础信息，包括研报发布时间，撰写作者，研报标题，撰写机构等。,REPORT_CODE,0,,,1,zhouwr,"2024-10-30 17:27:59",,"2024-11-01 16:50:26",
559,JULING,MYSQL,juling,"30156",股票综合代码表,GET_A_SEC_CODE,"主键：INNER_CODE,含义说明： [1]本表汇总记录A股的各子库基础码表的数据,如:内部代码,证券代码,证券简称,公司代码等。","主键：INNER_CODE,含义说明： [1]本表汇总记录A股的各子库基础码表的数据,如:内部代码,证券代码,证券简称,公司代码等。","",0,,,0,,"2024-10-30 17:48:06",,"2024-11-06 15:47:04",
560,JULING,MYSQL,juling,"30157",港股行业表,GET_HK_INDUSTRY,"主键：INNER_CODE,含义说明： [1]本表汇总记录港股的行业。","主键：INNER_CODE,含义说明： [1]本表汇总记录港股的行业。","",0,,,0,,"2024-10-30 17:48:06",,"2024-11-04 15:45:07",
561,JULING,MYSQL,juling,"30158",A股行业表,GET_A_INDUSTRY,"主键：INNER_CODE,含义说明： [1]本表汇总记录A股行业。","主键：INNER_CODE,含义说明： [1]本表汇总记录A股行业。","",0,,,0,,"2024-10-30 17:48:06",,"2024-11-04 15:45:08",
562,XT,MYSQL,app_research_service,"20013",外资研报个股关联表,RESEARCH_REPORT_STK_US,外资研报相关个股信息,外资研报相关个股信息,"REPORT_CODE,COMB_SYMBOL",0,,,1,zhouwr,"2024-10-30 18:25:13",,"2024-11-01 16:50:26",
563,JULING,MYSQL,juling,"30159",上市公司大股东增减持情况表,STK_ADD_HOLD,"主键：COMCODE+ITEM_NUM
含义说明：
[1]本表记录上市公司大股东增持与减持的详细情况，主要包括公司代码、股票代码与简称、增减持人名称、增减持股份类别、增减持数量、数量占比、均价、增减持类别方式等。
使用说明：
[1]本表COMCODE关联上市公司基本信息表STK_COM_PROFILE.COMCOD得到公司详细信息。[2]本表增减持人代码ADD_CODE关联机构信息表(ORG_PROFILE).机构代码(ORGCODE)得到增减持人的具体信息。","主键：COMCODE+ITEM_NUM
含义说明：
[1]本表记录上市公司大股东增持与减持的详细情况，主要包括公司代码、股票代码与简称、增减持人名称、增减持股份类别、增减持数量、数量占比、均价、增减持类别方式等。
使用说明：
[1]本表COMCODE关联上市公司基本信息表STK_COM_PROFILE.COMCOD得到公司详细信息。[2]本表增减持人代码ADD_CODE关联机构信息表(ORG_PROFILE).机构代码(ORGCODE)得到增减持人的具体信息。","",0,,,1,,"2024-10-30 17:48:06",,"2024-11-04 15:45:08",
564,JULING,MYSQL,juling,"30160",重要事项表,STK_GREATE_EVENT,"主键：EVENT_ID+DeclareDate+ITEM_ID
含义说明：
[1]本表记录上市公司发生的资产交易,债务重组,收购兼并,增资,合作事项等事件的具体信息,如:交易现金,交易简述,方案进度,参与机构等。相同的事件代码表示同一事件，相同的事件代码对应的多条公告日期不同的记录表示该事件的多个发展进度。
使用说明：
[1]本表ORG_CODE关联机构信息表ORG_PROFILE.ORGCODE得到参与机构的详细信息。","主键：EVENT_ID+DeclareDate+ITEM_ID
含义说明：
[1]本表记录上市公司发生的资产交易,债务重组,收购兼并,增资,合作事项等事件的具体信息,如:交易现金,交易简述,方案进度,参与机构等。相同的事件代码表示同一事件，相同的事件代码对应的多条公告日期不同的记录表示该事件的多个发展进度。
使用说明：
[1]本表ORG_CODE关联机构信息表ORG_PROFILE.ORGCODE得到参与机构的详细信息。","",0,,,1,,"2024-10-30 17:48:06",,"2024-11-04 15:45:08",
565,XT,MYSQL,FUND_PUBLIC,"10055",股票因子表,STOCK_FACTOR_VALUE,"当查询与基金有关的个股因子时，参照此表中的内容。
表中不同FACTOR_ID代表不同的股票因子，映射关系如下：
FACTOR_ID：
52，PB（市净率）
53，PB_TTM（市盈率）
61，PSTTM（市现率）
26，自由流通股本
37，总股本","当查询与基金有关的个股因子时，参照此表中的内容。
表中不同FACTOR_ID代表不同的股票因子，映射关系如下：
FACTOR_ID：
52，PB（市净率）
53，PB_TTM（市盈率）
61，PSTTM（市现率）
26，自由流通股本
37，总股本",,0,,,1,,"2024-11-21 13:23:47",,"2024-12-25 11:17:29",
566,XT,ES,ES,"40001",公告索引,rabyte_saas_reading_stock_announcement_index,记录公告信息，包括公告名称、发布日期、股票代码、股票名称等。,,,0,,,1,luwen,"2024-12-10 14:55:59",,"2024-12-10 15:17:23",
567,XT,ES,ES,"40002",点评索引,rabyte_saas_reading_comment_index,记录点评信息，包括发布时间、内容、发信人、发信机构等。,,,0,,,1,luwen,"2024-12-10 14:55:59",,"2024-12-10 15:17:23",
568,XT,ES,ES,"40003",公众号信息,rabyte_saas_reading_wechat_article_index,公众号文章索引；,,,0,,,1,zhousr01,"2024-12-10 14:55:59",,"2024-12-10 15:17:23",
569,XT,ES,ES,"40004",纪要索引,rabyte_saas_reading_roadshow_summary_index,记录会议名称、会议纪要摘要（内容钱200字）、文件存储类型、举办公司、相关上市公司及所属行业信息，以及录音存储路径等相关信息。,,,0,,,1,wyq,"2024-12-10 15:29:08",,"2024-12-24 10:11:59",
570,XT,ES,ES,"40005",研报索引（中资）,alpha_saas_reading_report_index,记录研报信息，包括研报标题，发布时间，页数，撰写机构等。,,,0,,,1,zhouwr,"2024-12-10 18:44:26",,"2024-12-11 11:25:50",
571,XT,ES,ES,"40006",研报索引（外资）,us_alpha_saas_reading_report_index,记录外资研报信息，包括研报标题，发布时间，页数，撰写机构等。覆盖中资和外资机构的研报。,,,0,,,1,zhouwr,"2024-12-11 11:25:50",,"2024-12-11 11:25:50",
572,XT,ES,ES,"40007",美股纪要索引,alpha_saas_reading_roadshow_summary_us_index,记录美股相关的会议名称、会议纪要摘要、文件存储类型、举办公司、相关上市公司及所属行业信息，以及录音存储路径等相关信息。,,,0,,,1,zhouwr,"2024-12-11 14:06:27",,"2024-12-11 14:06:27",
573,JULING,MYSQL,app_research_service,"30161",讯兔概念与股票的关系,VW_CONCEPT_STK,"主键：INNER_CODE, 讯兔概念、题材、板块，以及其包含的股票，这里主要是通过概念题材对股票进行映射。如果在背景信息中识别出板块，请与本表进行关联。","主键：INNER_CODE, 讯兔概念、题材、板块，以及其包含的股票，这里主要是通过概念题材对股票进行映射。如果在背景信息中识别出板块，请与本表进行关联。",,0,,,1,luwen,"2024-12-25 11:16:34",,"2025-01-06 19:00:40",
574,JULING,MYSQL,juling,"30162",A股常用关联信息,GET_A_INDICS_LATEST,A股常用关联信息,A股常用关联信息,,0,,,1,luwen,"2024-12-25 11:16:34",,"2024-12-25 15:20:26",
575,JULING,MYSQL,juling,"30163",港股常用关联信息,GET_HK_INDICS_LATEST,港股常用关联信息,港股常用关联信息,,0,,,1,luwen,"2024-12-25 11:16:34",,"2024-12-25 15:20:26",
577,JULING,MYSQL,juling,"30164",讯兔概念每日行情表,VIEW_CONCEPT_DAILY_QUOTE,"主键：CONCEPT_HCODE。讯兔概念、题材、板块的每日行情表，包含概念的名称、收盘价、涨跌、涨跌幅、成交量和成交额。本表中的""CONCEPT_HCODE""会和VW_CONCEPT_STK表格中的""CONCEPT_HCODE""关联。",主键：CONCEPT_HCODE。讯兔概念、题材、板块的每日行情表，包含概念的名称、收盘价、涨跌、涨跌幅、成交量和成交额。,CONCEPT_HCODE,0,,,1,luwen,"2025-01-22 16:52:42",,"2025-01-23 16:52:01",
578,JULING,MYSQL,juling,"30165",资产负债表（通用）,VIEW_STK_BALA_GEN,"主键：COMCODE+RPT_DATE+ENDDATE+RPT_TYPE,使用说明： [1]本表COMCODE关联ORG_PROFILE.ORGCODE获得公司基本信息。","""表格“VIEW_STK_BALA_GEN”即“资产负债表（通用）”是用于记录和分析公司财务状况的详细表格。该表格的主键由公司代码（COMCODE）、报表日期（RPT_DATE）、截止日期（ENDDATE）和报表合并类型（RPT_TYPE）组成。表格中的字段涵盖了公司资产、负债和股东权益的各个方面。

资产部分包括流动资产和非流动资产。流动资产字段如货币资金、交易性金融资产、应收票据、应收账款、存货等，反映公司短期内可变现的资源。非流动资产字段如长期股权投资、固定资产、无形资产等，代表公司长期持有的资源。

负债部分分为流动负债和非流动负债。流动负债字段如短期借款、应付账款、应付票据等，显示公司短期内需偿还的债务。非流动负债字段如长期借款、应付债券等，表示公司长期的债务责任。

股东权益部分包括实收资本、资本公积金、盈余公积、未分配利润等，反映公司所有者的权益。

此外，表格还包含一些特殊项目和差额字段，如流动资产差额、长期投资差额、固定资产差额等，用于记录特定的财务调整或差异。

表格中的字段类型多为数值型（如NUMERIC、INT、VARCHAR等），并且部分字段自2007年或2016年起开始使用。公告日期（DECLAREDATE）字段记录了财务信息的披露日期。

最后，表格的主键是由公司代码（COMCODE）、报表日期（RPT_DATE）、截止日期（ENDDATE）和报表合并类型（RPT_TYPE）构成的唯一标识符。""","",0,,,1,,"2024-09-20 14:44:30",,"2025-01-23 12:58:45",
579,JULING,MYSQL,juling,"30166",现金流量表（通用）,VIEW_STK_CASH_GEN,"主键：COMCODE+RPT_DATE+STARTDATE+ENDDATE+RPT_TYPE,使用说明： [1]本表COMCODE关联机构信息表ORG_PROFILE.ORGCODE可得上市公司详细信息。","该表格名为“现金流量表（通用）”，英文名为“VIEW_STK_CASH_GEN”，用于记录和分析公司在特定会计期间内的现金流动情况。表格的主键由公司代码（COMCODE）、报表日期（RPT_DATE）、数据期间开始日期（STARTDATE）、数据期间截止日期（ENDDATE）和报表合并类型（RPT_TYPE）组成。表格中的字段涵盖了公司经营、投资和筹资活动的现金流入和流出情况，包括销售商品、提供劳务收到的现金（C110101）、收取的租金（C110201）、支付给职工的现金（C120301）、购建固定资产支付的现金（C220101）、吸收投资收到的现金（C310301）、偿还债务支付的现金（C320101）等。此外，还包括汇率变动对现金的影响（C410101）、净利润（C411001）、固定资产折旧（C411501）等财务指标。表格还记录了期初和期末的现金及现金等价物余额（C413201和C413301），以及影响现金流量的特殊项目和平衡项目。字段类型包括整数（INT）、日期时间（DATETIME）、字符（VARCHAR）和数值（NUMERIC）。使用说明中提到，COMCODE字段可关联机构信息表ORG_PROFILE以获取上市公司详细信息。表格中的数据有效性由字段ISVALID指示，1表示有效。同时股利支付相关信息也在本表中。现金流量相关字段包括：

- **经营活动现金流入**: 如销售商品、提供劳务收到的现金（C110101）、收到的租金（C110201）、收到的增值税销项税款（C110311）等。
- **经营活动现金流出**: 如购买商品支付的现金（C120101）、支付给职工的现金（C120301）、支付的增值税款（C120411）等。
- **投资活动现金流入**: 如收回投资收到的现金（C210101）、分得股利或利润收到的现金（C210211）等。
- **投资活动现金流出**: 如购建固定资产支付的现金（C220101）、权益性投资支付的现金（C220211）等。
- **筹资活动现金流入**: 如吸收权益性投资收到的现金（C310101）、发行债券收到的现金（C310201）等。
- **筹资活动现金流出**: 如偿还债务支付的现金（C320101）、分配股利支付的现金（C320301）等。

其他重要字段包括：

- **汇率变动对现金的影响**（C410101）。
- **净利润**（C411001）及相关财务调整项目。
- **期初和期末现金及现金等价物余额**（C413201, C413301）。
- **现金及现金等价物净增加额**（C410201）。","",0,,,1,,"2024-09-20 14:44:30",,"2025-01-23 12:58:45",
580,JULING,MYSQL,juling,"30167",利润表（通用）,VIEW_STK_INCOME_GEN,"主键：COMCODE+RPT_DATE+STARTDATE+ENDDATE+RPT_TYPE,使用说明： [1]本表COMCODE关联ORG_PROFILE.ORGCODE获得公司基本信息。[2]本表从2017年5月17日开始停止维护新三板数据，需要新三板数据请在新三板库查找。使用说明：[1]本表COMCODE关联ORG_PROFILE.ORGCODE获得公司基本信息。[2]本表从2017年5月17日开始停止维护新三板数据，需要新三板数据请在新三板库查找。","""表格“VIEW_STK_INCOME_GEN”即“利润表（通用）”用于记录和分析公司的财务表现，特别是收入和成本的详细信息。该表格的主键由公司代码（COMCODE）、报表日期（RPT_DATE）、数据期间开始日期（STARTDATE）、数据期间截止日期（ENDDATE）和报表合并类型（RPT_TYPE）组成。字段包括：

- ISVALID：标识记录是否有效。
- COMCODE：公司代码，用于关联公司基本信息。
- RPT_DATE：报表日期，表示财报的最新会计期间。
- STARTDATE和ENDDATE：数据期间的开始和截止日期。
- RPT_TYPE：报表合并类型，区分合并报表和母公司报表。
- PAR_COM：标识是否为母公司数导入。
- RPT_SRC：报表来源，如季度报、年报等。
- A_STOCKCODE和A_STOCKSNAME：A股代码及简称。
- B_STOCKCODE和B_STOCKSNAME：B股代码及简称。
- 各类收入和成本字段（如P110100营业总收入、P110101营业收入、P110112折扣与折让等）记录公司在不同业务活动中的财务数据。
- 各类费用和损失字段（如P120442销售费用、P120412营业费用、P120422管理费用等）记录公司在运营过程中发生的费用。
- 各类利润字段（如P120101主营业务利润、P130101营业利润、P140101利润总额等）记录公司在不同业务活动中的利润情况。
- 各类税费和调整字段（如P140202所得税、P131001以前年度所得税调整等）记录公司在财务报表中的税费和调整信息。
- 各类综合收益字段（如P250100其他综合收益、P260100综合收益总额等）记录公司在财务报表中的综合收益信息。
- DECLAREDATE：公告日期。

该表格自2017年5月17日起停止维护新三板数据，需在新三板库查找相关数据。主键为COMCODE+RPT_DATE+STARTDATE+ENDDATE+RPT_TYPE。""","",0,,,1,,"2024-09-20 14:44:31",,"2025-01-23 12:58:45",
581,JULING,MYSQL,juling,"30168",科创板公司资产负债表,VIEW_STI_BALA_GEN,"主键：COMCODE+RPT_DATE+ENDDATE+RPT_TYPE,含义说明： [1]本表记录科创板公司资产负债表的信息。使用说明：[1]本表COMCODE关联STI_COM_PROFILE.COMCODE获得公司基本信息。","""表格“VIEW_STI_BALA_GEN”即“科创板公司资产负债表”，记录了科创板公司资产负债的详细信息。该表的主键由公司代码（COMCODE）、报表日期（RPT_DATE）、截止日期（ENDDATE）和报表合并类型（RPT_TYPE）组成。字段包括：

- ISVALID：标识记录是否有效。
- COMCODE：公司代码，用于关联公司基本信息。
- RPT_DATE：报表日期，指报表披露的最新会计期间。
- ENDDATE：数据期间截止日期。
- RPT_TYPE：报表合并类型，区分合并或母公司报表。
- RPT_SRC：报表来源。
- DECLAREDATE：公告日期。
- PAR_COM：是否母公司数导入。

资产类字段涵盖货币资金、结算备付金、拆出资金、应收保费、交易性金融资产、短期投资、应收账款、存货、待摊费用、工程施工、持有待售资产、长期投资、固定资产、无形资产、递延所得税资产、其他非流动资产等，均以元为单位。

负债类字段包括向中央银行借款、吸收存款、短期借款、应付账款、应付职工薪酬、应交税费、预计负债、长期借款、应付债券、递延所得税负债、其他非流动负债等，均以元为单位。

股东权益类字段涉及实收资本、资本公积金、盈余公积、未分配利润、其他综合收益、归属于母公司所有者权益、少数股东权益等，均以元为单位。

此外，表格还包括流动资产、非流动资产、流动负债、非流动负债、股东权益的合计和差额字段，以及负债和股东权益总计。所有字段的数值类别为NUMERIC，除非特别说明。主键为COMCODE+RPT_DATE+ENDDATE+RPT_TYPE。""","",0,,,1,,"2024-09-20 14:44:29",,"2024-10-16 17:58:16",
582,JULING,MYSQL,juling,"30169",科创板公司现金流量表,VIEW_STI_CASH_GEN,"主键：COMCODE+RPT_DATE+STARTDATE+ENDDATE+RPT_TYPE,含义说明： [1]本表记录科创板公司现金流量表的信息。使用说明：[1]本表COMCODE关联STI_COM_PROFILE.COMCODE获得公司基本信息。","""该表格名为“VIEW_STI_CASH_GEN”，中文名为“科创板公司现金流量表”，用于记录科创板公司现金流量的详细信息。表格中的字段包括：

- **ISVALID**: 表示记录是否有效，1为有效。
- **COMCODE**: 公司代码，用于关联公司基本信息。
- **DECLAREDATE**: 公告日期。
- **RPT_DATE**: 报表日期，指报表披露的最新会计期间。
- **STARTDATE**: 数据期间开始日期。
- **ENDDATE**: 数据期间截止日期。
- **RPT_TYPE**: 报表合并类型，指合并或母公司。
- **PAR_COM**: 是否母公司数导入，0为否，1为是。
- **RPT_SRC**: 报表来源。

现金流量相关字段包括：

- **经营活动现金流入**: 如销售商品、提供劳务收到的现金（C110101）、收到的租金（C110201）、收到的增值税销项税款（C110311）等。
- **经营活动现金流出**: 如购买商品支付的现金（C120101）、支付给职工的现金（C120301）、支付的增值税款（C120411）等。
- **投资活动现金流入**: 如收回投资收到的现金（C210101）、分得股利或利润收到的现金（C210211）等。
- **投资活动现金流出**: 如购建固定资产支付的现金（C220101）、权益性投资支付的现金（C220211）等。
- **筹资活动现金流入**: 如吸收权益性投资收到的现金（C310101）、发行债券收到的现金（C310201）等。
- **筹资活动现金流出**: 如偿还债务支付的现金（C320101）、分配股利支付的现金（C320301）等。

其他重要字段包括：

- **汇率变动对现金的影响**（C410101）。
- **净利润**（C411001）及相关财务调整项目。
- **期初和期末现金及现金等价物余额**（C413201, C413301）。
- **现金及现金等价物净增加额**（C410201）。

表格的主键由COMCODE、RPT_DATE、STARTDATE、ENDDATE和RPT_TYPE组成，用于唯一标识每条记录。股利支付相关信息也在本表中。","",0,,,1,,"2024-09-20 14:44:29",,"2024-10-25 10:24:08",
583,JULING,MYSQL,juling,"30170",科创板公司利润表,VIEW_STI_INCOME_GEN,"主键：COMCODE+RPT_DATE+STARTDATE+ENDDATE+RPT_TYPE,含义说明： [1]本表记录上市公司及发债公司三大财务报表的损益表信息,反映了这段时间的销售收入、销售成本、经营费用及税收状况,结果反映公司实现的利润或形成的亏损。使用说明：
[1]本表COMCODE关联STI_COM_PROFILE.COMCODE获得公司基本信息。","""表格“VIEW_STI_INCOME_GEN”是科创板公司利润表，记录了上市公司及发债公司的损益信息，反映了在特定期间内的销售收入、销售成本、经营费用及税收状况，最终展示公司实现的利润或亏损情况。该表格的字段包括：

- **ISVALID**: 表示记录是否有效，1为有效。
- **COMCODE**: 公司代码，用于关联公司基本信息。
- **DECLAREDATE**: 公告日期。
- **RPT_DATE**: 报表日期。
- **STARTDATE**: 数据期间开始日期。
- **ENDDATE**: 数据期间截止日期。
- **RPT_TYPE**: 报表合并类型，指示是否为合并或母公司报表。
- **PAR_COM**: 是否母公司数导入，0为否，1为是。
- **RPT_SRC**: 报表来源。
- **P110100**至**P260102**: 这些字段涵盖了营业总收入、营业收入、折扣与折让、利息收入、已赚保费、手续费及佣金收入、其他业务收入、主营业务收入净额、影响营业收入的其他科目、营业总成本、营业成本、利息支出、手续费及佣金支出、研发费用、退保金、赔付支出净额、提取保险合同准备金净额、保单红利支出、分保费用、其他业务成本、影响营业成本的其他科目、营业税金及附加、影响主营业务利润特殊项目合计、主营业务利润、其他业务利润、存货跌价损失、销售费用、营业费用、管理费用、财务费用、期间费用、进货费用、勘探费用、汇兑损益、资产减值损失、营业总成本特殊项目合计、营业利润、投资收益、期货损益、补贴收入、营业外收入、以前年度损益调整、营业外支出、影响利润总额的其他科目、营业外收支净额、分给外单位利润、以前年度所得税调整、利润总额、所得税、影响净利润的其他科目、少数股东损益、未弥补子公司亏损、应交特种基金、职工奖励及福利基金、购并利润、未确认的投资损失、所得税返还、不应负担的子公司本年亏损、子公司弥补超额亏损的本年收益、净利润、持续经营净利润、终止经营净利润、归属于母公司所有者的净利润、被合并方在合并前实现的净利润、净利润其他子项、年初未分配利润、其他转入、盈余公积转入数、年初未分配利润调整、减少注册资本减少的未分配利润、外币报表折算差额、非正常经营项目收益调整、股份公司成立前利润分配、住房周转金转入数、影响可供分配的利润特殊项目合计、可供分配的利润、提取法定盈余公积金、提取法定公益金、提取职工奖励福利基金、提取储备基金、提取企业发展基金、利润归还投资、影响可供股东分配利润的特殊项目合计、可供股东分配的利润、应付优先股股利、提取任意盈余公积金、应付普通股股利、转作股本的普通股股利、影响未分配利润的特殊项目合计、未分配利润、出售、处置部门或被投资单位所得收益、自然灾害发生的损失、会计政策变更增加(或减少)利润总额、会计估计变更增加(或减少)利润总额、债务重组损失、其他、基本每股收益、稀释每股收益、其他综合收益、归属母公司所有者的其他综合收益的税后净额、以后会计期间在满足规定条件时将重分类进损益的其他综合收益项目、权益法下在被投资单位以后将重分类进损益的其他综合收益中享有的份额、可供出售金融资产公允价值变动损益、持有至到期投资重分类为可供出售金融资产损益、现金流量套期损益的有效部分、外币财务报表折算差额、其他、以后不能重分类进损益的其他综合收益其他项目、以后不能重分类进损益的其他综合收益平衡项目、以后会计期间不能重分类进损益的其他综合收益项目、重新计量设定受益计划净负债或净资产的变动、权益法下在被投资单位不能重分类进损益的其他综合收益中享有的份额、归属于少数股东的其他综合收益的税后净额、以后将重分类进损益的其他综合收益其他项目、以后将重分类进损益的其他综合收益平衡项目、其他综合收益其它明细项目、综合收益平衡项目、其他综合收益平衡项目、归属母公司所有者的其他综合收益其他项目、归属母公司所有者的其他综合收益平衡项目、综合收益总额、归属于母公司所有者的综合收益总额、归属于少数股东的综合收益总额。

主键为COMCODE、RPT_DATE、STARTDATE、ENDDATE和RPT_TYPE。""","",0,,,1,,"2024-09-20 14:44:30",,"2024-10-16 17:47:34",
584,JULING,MYSQL,juling,"30171",主板公司财务指标表,VIEW_STK_FIN_IDX,主板公司财务指标表（VIEW_STK_FIN_IDX）记录了上市公司主要财务指标情况（请注意：这里是数据是指从当年的1月1日至ENDDATE区间内的【累计值】结果），数据来源于上市公司财务报告的主要财务数据和指标相关披露。该表包含多个字段，首先是ISVALID字段，用于标识记录是否有效。COMCODE字段表示公司代码，RPT_DATE和ENDDATE分别表示报表日期和截止日期。RPT_SRC字段记录数据来源，如招股说明书、年报等。财务指标包括归属于母公司净利润（F110101）、扣除非经常性损益后的净利润（F110201）、归属于母公司净资产（F110301）、未分配利润（F110401）、资本公积（F110501）、以及国际准则下的净利润（F110601）、净资产（F110701）、每股收益（F110801）、净资产收益率（F110901）等。基本每股收益（F111001）、稀释每股收益（F111101）、扣除非经常性损益后的每股收益（F111201）及其变种也在表中记录。净资产收益率（F111601）、加权净资产收益率（F111701）、以及扣除非经常性损益后的净资产收益率（F111801）等指标也被详细记录。表中还包括每股经营活动产生的现金流量净额（F112001）、主营业务利润和营业利润的相关收益率和每股收益指标。非经常性损益（F112901）也被记录。A股和B股的代码及简称（A_STOCKCODE、A_STOCKSNAME、B_STOCKCODE、B_STOCKSNAME）也在表中。全面摊薄每股收益（F111111）和公告日期（DECLAREDATE）是其他重要字段。主键由COMCODE、RPT_DATE和ENDDATE组成。,主板公司财务指标表（VIEW_STK_FIN_IDX）记录了上市公司主要财务指标情况（请注意：这里是数据是指从当年的1月1日至ENDDATE区间内的【累计值】结果），数据来源于上市公司财务报告的主要财务数据和指标相关披露。该表包含多个字段，首先是ISVALID字段，用于标识记录是否有效。COMCODE字段表示公司代码，RPT_DATE和ENDDATE分别表示报表日期和截止日期。RPT_SRC字段记录数据来源，如招股说明书、年报等。财务指标包括归属于母公司净利润（F110101）、扣除非经常性损益后的净利润（F110201）、归属于母公司净资产（F110301）、未分配利润（F110401）、资本公积（F110501）、以及国际准则下的净利润（F110601）、净资产（F110701）、每股收益（F110801）、净资产收益率（F110901）等。基本每股收益（F111001）、稀释每股收益（F111101）、扣除非经常性损益后的每股收益（F111201）及其变种也在表中记录。净资产收益率（F111601）、加权净资产收益率（F111701）、以及扣除非经常性损益后的净资产收益率（F111801）等指标也被详细记录。表中还包括每股经营活动产生的现金流量净额（F112001）、主营业务利润和营业利润的相关收益率和每股收益指标。非经常性损益（F112901）也被记录。A股和B股的代码及简称（A_STOCKCODE、A_STOCKSNAME、B_STOCKCODE、B_STOCKSNAME）也在表中。全面摊薄每股收益（F111111）和公告日期（DECLAREDATE）是其他重要字段。主键由COMCODE、RPT_DATE和ENDDATE组成。当对本表格进行聚合计算时，请特别注意：对于【累计值】的表格，应尽量根据具体的截面时间来获得相关的具体值，而不是根据每个值进行聚合，因为每个值是累计的。,"",0,,,1,,"2024-09-20 14:44:31",,"2025-02-02 12:08:32",
585,JULING,MYSQL,juling,"30172",科创板财务指标表-累计值,VIEW_STI_FIN_IDX,科创板财务指标表-累计值（VIEW_STI_FIN_IDX）记录了科创板上市公司季度的财务指标信息（特别注意：从当年1月累计到该季度的数值，从当年的1月1日至ENDDATE区间内的【累计值】结果），主要用于分析公司财务状况和经营成果。该表的主键由公司代码（COMCODE）、报表日期（RPT_DATE）、数据期间开始日期（STARTDATE）、数据期间截止日期（ENDDATE）和报表类型（RPT_TYPE）组成。表中的字段包括：\n\n- ISVALID：标识记录是否有效。\n- COMCODE：公司代码，用于关联公司基本信息。\n- RPT_DATE、STARTDATE、ENDDATE：分别表示报表日期、数据期间开始和结束日期。\n- RPT_TYPE：报表类型。\n- RPT_TAG：报告期间，标识季度或年度。\n- DECLAREDATE：公告日期。\n- RPT_SRC：报表来源。\n- EPS、BPS、NOCFPSEED、PS_OR：分别表示基本每股收益、每股净资产、每股经营现金净流量和每股营业收入。\n- 各种比率和增长率指标，如销售净利率（SEL_NINT）、资产负债率（TA_TLIA）、净资产收益率（ROE）、总资产收益率（ROA_NP）、流动比率（LAB_FLO）、存货周转率（IVTO）等。\n- 现金流相关指标，如经营现金流净额（NOCF）、投资现金流净额（NINVCF）、筹资现金流净额（NFCGCF）。\n- 资产和负债相关指标，如流动资产（TCA）、固定资产（FXDA）、负债总计（TLIA）、股东权益合计（TSHHEQY）。\n- 其他财务指标，如毛利润（GP）、息税前利润（EBIT）、净利润（NP）、归属于母公司所有者的净利润（NEAPACOM）。\n\n这些字段涵盖了公司财务报表的各个方面，包括盈利能力、偿债能力、运营效率和现金流状况，帮助用户全面了解公司的财务健康状况。主键信息为COMCODE+RPT_DATE+STARTDATE+ENDDATE+RPT_TYPE。,科创板财务指标表-累计值（VIEW_STI_FIN_IDX）记录了科创板上市公司季度的财务指标信息（特别注意：从当年1月累计到该季度的数值，从当年的1月1日至ENDDATE区间内的【累计值】结果），主要用于分析公司财务状况和经营成果。该表的主键由公司代码（COMCODE）、报表日期（RPT_DATE）、数据期间开始日期（STARTDATE）、数据期间截止日期（ENDDATE）和报表类型（RPT_TYPE）组成。表中的字段包括：\n\n- ISVALID：标识记录是否有效。\n- COMCODE：公司代码，用于关联公司基本信息。\n- RPT_DATE、STARTDATE、ENDDATE：分别表示报表日期、数据期间开始和结束日期。\n- RPT_TYPE：报表类型。\n- RPT_TAG：报告期间，标识季度或年度。\n- DECLAREDATE：公告日期。\n- RPT_SRC：报表来源。\n- EPS、BPS、NOCFPSEED、PS_OR：分别表示基本每股收益、每股净资产、每股经营现金净流量和每股营业收入。\n- 各种比率和增长率指标，如销售净利率（SEL_NINT）、资产负债率（TA_TLIA）、净资产收益率（ROE）、总资产收益率（ROA_NP）、流动比率（LAB_FLO）、存货周转率（IVTO）等。\n- 现金流相关指标，如经营现金流净额（NOCF）、投资现金流净额（NINVCF）、筹资现金流净额（NFCGCF）。\n- 资产和负债相关指标，如流动资产（TCA）、固定资产（FXDA）、负债总计（TLIA）、股东权益合计（TSHHEQY）。\n- 其他财务指标，如毛利润（GP）、息税前利润（EBIT）、净利润（NP）、归属于母公司所有者的净利润（NEAPACOM）。\n\n这些字段涵盖了公司财务报表的各个方面，包括盈利能力、偿债能力、运营效率和现金流状况，帮助用户全面了解公司的财务健康状况。主键信息为COMCODE+RPT_DATE+STARTDATE+ENDDATE+RPT_TYPE。,"",0,,,1,,"2024-09-20 14:44:30",,"2025-01-23 15:11:05",
586,JULING,MYSQL,juling,"30173",科创板财务指标表-单季值,VIEW_STI_FIN_IDX_QTR,科创板财务指标表-单季值（VIEW_STI_FIN_IDX_QTR）记录了科创板上市公司单季度的财务指标信息（请注意：这里是指当季度这个区间的数据），主要用于分析公司财务状况和经营成果。该表的主键由公司代码（COMCODE）、报表日期（RPT_DATE）、数据期间开始日期（STARTDATE）、数据期间截止日期（ENDDATE）和报表类型（RPT_TYPE）组成。表中的字段包括：\n\n- ISVALID：标识记录是否有效。\n- COMCODE：公司代码，用于关联公司基本信息。\n- RPT_DATE、STARTDATE、ENDDATE：分别表示报表日期、数据期间开始和结束日期。\n- RPT_TYPE：报表类型。\n- RPT_TAG：报告期间，标识季度或年度。\n- DECLAREDATE：公告日期。\n- RPT_SRC：报表来源。\n- EPS、BPS、NOCFPSEED、PS_OR：分别表示基本每股收益、每股净资产、每股经营现金净流量和每股营业收入。\n- 各种比率和增长率指标，如销售净利率（SEL_NINT）、资产负债率（TA_TLIA）、净资产收益率（ROE）、总资产收益率（ROA_NP）、流动比率（LAB_FLO）、存货周转率（IVTO）等。\n- 现金流相关指标，如经营现金流净额（NOCF）、投资现金流净额（NINVCF）、筹资现金流净额（NFCGCF）。\n- 资产和负债相关指标，如流动资产（TCA）、固定资产（FXDA）、负债总计（TLIA）、股东权益合计（TSHHEQY）。\n- 其他财务指标，如毛利润（GP）、息税前利润（EBIT）、净利润（NP）、归属于母公司所有者的净利润（NEAPACOM）。\n\n这些字段涵盖了公司财务报表的各个方面，包括盈利能力、偿债能力、运营效率和现金流状况，帮助用户全面了解公司的财务健康状况。主键信息为COMCODE+RPT_DATE+STARTDATE+ENDDATE+RPT_TYPE。,科创板财务指标表-单季值（VIEW_STI_FIN_IDX_QTR）记录了科创板上市公司单季度的财务指标信息（请注意：这里是指当季度这个区间的数据），主要用于分析公司财务状况和经营成果。该表的主键由公司代码（COMCODE）、报表日期（RPT_DATE）、数据期间开始日期（STARTDATE）、数据期间截止日期（ENDDATE）和报表类型（RPT_TYPE）组成。表中的字段包括：\n\n- ISVALID：标识记录是否有效。\n- COMCODE：公司代码，用于关联公司基本信息。\n- RPT_DATE、STARTDATE、ENDDATE：分别表示报表日期、数据期间开始和结束日期。\n- RPT_TYPE：报表类型。\n- RPT_TAG：报告期间，标识季度或年度。\n- DECLAREDATE：公告日期。\n- RPT_SRC：报表来源。\n- EPS、BPS、NOCFPSEED、PS_OR：分别表示基本每股收益、每股净资产、每股经营现金净流量和每股营业收入。\n- 各种比率和增长率指标，如销售净利率（SEL_NINT）、资产负债率（TA_TLIA）、净资产收益率（ROE）、总资产收益率（ROA_NP）、流动比率（LAB_FLO）、存货周转率（IVTO）等。\n- 现金流相关指标，如经营现金流净额（NOCF）、投资现金流净额（NINVCF）、筹资现金流净额（NFCGCF）。\n- 资产和负债相关指标，如流动资产（TCA）、固定资产（FXDA）、负债总计（TLIA）、股东权益合计（TSHHEQY）。\n- 其他财务指标，如毛利润（GP）、息税前利润（EBIT）、净利润（NP）、归属于母公司所有者的净利润（NEAPACOM）。\n\n这些字段涵盖了公司财务报表的各个方面，包括盈利能力、偿债能力、运营效率和现金流状况，帮助用户全面了解公司的财务健康状况。主键信息为COMCODE+RPT_DATE+STARTDATE+ENDDATE+RPT_TYPE。,"",0,,,1,,"2024-09-20 14:44:30",,"2025-01-23 15:11:05",
587,JULING,MYSQL,juling,"30174",利润表-单季值,VIEW_STK_INCOME_GEN_QTR,"""表格“VIEW_STK_INCOME_GEN_QTR”即“利润表（通用-单季度）”记录了上市公司季报中的损益表信息，反映了单季度的销售收入、销售成本、经营费用及税收状况，最终展示公司实现的利润或亏损情况。该表适用于一般公司，不区分金融公司，若需查询金融类公司财务利润数据，请参考其他专用表。

字段包括：

- **COMCODE**: 公司代码，关联股票代码表和机构信息表以获取公司基本信息。
- **RPT_DATE**: 报表日期。
- **ENDDATE**: 数据期间截止日期。
- **RPT_TYPE**: 报表合并类型，标识合并或母公司。
- **RPT_YEAR**: 数据年份。
- **RPT_QTR**: 所属季度。
- **PAR_COM**: 是否母公司数导入。
- **RPT_SRC**: 报表来源。
- **A_STOCKCODE**: A股代码。
- **A_STOCKSNAME**: A股简称。
- **B_STOCKCODE**: B股代码。
- **B_STOCKSNAME**: B股简称。
- **P110100**: 营业总收入。
- **P110101**: 营业收入。
- **P110112**: 折扣与折让。
- **P110121**: 主营业务收入净额。
- **P110131**: 影响营业收入的其他科目。
- **P110200**: 营业总成本。
- **P110202**: 营业成本。
- **P110402**: 影响营业成本的其他科目。
- **P110302**: 营业税金及附加。
- **P120101**: 主营业务利润。
- **P120201**: 其他业务利润。
- **P120302**: 存货跌价损失。
- **P120442**: 销售费用。
- **P120412**: 营业费用。
- **P120422**: 管理费用。
- **P120432**: 财务费用。
- **P120402**: 期间费用。
- **P120502**: 进货费用。
- **P120702**: 勘探费用。
- **P120601**: 汇兑损益。
- **P131102**: 资产减值损失。
- **P131201**: 公允价值变动净收益。
- **P130101**: 营业利润。
- **P131301**: 影响营业利润的其他科目。
- **P130201**: 投资收益。
- **P130211**: 对联营企业和合营企业的投资收益。
- **P130301**: 期货损益。
- **P130401**: 补贴收入。
- **P130501**: 营业外收入。
- **P130601**: 以前年度损益调整。
- **P130702**: 营业外支出。
- **P130712**: 非流动资产处置净损失。
- **P131401**: 影响利润总额的其他科目。
- **P130801**: 营业外收支净额。
- **P130902**: 分给外单位利润。
- **P131001**: 以前年度所得税调整。
- **P140101**: 利润总额。
- **P140202**: 所得税。
- **P141202**: 影响净利润的其他科目。
- **P140302**: 少数股东损益。
- **P140402**: 未弥补子公司亏损。
- **P140502**: 应交特种基金。
- **P140602**: 职工奖励及福利基金。
- **P140702**: 购并利润。
- **P140801**: 未确认的投资损失。
- **P140901**: 所得税返还。
- **P141001**: 不应负担的子公司本年亏损。
- **P141101**: 子公司弥补超额亏损的本年收益。
- **P150101**: 净利润。
- **P160101**: 归属于母公司所有者的净利润。
- **P180101**: 被合并方在合并前实现的净利润。
- **P190101**: 净利润其他子项。
- **P210101**: 年初未分配利润。
- **P210201**: 其他转入。
- **P210301**: 盈余公积转入数。
- **P210401**: 年初未分配利润调整。
- **P210501**: 减少注册资本减少的未分配利润。
- **P210601**: 外币报表折算差额。
- **P210701**: 非正常经营项目收益调整。
- **P210802**: 股份公司成立前利润分配。
- **P210902**: 住房周转金转入数。
- **P220101**: 可供分配的利润。
- **P220202**: 提取法定盈余公积金。
- **P220302**: 提取法定公益金。
- **P220402**: 提取职工奖励福利基金。
- **P220502**: 提取储备基金。
- **P220602**: 提取企业发展基金。
- **P230101**: 可供股东分配的利润。
- **P230202**: 应付优先股股利。
- **P230302**: 提取任意盈余公积金。
- **P230402**: 应付普通股股利。
- **P230502**: 转作股本的普通股股利。
- **P240101**: 未分配利润。
- **P240201**: 出售、处置部门或被投资单位所得收益。
- **P240301**: 自然灾害发生的损失。
- **P240401**: 会计政策变更增加(或减少)利润总额。
- **P240501**: 会计估计变更增加(或减少)利润总额。
- **P240602**: 债务重组损失。
- **P240701**: 其他。
- **P240801**: 基本每股收益。
- **P240901**: 稀释每股收益。
- **ISVALID**: 是否有效，1表示有效。

主键为：COMCODE + RPT_DATE + ENDDATE + RPT_TYPE。""","""表格“VIEW_STK_INCOME_GEN_QTR”即“利润表（通用-单季度）”记录了上市公司季报中的损益表信息，反映了单季度的销售收入、销售成本、经营费用及税收状况，最终展示公司实现的利润或亏损情况。该表适用于一般公司，不区分金融公司，若需查询金融类公司财务利润数据，请参考其他专用表。

字段包括：

- **COMCODE**: 公司代码，关联股票代码表和机构信息表以获取公司基本信息。
- **RPT_DATE**: 报表日期。
- **ENDDATE**: 数据期间截止日期。
- **RPT_TYPE**: 报表合并类型，标识合并或母公司。
- **RPT_YEAR**: 数据年份。
- **RPT_QTR**: 所属季度。
- **PAR_COM**: 是否母公司数导入。
- **RPT_SRC**: 报表来源。
- **A_STOCKCODE**: A股代码。
- **A_STOCKSNAME**: A股简称。
- **B_STOCKCODE**: B股代码。
- **B_STOCKSNAME**: B股简称。
- **P110100**: 营业总收入。
- **P110101**: 营业收入。
- **P110112**: 折扣与折让。
- **P110121**: 主营业务收入净额。
- **P110131**: 影响营业收入的其他科目。
- **P110200**: 营业总成本。
- **P110202**: 营业成本。
- **P110402**: 影响营业成本的其他科目。
- **P110302**: 营业税金及附加。
- **P120101**: 主营业务利润。
- **P120201**: 其他业务利润。
- **P120302**: 存货跌价损失。
- **P120442**: 销售费用。
- **P120412**: 营业费用。
- **P120422**: 管理费用。
- **P120432**: 财务费用。
- **P120402**: 期间费用。
- **P120502**: 进货费用。
- **P120702**: 勘探费用。
- **P120601**: 汇兑损益。
- **P131102**: 资产减值损失。
- **P131201**: 公允价值变动净收益。
- **P130101**: 营业利润。
- **P131301**: 影响营业利润的其他科目。
- **P130201**: 投资收益。
- **P130211**: 对联营企业和合营企业的投资收益。
- **P130301**: 期货损益。
- **P130401**: 补贴收入。
- **P130501**: 营业外收入。
- **P130601**: 以前年度损益调整。
- **P130702**: 营业外支出。
- **P130712**: 非流动资产处置净损失。
- **P131401**: 影响利润总额的其他科目。
- **P130801**: 营业外收支净额。
- **P130902**: 分给外单位利润。
- **P131001**: 以前年度所得税调整。
- **P140101**: 利润总额。
- **P140202**: 所得税。
- **P141202**: 影响净利润的其他科目。
- **P140302**: 少数股东损益。
- **P140402**: 未弥补子公司亏损。
- **P140502**: 应交特种基金。
- **P140602**: 职工奖励及福利基金。
- **P140702**: 购并利润。
- **P140801**: 未确认的投资损失。
- **P140901**: 所得税返还。
- **P141001**: 不应负担的子公司本年亏损。
- **P141101**: 子公司弥补超额亏损的本年收益。
- **P150101**: 净利润。
- **P160101**: 归属于母公司所有者的净利润。
- **P180101**: 被合并方在合并前实现的净利润。
- **P190101**: 净利润其他子项。
- **P210101**: 年初未分配利润。
- **P210201**: 其他转入。
- **P210301**: 盈余公积转入数。
- **P210401**: 年初未分配利润调整。
- **P210501**: 减少注册资本减少的未分配利润。
- **P210601**: 外币报表折算差额。
- **P210701**: 非正常经营项目收益调整。
- **P210802**: 股份公司成立前利润分配。
- **P210902**: 住房周转金转入数。
- **P220101**: 可供分配的利润。
- **P220202**: 提取法定盈余公积金。
- **P220302**: 提取法定公益金。
- **P220402**: 提取职工奖励福利基金。
- **P220502**: 提取储备基金。
- **P220602**: 提取企业发展基金。
- **P230101**: 可供股东分配的利润。
- **P230202**: 应付优先股股利。
- **P230302**: 提取任意盈余公积金。
- **P230402**: 应付普通股股利。
- **P230502**: 转作股本的普通股股利。
- **P240101**: 未分配利润。
- **P240201**: 出售、处置部门或被投资单位所得收益。
- **P240301**: 自然灾害发生的损失。
- **P240401**: 会计政策变更增加(或减少)利润总额。
- **P240501**: 会计估计变更增加(或减少)利润总额。
- **P240602**: 债务重组损失。
- **P240701**: 其他。
- **P240801**: 基本每股收益。
- **P240901**: 稀释每股收益。
- **ISVALID**: 是否有效，1表示有效。

主键为：COMCODE + RPT_DATE + ENDDATE + RPT_TYPE。""",,0,,,1,,"2024-09-20 15:37:18",,"2025-01-23 15:11:05",
588,XT,MYSQL,FUND_INFO,"10056",基金经理净值年统计表,FUND_MANAGER_STATISTICS_YEAR,当查询基金经理个人的收益表现时，参照此表中的内容。表中存的是表征基金经理权益产品综合收益净值曲线的分年度统计的结果，包含最大回撤，夏普比，波动率，胜率，标准差，下行标准差等统计指标。,当查询基金经理个人的收益表现时，参照此表中的内容。表中存的是表征基金经理权益产品综合收益净值曲线的分年度统计的结果，包含最大回撤，夏普比，波动率，胜率，标准差，下行标准差等统计指标。,"PSN_HCODE, YEAR",0,,,1,,"2025-02-07 14:47:22",,"2025-02-07 14:50:44",
589,XT,MYSQL,FUND_INFO,"10057",基金产品业绩归因（个股、行业业绩贡献）表,FUND_STOCK_INTERVAL_CONTRIBUTION_VW,按年存储（BEGIN_DATE是年初第一天，END_DATE是年末最后一天）基金产品在这一年中，持有股票的平均权重和股票对基金年收益的贡献。也包括基金在申万一级二级三级上的收益分解。,当被问到基金在哪些股票，哪些行业上赚到钱了，或者收益归因，收益分解的时候使用该表。输出时需要将 STOCK_RETURN以及AVG_HOLDING_RATIO（或者它们两sum的值） 同时输出,,0,,,1,,"2025-02-08 13:19:35",,"2025-02-08 13:57:40",
