stockName,industryName
BAIYU Holdings,房地产
Abits Group Inc.,计算机
"Cheer Holding, Inc.",商贸零售
Prospect Energy Holdings Corp.,石油石化
Net Lease Office Properties,房地产
NCR Corp.,计算机
Agape ATP Corp.,医药生物
Kolibri Global Energy Inc,石油石化
Lithium Americas Corp.,有色金属
Birkenstock Holding Ltd.,纺织服饰
车车集团,汽车
Aris Mining Corp,有色金属
"FitLife Brands, Inc.",医药生物
VS Media Holdings Limited Class A,传媒
Maplebear Inc.,商贸零售
Healthy Green Group Holding Limited,食品饮料
"Klaviyo, Inc. Class A",计算机
"Neumora Therapeutics, Inc.",医药生物
"RayzeBio, Inc.",医药生物
"TKO Group Holdings, Inc.",轻工制造
99 Acquisition Group Inc. Class A,非银金融
10x Capital Venture Acquisition Corp. III Class A,非银金融
10X Capital Venture Acquisition Corp. III,非银金融
"Falcon's Beyond Global, Inc. Class A",社会服务
Boqii Holding Ltd. Sponsored ADR Class A,商贸零售
Nvni Group Limited,计算机
NKGen Biotech Inc.,医药生物
Lithium Americas (Argentina) Corp.,有色金属
"NCR Atleos, LLC",计算机
Syra Health Corp. Class A,医药生物
Globavend Holdings Ltd.,商贸零售
"DoorDash, Inc. Class A",商贸零售
Global Lights Acquisition Corp,非银金融
Hainan Sirius Acquisition Corp.,非银金融
CRH public limited company,建筑材料
Anglogold Ashanti PLC,有色金属
"Cooper Companies, Inc.",医药生物
Northann Corp.,交通运输
Global Engine Group Holding Limited,汽车
Haymaker Acquisition Corporation 4 Class A,非银金融
Keen Vision Acquisition Corporation,非银金融
WK Kellogg Co,食品饮料
"Turbo Energy, S.A. Sponsored ADR",电力设备
Safe and Green Development Corporation,环保
CDP Holdings Ltd.,计算机
Quetta Acquisition Corp.,非银金融
American Battery Technology Co.,电子
"Inpoint Commercial Real Estate Income, Inc. Class D",房地产
"Inpoint Commercial Real Estate Income, Inc. Class I",房地产
"Inpoint Commercial Real Estate Income, Inc. Class T",房地产
"Central Plains Bancshares, Inc.",银行
ARM Holdings PLC ADR,计算机
Nabors Energy Transition Corp. II Class A,石油石化
Almacenes Exito SA TEMP,商贸零售
Amerant Bancorp Inc. Class A,银行
Mobile Infrastructure Corp Class A,通信
大自然林业,农林牧渔
Simpple Ltd.,计算机
"First Foundation, Inc.",银行
Bukit Jalil Global Acquisition 1 Ltd.,非银金融
Sezzle Inc.,非银金融
RoyaLand Company Ltd Class B,房地产
Bowen Acquisition Corp,非银金融
"Inspire Veterinary Partners, Inc. Class A",社会服务
阿诺医药,医药生物
VinFast Auto Ltd.,汽车
华赢控股,房地产
LQR House Inc.,商贸零售
"NB Bancorp, Inc.",银行
Foremost Lithium Resource & Technology Ltd,有色金属
"Sacks Parente Golf, Inc.",轻工制造
Liberty Media Corp. Series A Liberty Live,传媒
Liberty Media Corp. Series C Liberty Live,传媒
Quantum Fintech Acquisition Corp.,非银金融
"Vitro Biopharma, Inc.",医药生物
"MIRA Pharmaceuticals, Inc.",医药生物
"BV Financial, Inc.",银行
"MDB Capital Holdings, LLC Class A",非银金融
"Cheetah Net Supply Chain Service, Inc. Class A",商贸零售
"Earlyworks Co., Ltd. Sponsored ADR",计算机
"Pixie Dust Technologies, Inc. Sponsored ADR",电子
"SR Bancorp, Inc.",银行
"AEON Biopharma, Inc. Class A",医药生物
"AEON Biopharma, Inc.",医药生物
Athena Technology Acquisition Corp. II Class A,非银金融
Athena Technology Acquisition Corp. II,非银金融
ESH Acquisition Corp. Class A,非银金融
BioNexus Gene Lab Corp,医药生物
Atlanta Braves Holdings Inc Class A,传媒
Atlanta Braves Holdings Inc Class C,传媒
Turnstone Biologics Corp.,医药生物
Complete Solaria Inc,公用事业
"Complete Solaria, Inc.",公用事业
Inflection Point Acquisition Corp. II Class A,非银金融
"Apogee Therapeutics, Inc.",医药生物
ODDITY Tech Ltd. Class A,计算机
"SharkNinja, Inc.",家用电器
Electrovaya Inc.,电子
"Pineapple Financial, Inc.",非银金融
"SRM Entertainment, Inc.",传媒
凯德工程,机械设备
"Surf Air Mobility, Inc.",交通运输
Corporacion Inmobiliaria Vesta S.A.B. de C.V. ADR,房地产
Alliance Entertainment Holding Corp Class A,传媒
"Kartoon Studios, Inc.",传媒
Alchemy Investments Acquisition Corp 1 Class A,非银金融
"Kodiak Gas Services, Inc.",石油石化
堂堂加,食品饮料
"Ramaco Resources, Inc.",煤炭
Argo集团国际控股,非银金融
Fidelis Insurance Holdings Ltd.,非银金融
Black Spade Acquisition Co. Class A,非银金融
"GEN Restaurant Group, Inc. Class A",食品饮料
C3is Inc.,计算机
Fortrea Holdings Inc.,商贸零售
Indivior PLC,医药生物
EVe Mobility Acquisition Corp. Class A,汽车
Webuy Global Ltd.,商贸零售
Ares Acquisition Corporation II Class A,非银金融
"CAVA Group, Inc.",食品饮料
"Fiserv, Inc.",计算机
BranchOut Food Inc.,食品饮料
Lafayette Energy Corp.,石油石化
51Talk,计算机
"60 Degrees Pharmaceuticals, Inc.",医药生物
Bowen Acquisition Corp Units Cons of 1 Sh + 1 Rt,非银金融
ATS Corporation,机械设备
OKYO Pharma Limited,医药生物
SEALSQ Corp,计算机
"Equity Bancshares, Inc. Class A",银行
"Origin Bancorp, Inc.",银行
Monogram Orthopaedics Inc,医药生物
Oak Woods Acquisition Corporation Class A,非银金融
Southern California Bancorp,银行
Four Leaf Acquisition Corporation Class A,非银金融
"Hanryu Holdings, Inc.",传媒
Knife River Corporation,建筑材料
Azitra Inc,医药生物
哥伦比亚广播-B When Distributed,传媒
PIMCO California Municipal Income Fund,非银金融
Pimco California Municipal Income Fund II,非银金融
PIMCO Income Strategy Fund,非银金融
PIMCO California Municipal Income Fund III,非银金融
PIMCO Municipal Income Fund,非银金融
Pimco Municipal Income Fund II,非银金融
Piper Sandler Companies,非银金融
Pinnacle食品,食品饮料
PIMCO Municipal Income Fund III,非银金融
品尼高西方资本,非银金融
PIMCO New York Municipal Income Fund,非银金融
Open Text Corporation,计算机
"OSI Systems, Inc.",电子
Optical Cable Corporation,电子
合宜银行,银行
"Alector, Inc.",医药生物
Chemomab Therapeutics Ltd. Sponsored ADR,医药生物
"Assembly Biosciences, Inc.",医药生物
"Flux Power Holdings, Inc.",电力设备
"CrossFirst Bankshares, Inc.",银行
快辑半导体,电子
"Vaccinex, Inc.",医药生物
诺华家具,轻工制造
Oportun Financial Corp.,非银金融
Advantage Solutions Inc Class A,商贸零售
Blue Owl Capital Corporation,非银金融
"First Seacoast Bancorp, Inc.",银行
"iHeartMedia, Inc. Class A",传媒
"iMedia Brands, Inc. Class A",传媒
"Pioneer Bancorp, Inc.",银行
STERIS plc,医药生物
蔚来,汽车
Partner Communications Co. Ltd. Sponsored ADR,通信
Nuveen AMT-Free Municipal Credit Income Fund,非银金融
"Castle Biosciences, Inc.",医药生物
"Richmond Mutual Bancorporation, Inc.",银行
"AssetMark Financial Holdings, Inc.",非银金融
DURECT Corporation,医药生物
Afya Limited Class A,医药生物
Maverix Metals Inc,有色金属
尚乘国际,非银金融
"Mirum Pharmaceuticals, Inc.",医药生物
"Fulcrum Therapeutics, Inc.",医药生物
"Phreesia, Inc.",计算机
"Medallia, Inc.",计算机
"Aspen Group, Inc.",社会服务
Inhibrx Inc,医药生物
"Skyward Specialty Insurance Group, Inc.",非银金融
"Morphic Holding, Inc.",医药生物
Adaptive Biotechnologies Corp.,医药生物
"Karuna Therapeutics, Inc.",医药生物
Genmab A/S Sponsored ADR,医药生物
凤凰新媒体,传媒
"TG Therapeutics, Inc.",医药生物
"Tetra Tech, Inc.",环保
德州仪器,电子
帕克俄亥俄控股,机械设备
"Pathfinder Bancorp, Inc.",银行
"Patrick Industries, Inc.",轻工制造
Paylocity Holding Corp.,计算机
博地能源,石油石化
PBF能源,石油石化
皮帕克格拉德斯通金融,非银金融
培生,传媒
佩恩国民博彩,社会服务
Peoples Financial Services Corp.,银行
"PennyMac Financial Services, Inc.",非银金融
Pebblebrook Hotel Trust,房地产
人民联合金融,非银金融
"Perficient, Inc.",计算机
PennyMac Mortgage Investment Trust,非银金融
PEDEVCO Corp.,石油石化
潘世奇汽车,汽车
PennantPark Floating Rate Capital Ltd.,非银金融
Performant Financial Corporation,非银金融
滨特尔,通信
Pegasystems Inc.,计算机
Peoples Bancorp Inc.,银行
Pembina Pipeline Corporation,石油石化
北加利福尼亚国民银行,银行
Perion Network Ltd,传媒
"Superior Group of Companies, Inc.",纺织服饰
"Supernus Pharmaceuticals, Inc.",医药生物
永明金融,非银金融
SunOpta Inc.,食品饮料
SunPower Corporation,电力设备
"SunCoke Energy, Inc.",煤炭
超微电脑,计算机
"Nuwellis, Inc.",医药生物
森科能源,煤炭
SuperCom Ltd.,通信
"Superior Drilling Products, Inc.",机械设备
"Superior Energy Services, Inc.",石油石化
硅谷银行,银行
Knight-Swift Transportation Holdings Inc. Class A,交通运输
Synaptics Incorporated,电子
"RE/MAX Holdings, Inc. Class A",房地产
Regal Rexnord Corporation,机械设备
Mexco Energy Corporation,石油石化
"MGP Ingredients, Inc.",食品饮料
Mexico Equity and Income Fund,非银金融
MFS Government Markets Income Trust,非银金融
"Mesa Laboratories, Inc.",医药生物
Mexico Fund,非银金融
"MFA Financial, Inc.",非银金融
"MGE Energy, Inc.",公用事业
美光科技,电子
"Comera Life Sciences Holdings, Inc.",医药生物
Brenmiller Energy Ltd,电力设备
"Avid Bioservices, Inc.",医药生物
"Agile Therapeutics, Inc.",医药生物
赛诺菲集团,医药生物
"Harpoon Therapeutics, Inc.",医药生物
"TCR2 Therapeutics, Inc.",医药生物
富途控股,非银金融
Stealth Biotherapeutics Corp Sponsored ADR,医药生物
未来金融科技,计算机
戴尔科技-C,计算机
"Gossamer Bio, Inc.",医药生物
Takeda Pharmaceutical Co. Ltd. Sponsored ADR,医药生物
MDU资源集团,煤炭
美佳工程,建筑装饰
美信集成产品,电子
美森特,家用电器
味好美,食品饮料
美赞臣,食品饮料
"Matson, Inc.",交通运输
"MAXIMUS, Inc.",社会服务
"Savara, Inc.",医药生物
美泰,轻工制造
Energem Corp. Class A,电力设备
"Allvue Systems Holdings, Inc. Class A",计算机
On Holding AG Class A,纺织服饰
Axonprime Infrastructure Acquisition Corp. Class A,非银金融
Millstreet Capital Acquisition Corp. Class A,非银金融
SEP Acquisition Corp Class A,非银金融
Enphys Acquisition Corp. Class A,非银金融
Thrive Acquisition Corp. Class A,非银金融
SPARK Education Ltd. ADR,传媒
奥凯发,电子
Sportradar Group AG Class A,传媒
Daojia Ltd. ADR,社会服务
Athena Consumer Acquisition Corp. Class A,商贸零售
iCIMS Holding Corp.,计算机
Arbe Robotics Ltd.,国防军工
World Quantum Growth Acquisition Corp. Class A,非银金融
MELI Kaszek Pioneer Corp. Class A,非银金融
"Toast, Inc. Class A",计算机
Nuvei Corp.,非银金融
"NerdWallet, Inc. Class A",非银金融
UNSDG Acquisition Corp. Class A,非银金融
"Ginkgo Bioworks Holdings, Inc. Class A",医药生物
"MiNK Therapeutics, Inc.",医药生物
New Found Gold Corp,有色金属
可口可乐欧洲太平洋合伙,食品饮料
"Sovos Brands, Inc.",食品饮料
Mirati Therapeutics Inc.,医药生物
米勒汽配,汽车
"MKS Instruments, Inc.",电子
米德尔赛克斯水务,公用事业
美国像素,电子
Platinum Group Metals Ltd.,有色金属
PIMCO New York Municipal Income Fund III,非银金融
Pioneer High Income Trust,非银金融
PIMCO Strategic Income Fund,非银金融
Plexus Corp.,电子
平潭海洋实业,农林牧渔
Pioneer Municipal High Income Advantage Trust,非银金融
普拉格能源,石油石化
Pioneer Municipal High Income Trust,非银金融
PNC金融服务,银行
Pinnacle金融,银行
先锋自然资源,农林牧渔
Plumas Bancorp,银行
"PNM Resources, Inc.",公用事业
"Pioneer Power Solutions, Inc.",电力设备
普益财富,非银金融
"Nexstar Media Group, Inc.",传媒
NewMarket Corporation,基础化工
"W&T Offshore, Inc.",石油石化
华盛顿联邦储蓄,银行
W. P. Carey Inc.,房地产
Washington Prime Group Inc.,房地产
"Walker & Dunlop, Inc.",非银金融
Elme Communities,房地产
沃那多房产信托,房地产
沃尔玛,商贸零售
United Security Bancshares,银行
雷神技术,国防军工
"UDR, Inc.",房地产
United States Antimony Corporation,有色金属
联合治疗,医药生物
Universal Electronics Inc.,电子
"ProPhase Labs, Inc.",医药生物
"PROS Holdings, Inc.",计算机
"Protalix Biotherapeutics, Inc.",医药生物
"Provident Financial Holdings, Inc.",银行
Onconova Therapeutics Inc.,医药生物
"ONE Gas, Inc.",公用事业
"One Liberty Properties, Inc.",房地产
Acer Therapeutics Inc.,医药生物
TG Venture Acquisition Corp. Class A,非银金融
Digital World Acquisition Corp. Class A,非银金融
Innovative International Acquisition Corp. Class A,非银金融
PHP Ventures Acquisition Corp. Class A,非银金融
Integrated Rail & Resources Acquisition Corp. Class A,非银金融
中国环保新材,环保
Nova Vision Acquisition Corp. Class A,非银金融
"Healthcare Triangle, Inc.",医药生物
Auna SAA ADR,医药生物
Waverley Capital Acquisition Corp. 1 Class A,非银金融
Renewable Energy Acquisition Corp. Class A,非银金融
"Guardforce AI Co., Ltd.",计算机
Definitive Healthcare Corp. Class A,医药生物
Bioplus Acquisition Corp. Class A,非银金融
"Society Pass, Inc.",商贸零售
AERWINS Technology Inc.Class A,通信
Iconic Sports Acquisition Corp. Class A,非银金融
Integral Acquisition Corp. 1 Class A,非银金融
Sigma Lithium Corporation,有色金属
"XORTX Therapeutics, Inc.",医药生物
IHS Holding Ltd.,通信
IsoPlexis Corp.,医药生物
"Arog Pharmaceuticals, Inc.",医药生物
"Paragon 28, Inc.",医药生物
"TDCX, Inc. ADR",社会服务
Jade Value Acquisition Corp. Class A,非银金融
Zalatoris II Acquisition Corp,非银金融
"Authentic Brands Group, Inc. Class A",商贸零售
Kensington Capital Acquisition Corp. V Class A,非银金融
"Semler Scientific, Inc.",医药生物
AEI Capforce II Investment Corp.,非银金融
Points.com Inc.,通信
浦项钢铁,钢铁
Post控股,商贸零售
北极星,公用事业
Power REIT,房地产
"Powell Industries, Inc.",电力设备
帕沃英蒂格盛,电力设备
Precision Drilling Corporation,机械设备
PPG工业,基础化工
"Preferred Apartment Communities, Inc.",房地产
普雷斯蒂奇,美容护理
Swiss Helvetia Fund,非银金融
"Synchronoss Technologies, Inc.",计算机
新聚思,计算机
Syndax Pharmaceuticals Inc,医药生物
Nuveen Pennsylvania Quality Municipal Income Fund,非银金融
Nuveen Municipal High Income Opportunity Fund,非银金融
Nuveen New York AMT-Free Quality Municipal Income Fund,非银金融
Nuveen Preferred and Income Term Fund,非银金融
Nuveen Real Asset Income and Growth Fund,非银金融
NVE Corporation,电子
Nuveen Real Estate Income Fund,房地产
英伟达,电子
Nuveen Select Maturities Municipal Fund,非银金融
西方石油,石油石化
"NVR, Inc.",房地产
Nuveen Select Tax Free Income Portfolio,非银金融
恩智浦,电子
Nuveen Virginia Quality Municipal Income Fund,非银金融
"Ocean Bio-Chem, Inc.",医药生物
UNUM保险,非银金融
农米良品,农林牧渔
"Americold Realty Trust, Inc.",房地产
"Sigma Additive Solutions, Inc.",机械设备
"Clipper Realty, Inc.",房地产
Sachem Capital Corp.,非银金融
"Bioverativ, Inc.",医药生物
"Ramaco Resources, Inc. Class A",煤炭
"Invitation Homes, Inc.",房地产
恩德拉生命科学,医药生物
"JELD-WEN Holding, Inc.",建筑材料
"AnaptysBio, Inc.",医药生物
"Jounce Therapeutics, Inc.",医药生物
Liberty Media Corp. Series C Liberty Formula One,传媒
Liberty Media Corp. Series A Liberty Formula One,传媒
ObsEva SA,医药生物
DCP Midstream LP,石油石化
"Leap Therapeutics, Inc.",医药生物
"NexTier Oilfield Solutions, Inc.",石油石化
Americas Gold and Silver Corp.,有色金属
AquaBounty Technologies Inc,农林牧渔
Verra Mobility Corp. Class A,通信
"HV Bancorp, Inc.",银行
"Tivity Health, Inc.",医药生物
"Sierra Oncology, Inc.",医药生物
"Yield10 Bioscience, Inc.",农林牧渔
"Camber Energy, Inc.",石油石化
"Hilton Grand Vacations, Inc.",社会服务
"Park Hotels & Resorts, Inc.",房地产
"Smith & Wesson Brands, Inc.",国防军工
Avadel Pharmaceuticals Plc Sponsored ADR,医药生物
LCI Industries,家用电器
"Apollo Endosurgery, Inc.",医药生物
甲骨文,计算机
"Orchid Island Capital, Inc.",房地产
"IVERIC bio, Inc.",医药生物
"Oragenics, Inc.",医药生物
欧力士,机械设备
OPKO保健,医药生物
奥玛特科技,电子
Oramed Pharmaceuticals Inc.,医药生物
Zurn Elkay Water Solutions Corporation,公用事业
雷诺美国,汽车
"RCI Hospitality Holdings, Inc.",社会服务
"Revance Therapeutics, Inc.",医药生物
"RF Industries, Ltd.",电子
里格尔制药,医药生物
Seven Hills Realty Trust,房地产
Madison Square Garden Entertainment Corp.,传媒
"Clearwater Analytics Holdings, Inc. Class A",计算机
"Freshworks, Inc. Class A",计算机
InvenTrust Properties Corp,房地产
"FreeCast, Inc.",传媒
Tecnoglass Inc.,建筑材料
Arbor Rapha Capital Bioholdings Corp. I Class A,医药生物
"HeartBeam, Inc.",医药生物
Sarcos Technology and Robotics Corporation,机械设备
"Old Dominion Freight Line, Inc.",交通运输
OFG Bancorp,银行
摩丁制造,机械设备
三菱日联金融集团,银行
"Willdan Group, Inc.",社会服务
威玛克工贸,商贸零售
WhiteWave Foods Company,食品饮料
Amerco Series N Non-Voting,非银金融
温尼巴格实业,汽车
威廉姆斯,石油石化
F&G Annuities & Life Inc,非银金融
威廉姆斯-索诺玛,商贸零售
全食食品超市,商贸零售
威利斯融资租赁,非银金融
信达金融,非银金融
WidePoint Corporation,通信
Wipro Limited Sponsored ADR,计算机
"Wireless Telecom Group, Inc.",通信
Wix.com Ltd.,计算机
沃思控股,电子
"TKO Group Holdings, Inc.",商贸零售
沃尔弗林集团,机械设备
沃辛顿工业,机械设备
"Woodward, Inc.",电力设备
Drive Shack Inc.,社会服务
AGBA Group Holding Limited,非银金融
Celularity Inc. Class A,医药生物
InMode Ltd.,医药生物
Borr Drilling Limited,石油石化
Intercorp Financial Services Inc.,非银金融
"Dynatrace, Inc.",计算机
"RAPT Therapeutics, Inc.",医药生物
Vista Energy SAB de CV Sponsored ADR Class A,石油石化
"Kura Sushi USA, Inc. Class A",食品饮料
"CNS Pharmaceuticals, Inc.",医药生物
黑石集团,非银金融
"Livongo Health, Inc.",医药生物
"Health Catalyst, Inc.",医药生物
Sunnova Energy International Inc,公用事业
Microbot Medical Inc,医药生物
"KalVista Pharmaceuticals, Inc.",医药生物
"Genius Brands International, Inc.",传媒
"FlexShopper, Inc.",商贸零售
"Limbach Holdings, Inc.",建筑装饰
Atomera Incorporated,电子
Inseego Corp.,通信
"SenesTech, Inc.",医药生物
CervoMed Inc.,医药生物
"Hostess Brands, Inc. Class A",食品饮料
"Albireo Pharma, Inc.",医药生物
Great Elm Capital Corp,非银金融
"Xenetic Biosciences, Inc.",医药生物
"Smart Sand, Inc.",煤炭
Howmet Aerospace Inc.,机械设备
"Quality Care Properties, Inc.",房地产
百胜中国,食品饮料
Prothena Corp. Plc,医药生物
"Proto Labs, Inc.",机械设备
Prudential Global Short Duration High Yield Fund,非银金融
"Prosperity Bancshares, Inc.(R)",银行
"Axonics, Inc.",医药生物
Orchard Therapeutics Plc Sponsored ADR,医药生物
"Grid Dynamics Holdings, Inc. Class A",计算机
OFS Credit Company,非银金融
Twist Bioscience Corp.,医药生物
StoneCo Ltd. Class A,商贸零售
CollPlant Biotechnologies Ltd,医药生物
"Virobay, Inc.",医药生物
Selina Hospitality PLC,社会服务
Cedarlake Acquisition Corp.,非银金融
拍明芯城,电子
Deep Medicine Acquisition Corp. Class A,医药生物
Argo Blockchain PLC ADR,通信
"Warby Parker, Inc. Class A",商贸零售
"BTCS, Inc.",通信
"Portillo's, Inc. Class A",食品饮料
BlackSky Technology Inc Class A,国防军工
"First Watch Restaurant Group, Inc.",食品饮料
"Vita Coco Company, Inc.",食品饮料
Blue Whale Acquisition Corp. I Class A,非银金融
a.k.a. Brands Holding Corp.,纺织服饰
LumiraDx Limited,医药生物
"IonQ, Inc.",计算机
Blockchain Coinvestors Acquisition Corp. I Class A,非银金融
SatixFy Communications Ltd.,通信
VersaBank,银行
"Benson Hill, Inc.",农林牧渔
TCF Financial Corporation,银行
"Granite Ridge Resources, Inc.",石油石化
"AvidXchange Holdings, Inc.",计算机
CION Investment Corp.,非银金融
"Gitlab, Inc. Class A",计算机
WinVest Acquisition Corp.,非银金融
FGI Industries Ltd.,家用电器
"Shapeways Holdings, Inc.",计算机
"BullFrog AI Holdings, Inc.",医药生物
Caravelle International Group,商贸零售
安科投资,非银金融
"AYRO, Inc.",汽车
药明康德,医药生物
XPO物流,交通运输
WVS Financial Corp.,银行
WPP Plc Sponsored ADR,传媒
Travel + Leisure Co.,交通运输
"Workday, Inc. Class A",计算机
"Vislink Technologies, Inc.",通信
XTL Biopharmaceuticals Ltd. Sponsored ADR,医药生物
永利度假,社会服务
World Acceptance Corporation,非银金融
赛灵思,电子
学大教育,社会服务
鑫苑置业,房地产
迅雷,通信
World Kinect Corporation,公用事业
"Xencor, Inc.",医药生物
赛莱默,电子
WSFS Financial Corporation,非银金融
标记临床研究,医药生物
保富银行,银行
PPL能源,电力设备
"Beyond Meat, Inc.",食品饮料
Silvergate Capital Corp. Class A,非银金融
"Creative Realities, Inc.",计算机
泰瑞达,计算机
"Bain Capital Specialty Finance, Inc.",非银金融
Legacy Housing Corporation,房地产
"Moderna, Inc.",医药生物
DiaMedica Therapeutics Inc.,医药生物
蘑菇街,商贸零售
New Fortress Energy Inc. Class A,石油石化
"Alpha Metallurgical Resources, Inc.",煤炭
Pulmatrix Inc,医药生物
悦航阳光,交通运输
Avalon GloboCare Corp.,医药生物
"Alithya Group, Inc. Class A",计算机
"Guardion Health Sciences, Inc.",医药生物
"Tempest Therapeutics, Inc.",医药生物
Linde plc,基础化工
Equitrans Midstream Corporation,石油石化
"AMN Healthcare Services, Inc.",社会服务
海天网络,传媒
艾伯顿收购,非银金融
"Roku, Inc. Class A",传媒
Venus Concept Inc,美容护理
"Deciphera Pharmaceuticals, Inc.",医药生物
"DuPont de Nemours, Inc.",基础化工
Micro Focus International plc Sponsored ADR,计算机
Sol-Gel Technologies Ltd.,医药生物
"Gravitas Education Holdings, Inc. Sponsored ADR Class A",社会服务
安博教育,社会服务
"Opiant Pharmaceuticals, Inc.",医药生物
寺库,商贸零售
Celcuity Inc.,医药生物
"Krystal Biotech, Inc.",医药生物
"Mustang Bio, Inc.",医药生物
"Accel Entertainment, Inc. Class A",传媒
再鼎医药,医药生物
"Chicken Soup for the Soul Entertainment, Inc. Class A",传媒
Kirkland Lake Gold Ltd.,有色金属
"Despegar.com, Corp.",交通运输
天地荟,商贸零售
"DermTech, Inc.",医药生物
American Virtual Cloud Technologies Inc,计算机
Pulmonx Corp.,医药生物
瑞图生态,环保
Eastside Distilling Inc,食品饮料
"HF Foods Group, Inc.",食品饮料
Citius Pharmaceuticals Inc,医药生物
"Zillow Group, Inc. Class C",房地产
综合媒体科技,传媒
普林斯顿银行,银行
"Tyme Technologies, Inc.",医药生物
Caledonia Mining Corporation PLC,有色金属
"Genprex, Inc.",医药生物
"BIO-key International, Inc.",计算机
"Concrete Pumping Holdings, Inc. Class A",机械设备
Sitio Royalties Corp. Class A,房地产
JBG SMITH Properties,房地产
Lithium Americas Corp,有色金属
"Nemaura Medical, Inc.",医药生物
Avaya Holdings Corp.,通信
华米科技,计算机
"Cardlytics, Inc.",商贸零售
"Cactus, Inc. Class A",机械设备
"Victory Capital Holdings, Inc. Class A",非银金融
"Rekor Systems, Inc. Class B",计算机
快而精医药,医药生物
"Evolus, Inc.",医药生物
"Motus GI Holdings, Inc.",医药生物
Central Puerto S.A. Sponsored ADR,公用事业
"Liberty Energy, Inc. Class A",石油石化
Nutrien Ltd.,农林牧渔
Liberty Latin America Ltd. Class C,通信
Riverview Financial Corp.,银行
"Eton Pharmaceuticals, Inc.",医药生物
"PaySign, Inc. Class B",非银金融
Amalgamated Financial Corp,银行
Rattler Midstream LP,石油石化
"Elanco Animal Health, Inc.",医药生物
积云媒体,传媒
Alarum Technologies Ltd.,计算机
"Necessity Retail REIT, Inc. Class A",房地产
PCB Bancorp,银行
"Aridis Pharmaceuticals, Inc.",医药生物
品钛,计算机
Repay Holdings Corp. Class A,非银金融
Mesa Air Group Inc,交通运输
Brooge Energy Ltd.,石油石化
泛华金融,非银金融
"Mid-Southern Bancorp, Inc.",银行
Cyngn Inc.,计算机
瑞德,医药生物
"Vicarious Surgical, Inc. Class A",医药生物
Belong Acquisition Corp. Class A,非银金融
COPT Defense Properties,国防军工
Metals Acquisition Limited,有色金属
达闼科技,计算机
Sancai Holding Group Ltd.,轻工制造
Intelligent Living Application Group Incorporation,家用电器
Keter Group SA,轻工制造
"Intrinsic Medicine, Inc.",医药生物
Andretti Acquisition Corp. Class A,非银金融
Portage Fintech Acquisition Corp. Class A,非银金融
Kimbell Tiger Acquisition Corp. Class A,非银金融
"Pyxis Oncology, Inc.",医药生物
Hanover Bancorp Inc,银行
10x Capital Venture Acquisition Corp. II Class A,非银金融
Golden Ventures Acquisition Corp.,非银金融
Lilium N.V. Class A,国防军工
Valens Semiconductor Ltd.,电子
"Olaplex Holdings, Inc.",美容护理
Lucid Diagnostics Inc.,医药生物
"Dutch Bros, Inc. Class A",食品饮料
Alpha Star Acquisition Corp.,非银金融
"Fresh Market, Inc.",商贸零售
"Brilliant Earth Group, Inc. Class A",商贸零售
Bone Biologics Corp.,医药生物
Foresight Acquisition Corp. II,非银金融
Seaport Calibre Materials Acquisition Corp. Class A,建筑材料
"Aspire Global, Inc.",通信
TMC the metals company Inc.,有色金属
Phoenix Biotech Acquisition Corp. Class A,医药生物
Banyan Acquisition Corp. Class A,非银金融
奇富科技,电子
"vTv Therapeutics, Inc. Class A",医药生物
Regency Centers Corporation,房地产
Clarivate PLC,计算机
"PeerStream, Inc.",传媒
RiverNorth Opportunistic Municipal Income Fund,非银金融
Bank First Corp,银行
海川证券,非银金融
团车,汽车
Centrexion Therapeutics Corp.,医药生物
"Vapotherm, Inc.",医药生物
"Qualtrics International, Inc. Class A",计算机
"Reviva Pharmaceuticals Holdings, Inc.",医药生物
Eagle Point Income Company,非银金融
"Arcosa, Inc.",机械设备
超威半导体,电子
"Resideo Technologies, Inc.",计算机
宏盟集团,建筑材料
"Omega Healthcare Investors, Inc.",社会服务
OFS Capital Corp.,非银金融
"Personalis, Inc.",医药生物
科迪华农业科技,农林牧渔
Biophytis SA ADR,医药生物
G Medical Innovations Holdings Ltd,医药生物
OrganiGram Holdings Inc,医药生物
Fiverr International Ltd.,社会服务
EQONEX LIMITED,非银金融
"CrowdStrike Holdings, Inc. Class A",计算机
Grocery Outlet Holding Corp.,商贸零售
Whole Earth Brands Inc Class A,食品饮料
Shift Technologies Inc Class A,汽车
小i机器人,计算机
Aterian Inc,家用电器
嘉银金科,非银金融
Signature Bank,银行
"Shore Bancshares, Inc.",银行
"SIFCO Industries, Inc.",机械设备
西格内特珠宝,美容护理
Sharps Compliance Corp.,环保
Sify Technologies Limited Sponsored ADR,通信
肖氏通信,通信
"Shutterfly, Inc.",传媒
矽晶电信,通信
谢南多厄电讯,通信
"Shutterstock, Inc.",传媒
宣伟,医药生物
SSR Mining Inc,有色金属
芯科实验室,电子
喜玛庆国际,食品饮料
Wheaton Precious Metals Corp,有色金属
慧荣科技,电子
Silvercrest Asset Management Group Inc. Class A,非银金融
奇点未来,计算机
西蒙斯第一国民银行,银行
"EyePoint Pharmaceuticals, Inc.",医药生物
"Quince Therapeutics, Inc.",医药生物
"Milestone Pharmaceuticals, Inc.",医药生物
"Mayville Engineering Company, Inc.",机械设备
"Applied Therapeutics, Inc.",医药生物
"NextCure, Inc.",医药生物
"Axcella Health, Inc.",医药生物
"Immunic, Inc.",医药生物
"Red River Bancshares, Inc.",银行
优步,交通运输
Alcon AG,医药生物
新氧,美容护理
SciPlay Corp. Class A,传媒
"TransMedics Group, Inc.",医药生物
"Trevi Therapeutics, Inc.",医药生物
"Postal Realty Trust, Inc. Class A",房地产
"CareCloud, Inc.",计算机
"Romeo Power, Inc.",电力设备
Bally's Corporation,社会服务
"Carter Bankshares, Inc.",银行
"Pinterest, Inc. Class A",传媒
"Turning Point Therapeutics, Inc.",医药生物
"Zoom Video Communications, Inc. Class A",通信
"Hookipa Pharma, Inc.",医药生物
Pivotal Acquisition Corp.,非银金融
云集,商贸零售
OneSpaWorld Holdings Ltd.,美容护理
陶氏,基础化工
"Destination XL Group, Inc.",纺织服饰
"Thomas James Homes, Inc. Class A",房地产
C&W Acquisition Corp.,非银金融
佰康生物科技,医药生物
Healthwell Acquisition Corp. I Class A,非银金融
MoneyLion Inc Class A,非银金融
"Stronghold Digital Mining, Inc. Class A",煤炭
Wolfspeed Inc,电子
群核科技,计算机
Mawson Infrastructure Group Inc,煤炭
Carmell Therapeutics Corporation,医药生物
Oxus Acquisition Corp. Class A,非银金融
Cactus Acquisition Corp. 1 Ltd. Class A,非银金融
"POGO Jet, Inc.",交通运输
"Nalu Medical, Inc.",医药生物
"Everside Health Group, Inc.",医药生物
Apex Technology Acquisition Corp. II Class A,非银金融
Very Good Food Company Inc,食品饮料
Williams Rowland Acquisition Corp.,非银金融
"Papa Murphy's Holdings, Inc.",食品饮料
"KORE Group Holdings, Inc.",通信
Tenx Keane Acquisition,非银金融
AltEnergy Acquisition Corp. Class A,电力设备
"Nutriband, Inc.",医药生物
"Structure Therapeutics, Inc. Sponsored ADR",医药生物
BurTech Acquisition Corp. Class A,非银金融
Wag! Group Co.,社会服务
"Nerdy, Inc. Class A",计算机
Alpha Partners Technology Merger Corp. Class A,非银金融
Franklin Financial Services Corporation,银行
"Codiak BioSciences, Inc.",医药生物
"Reed's, Inc.",食品饮料
"Chewy, Inc. Class A",商贸零售
Bicycle Therapeutics Plc Sponsored ADR,医药生物
"IDEAYA Biosciences, Inc.",医药生物
"Slack Technologies, Inc. Class A",计算机
"SeqLL, Inc.",医药生物
Mereo BioPharma Group plc Sponsored ADR,医药生物
斗鱼,传媒
"PIMCO Mortgage Income Trust, Inc.",非银金融
"Fastly, Inc. Class A",通信
Hyliion Holdings Corp. Class A,汽车
First National Corporation,银行
"Dyadic International, Inc.",医药生物
"Sonim Technologies, Inc.",通信
"Altaba, Inc.",非银金融
亚马纳黄金,有色金属
"Red Robin Gourmet Burgers, Inc.",食品饮料
Realty Income Corporation,房地产
Rayonier Advanced Materials Inc,建筑材料
"Reading International, Inc. Class B",传媒
RedHill Biopharma Ltd. Sponsored ADR,医药生物
Reaves Utility Income Fund,公用事业
"Reading International, Inc. Class A",传媒
雷神,国防军工
"Redwood Trust, Inc.",非银金融
"RCM Technologies, Inc.",计算机
"RealNetworks, Inc.",通信
"Societal CDMO, Inc.",医药生物
再生元制药,医药生物
韩国SK电信,通信
SM能源,石油石化
斯凯奇,纺织服饰
SL格林不动产,房地产
Solitario Resources Corp.,有色金属
Sorrento医疗,医药生物
Smith & Nephew plc Sponsored ADR,医药生物
Smith & Wesson Holding Corporation,国防军工
SP Plus Corporation,交通运输
Special Opportunities Fund,非银金融
Primis Financial Corp.,银行
SBA通信,通信
新美亚电子,电子
纳森连锁餐饮,食品饮料
"Mueller Water Products, Inc. Class A",建筑材料
南太地产,房地产
"Onto Innovation, Inc.",电子
National Bank Holdings Corporation Class A,银行
梅思安安全,通信
"NanoString Technologies, Inc.",医药生物
迈尔斯工业,机械设备
"NanoViricides, Inc.",医药生物
"National Bankshares, Inc.",银行
National Beverage Corp.,食品饮料
"National CineMedia, Inc.",传媒
NOV Inc.,机械设备
国家燃气,公用事业
国家西方人寿保险,非银金融
National Presto工业,机械设备
国家电网,公用事业
鹦鹉螺体育,社会服务
National Research Corporation,计算机
"Navidea Biopharmaceuticals, Inc.",医药生物
"National Health Investors, Inc.",非银金融
Natural Alternatives国际,美容护理
Navient Corp,非银金融
NBT Bancorp Inc.,银行
"Natural Gas Services Group, Inc.",石油石化
"Remitly Global, Inc.",通信
Tricon Residential Inc,房地产
"Thorne HealthTech, Inc.",医药生物
Conyers Park III Acquisition Corp. Class A,非银金融
Westrock Coffee Company,食品饮料
Global Technology Acquisition Corp. I Class A,非银金融
"Velo3D, Inc.",电子
美高梅国际酒店,社会服务
MFS Charter Income Trust,非银金融
Wells Fargo Multi-Sector Income Fund,非银金融
Wells Fargo Utilities and High Income Fund,公用事业
西氏医药服务,医药生物
西美银行,银行
西方资产高收益基金II,非银金融
西方资产高收益机会基金,非银金融
西方资产市政高收益基金,非银金融
西方资产高收益率级机会基金,非银金融
阿莱恩斯西部银行,银行
"Westwood Holdings Group, Inc.",非银金融
西方资产市政合伙基金,非银金融
"Western Refining, Inc.",石油石化
西方资产中等市政基金,非银金融
西方资产投资级基金,非银金融
"Weyco Group, Inc.",纺织服饰
Western Asset Emerging Markets Debt Fund,非银金融
西联汇款,非银金融
西方资产/Claymore通胀关联机会收益基金,非银金融
西方资产管理市政基金,非银金融
Reliance Steel & Aluminum Co.,钢铁
Repligen Corporation,医药生物
RenaissanceRe Holdings Ltd.,非银金融
"Resources Connection, Inc.",社会服务
Renasant Corporation,银行
BK Technologies Corp.,通信
"Hoth Therapeutics, Inc.",医药生物
"Torrid Holdings, Inc.",纺织服饰
Tremont Mortgage Trust,非银金融
Simply Good Foods Co,食品饮料
Zealand Pharma A/S Sponsored ADR,医药生物
Redfin Corporation,房地产
RBB Bancorp,银行
"Precipio, Inc.",医药生物
AllianzGI Convertible & Income 2024 Target Term Fund,非银金融
百世集团,交通运输
"PetIQ, Inc. Class A",医药生物
"KALA BIO, Inc.",医药生物
Magnolia Oil & Gas Corp. Class A,石油石化
"Cibus, Inc.",农林牧渔
"Checkpoint Therapeutics, Inc.",医药生物
Ecovyst Inc,环保
Foresight Autonomous Holdings Ltd Sponsored ADR,计算机
"Spirit Realty Capital, Inc.",房地产
南方银行,银行
高尔史密斯国际控股,社会服务
"BlackLine, Inc.",计算机
"GTY Technology Holdings, Inc.",计算机
Myovant Sciences Ltd.,医药生物
"Titan International, Inc.",机械设备
Timberland银行,银行
Tortoise Energy Independence Fund,石油石化
Titan Machinery Inc.,机械设备
TOP船务,交通运输
Oxford Square Capital Corp.,非银金融
潮水海运,交通运输
TJX Companies Inc,商贸零售
Meta Materials Inc.,电子
蒂芙尼,商贸零售
Tortoise能源基础设施,石油石化
"T-Mobile US, Inc.",通信
时代华纳,传媒
Tortoise MLP Fund,非银金融
铁姆肯,机械设备
Globe Life Inc.,非银金融
托尔兄弟,建筑装饰
Tortoise Pipeline & Energy Fund,石油石化
汤普金斯金融,非银金融
Tortoise Power and Energy Infrastructure Fund,石油石化
完全系统,计算机
Tonix Pharmaceuticals Holding Corp.,医药生物
道明银行,银行
"Tower International, Inc.",汽车
Stepan Co,基础化工
Stifel Financial Corp,非银金融
消毒循环,环保
"StoneMor, Inc.",社会服务
STRATTEC SECURITY CORPORATION,电子
意法半导体,电子
"Stoneridge, Inc.",电子
Sterling Bancorp,银行
三井住友金融,银行
尼拿纸业,轻工制造
Liberty Latin America Ltd. Class A,通信
PagSeguro Digital Ltd. Class A,非银金融
"Ranger Energy Services, Inc. Class A",交通运输
安高盟,石油石化
"WideOpenWest, Inc.",通信
"Athenex, Inc.",医药生物
简普科技,计算机
argenx SE ADR,医药生物
"Solaris Oilfield Infrastructure, Inc. Class A",石油石化
英格索兰,机械设备
Vistra Corp.,公用事业
"Farmers & Merchants Bancorp, Inc.",银行
"KKR Real Estate Finance Trust, Inc.",房地产
"Veritone, Inc.",传媒
Venator Materials PLC,基础化工
SilverBow Resources Inc,石油石化
"Guaranty Bancshares, Inc.",银行
National Energy Services Reunited Corp.,石油石化
"Alteryx, Inc. Class A",计算机
Perma-Pipe International Holdings Inc,建筑材料
Inpixon,通信
"Matinas BioPharma Holdings, Inc.",医药生物
"Daseke, Inc.",交通运输
Hamilton Lane Incorporated Class A,非银金融
Uniti Group Inc.,房地产
Adeia Inc.,电子
Visionary Education Technology Holdings Group Inc.,社会服务
"Abri SPAC 2, Inc.",非银金融
Sonendo Inc,医药生物
Entrada Therapeutics Inc,医药生物
StoneBridge Acquisition Corp. Class A,非银金融
Eterna Therapeutics Inc.,医药生物
"Palo Alto Networks, Inc.",计算机
HireRight Holdings Corp,社会服务
合众e贷,非银金融
Gateway Casinos & Entertainment Limited,社会服务
"SolarMax Technology, Inc.",电力设备
EnVen Energy Corporation,石油石化
"Cirius Therapeutics, Inc.",医药生物
Augmedix Inc,医药生物
Getnet Adquirencia e Servicos Para Meios de Pagamento SA Sponsored ADR,非银金融
"Ardent Health Partners, Inc.",社会服务
"Poseida Therapeutics, Inc.",医药生物
Caliburn International Corporation,社会服务
"Informatica, Inc. Class A",计算机
Algoma Steel Group Inc.,钢铁
Navitas Semiconductor Corporation,电子
Runway Growth Finance Corp.,非银金融
GlobalFoundries Inc.,电子
Alpine Acquisition Corp.,非银金融
"Intuity Medical, Inc.",医药生物
"Bakkt Holdings, Inc. Class A",非银金融
"Carlyle Secured Lending, Inc",非银金融
"Myomo, Inc.",医药生物
莫里迪恩银行,银行
希尔威金属矿业,有色金属
"Aileron Therapeutics, Inc.",医药生物
"Avenue Therapeutics, Inc.",医药生物
Safe & Green Holdings Corp,环保
SEACOR Marine Holdings Inc,交通运输
"Blue Apron Holdings, Inc. Class A",食品饮料
"Mersana Therapeutics, Inc.",医药生物
"Esquire Financial Holdings, Inc.",银行
"Byline Bancorp, Inc.",银行
"Cars.com, Inc.",商贸零售
180 Life Sciences Corp.,医药生物
Janus Henderson Group PLC,非银金融
Granite Point Mortgage Trust Inc.,非银金融
"MainStreet Bancshares, Inc.",银行
South Plains Financial Inc,银行
维罗纳制药,医药生物
"Ontrak, Inc.",医药生物
"Select Water Solutions, Inc. Class A",环保
PCSB Financial Corporation,银行
"SilverSun Technologies, Inc.",计算机
"Warrior Met Coal, Inc.",煤炭
"Yext, Inc.",通信
Azul S.A. Sponsored ADR Pfd,交通运输
Forte Biosciences Inc.,医药生物
"Elevate Credit, Inc.",非银金融
"Schneider National, Inc. Class B",交通运输
"Okta, Inc. Class A",通信
Hess Midstream LP Class A,石油石化
DXC Technology Co.,计算机
180 Degree Capital Corp,非银金融
开心汽车,汽车
CURO Group Holdings Corp.,非银金融
"Newmark Group, Inc. Class A",房地产
"scPharmaceuticals, Inc.",医药生物
Stratus Properties Inc.,房地产
"Sterling Infrastructure, Inc.",建筑材料
"Brighthouse Financial, Inc.",非银金融
Bluegreen Vacations Holding Corporation Class A,商贸零售
"TETRA Technologies, Inc.",石油石化
凯雷集团,非银金融
Texas Pacific Land Corporation,煤炭
Descartes Systems Group Inc.,计算机
德州公路酒吧,食品饮料
嘉信理财,非银金融
Textainer Group Holdings Limited,交通运输
起司工坊,食品饮料
爱依斯电力,电力设备
"Chefs' Warehouse, Inc.",食品饮料
第一银行股份,银行
特里迪加,汽车
"Palomar Holdings, Inc.",非银金融
福克斯-B,传媒
Atlantic Union Bankshares Corporation,银行
"Funko, Inc. Class A",轻工制造
Metropolitan Bank Holding Corp.,银行
Evoqua Water Technologies Corp,环保
"Maxar Technologies, Inc.",通信
"Fidelity D & D Bancorp, Inc.",银行
OrthoPediatrics Corp.,医药生物
"Black Knight, Inc.",计算机
Hamilton Beach Brands Holding Co. Class A,家用电器
"Regional Health Properties, Inc.",社会服务
Akso Health Group Sponsored ADR,医药生物
"National Vision Holdings, Inc.",美容护理
Altair Engineering Inc. Class A,计算机
Angi Inc Class A,商贸零售
Ponce Financial Group Inc,银行
Virgin Galactic Holdings Inc,国防军工
Merchants Bancorp,银行
能链智电,电力设备
"MongoDB, Inc. Class A",计算机
Nexa Resources S.A.,有色金属
"Cue Biopharma, Inc.",医药生物
"Enveric Biosciences, Inc.",医药生物
"Arcimoto, Inc.",汽车
"OptiNose, Inc.",医药生物
趣店,非银金融
"cbdMD, Inc.",美容护理
"CarGurus, Inc. Class A",商贸零售
"ACM Research, Inc. Class A",电子
Fennec Pharmaceuticals Inc.,医药生物
"VirTra, Inc.",国防军工
BP Midstream Partners LP,石油石化
"Switch, Inc. Class A",计算机
enVVeno Medical Corporation,医药生物
"Adial Pharmaceuticals, Inc.",医药生物
FAT Brands Inc. Class A,食品饮料
i-80 Gold Corp,有色金属
Roivant Sciences Ltd.,医药生物
Knowlton Development Corporation Inc.,美容护理
"Yesway, Inc. Class A",商贸零售
"Volcon, Inc.",汽车
Assure Holdings Corp.,医药生物
"Cingulate, Inc.",医药生物
"Oriel Energy, Inc. Class B",石油石化
"ForgeRock, Inc. Class A",计算机
PROCEPT BioRobotics Corp.,医药生物
Cascadia Acquisition Corp. Class A,非银金融
"Biofrontera, Inc.",医药生物
青青草元,农林牧渔
Black Mountain Acquisition Corp. Class A,非银金融
"Verde Clean Fuels, Inc. Class A",环保
Aquarius II Acquisition Corporation Class A,非银金融
Trine II Acquisition Corporation Class A,非银金融
"NSTS Bancorp, Inc.",银行
"RONN Motor Group, Inc.",汽车
Broad Capital Acquisition Corp.,非银金融
Cambridge Bancorp,银行
InflaRx N.V.,医药生物
"RumbleOn, Inc. Class B",商贸零售
信也科技,计算机
四季教育,社会服务
Bandwidth Inc. Class A,通信
"Apellis Pharmaceuticals, Inc.",医药生物
"Stellar Bancorp, Inc.",银行
搜狗,计算机
"Nuverra Environmental Solutions, Inc.",环保
"LiveOne, Inc.",传媒
"FFBW, Inc.",银行
"Renewable Energy Group, Inc.",石油石化
"Resonant, Inc.",电子
"Steel Connect, Inc.",钢铁
MiX Telematics Limited Sponsored ADR,通信
Moelis & Co. Class A,非银金融
瑞穗金融,非银金融
莫霍克工业,建筑材料
"Molina Healthcare, Inc.",医药生物
Monmouth Real Estate Investment Corporation Class A,房地产
莫尔森库尔斯酿酒-B,食品饮料
芯源系统,电子
摩根士丹利新兴市场债券基金,非银金融
Morgan Stanley Emerging Markets Domestic Debt Fund,非银金融
摩蒙塔制药,医药生物
"Frontdoor, Inc.",社会服务
第一富金融服务,非银金融
"LogicBio Therapeutics, Inc.",医药生物
"PhaseBio Pharmaceuticals, Inc.",医药生物
SolarWinds Corp.,计算机
小牛电动,汽车
Valley National Bancorp,银行
"SI-BONE, Inc.",医药生物
"LiveRamp Holdings, Inc.",计算机
"BioSig Technologies, Inc.",医药生物
"IMAC Holdings, Inc.",医药生物
"Equillium, Inc.",医药生物
RVL Pharmaceuticals plc,医药生物
Garrett Motion Inc,汽车
"Allogene Therapeutics, Inc.",医药生物
"Anaplan, Inc.",计算机
"Axos Financial, Inc.",银行
SB Financial Group Inc,银行
Vector Group Ltd.,食品饮料
威瑞信,通信
Verso Corp Class A,轻工制造
Verisk Analytics Inc,计算机
顶点能源,石油石化
福泰制药,医药生物
维德思投资,非银金融
文斯控股,商贸零售
维亚康姆-B,传媒
Viper Energy Partners LP,石油石化
Visa Inc. Class A,非银金融
唯品会,商贸零售
Viad Corp,社会服务
威世科技,电子
Virco Mfg. Corporation,轻工制造
卫讯公司,通信
农村金融信托银行,银行
"Vishay Precision Group, Inc.",电子
"Fresh Tracks Therapeutics, Inc.",医药生物
"Village Super Market, Inc. Class A",商贸零售
Western Copper and Gold Corporation,有色金属
西方资产全球高收益基金,非银金融
西部数据,计算机
西方资产抵押级机会基金,非银金融
"Western Midstream Partners, LP",石油石化
西太平洋银行,银行
"Wheeler Real Estate Investment Trust, Inc.",房地产
"Westport Fuel Systems, Inc.",汽车
惠而浦,家用电器
白山保险集团,非银金融
Quarterhill Inc.,通信
维拉美特酒庄,食品饮料
"WhiteHorse Finance, Inc.",非银金融
气流通讯,通信
Tiptree Inc.,非银金融
"Tootsie Roll Industries, Inc.",食品饮料
Pure Cycle Corporation,公用事业
"Q2 Holdings, Inc.",计算机
Putnam High Income Bond Fund,非银金融
QAD Inc. Class B,计算机
Putnam Managed Municipal Income Trust,非银金融
QAD Inc. Class A,计算机
"NextGen Healthcare, Inc.",医药生物
Putnam Master Intermediate Income Trust,非银金融
"QCR Holdings, Inc.",银行
Putnam Municipal Opportunities Trust,非银金融
大众仓储,商贸零售
科力斯,机械设备
Putnam Premier Income Trust,非银金融
Quanex Building Products Corporation,建筑材料
"Motorcar Parts of America, Inc.",汽车
摩托罗拉解决方案,通信
MSC工业机械,机械设备
MPLX LP,石油石化
MYR Group Inc.,电力设备
墨菲石油,石油石化
MRC Global Inc.,机械设备
Nuveen NASDAQ 100 Dynamic Overwrite Fund,非银金融
"Murphy USA, Inc.",商贸零售
纳伯斯工业,机械设备
正康国际,医药生物
"Celsius Holdings, Inc.",食品饮料
Immuron Limited Sponsored ADR,医药生物
"Transcat, Inc.",计算机
"Barings BDC, Inc.",非银金融
树屋食品,食品饮料
"Sixth Street Specialty Lending, Inc.",非银金融
南部燃气,公用事业
拖拉机供应,轻工制造
"Trevena, Inc.",医药生物
洲际地产投资,房地产
特里科银行,银行
"Trex Company, Inc.",建筑材料
TravelCenters of America Inc.,交通运输
瑞奇包装系统,轻工制造
TransDigm Group Incorporated,机械设备
天宝导航,通信
Travelzoo,商贸零售
Tri Continental,非银金融
"TriNet Group, Inc.",社会服务
三一生物科技,医药生物
"Trinity Industries, Inc.",机械设备
Tronox Holdings Plc,基础化工
Trinseo PLC,基础化工
"Guardant Health, Inc.",医药生物
Elastic NV,计算机
知临集团,计算机
Splunk Inc.,计算机
西南航空,交通运输
"SPAR Group, Inc.",商贸零售
"NovaBay Pharmaceuticals, Inc.",医药生物
凌动智行,汽车
Nuveen AMT-Free Municipal Value Fund,非银金融
NRG能源,公用事业
纽星能源,公用事业
Nuveen Arizona Quality Municipal Income Fund,非银金融
"Clearway Energy, Inc. Class C",公用事业
诺华黄金资源,有色金属
Nuveen California Municipal Value Fund,非银金融
Nuveen Build America Bond Fund,非银金融
诺华制药,医药生物
Nuveen Core Equity Alpha Fund,非银金融
诺瓦瓦克斯医药,医药生物
诺和诺德公司,医药生物
Nuveen California AMT-Free Quality Municipal Income Fund,非银金融
纽瓦索器材,机械设备
Nuveen Municipal Income Fund,非银金融
Nuveen Enhanced Municipal Value Fund,非银金融
Nuveen New York Quality Municipal Income Fund,非银金融
Nuveen Insured California Select Tax-Free Income Portfolio,非银金融
Nuveen Massachusetts Premium Income Municipal Fund,非银金融
Nuveen Insured New York Select Tax-Free Income Portfolio,非银金融
Vocera通信,通信
"CynergisTek, Inc.",计算机
Tutor Perini Corporation,建筑装饰
泰勒科技,电子
"Triumph Group, Inc.",机械设备
泰森食品,食品饮料
梅隆银行,银行
CarParts.com Inc,商贸零售
厄比奎蒂,非银金融
"Ultragenyx Pharmaceutical, Inc.",医药生物
安德玛-C,纺织服饰
美国合众银行,银行
Ultralife Corporation,电子
Unico American Corporation,非银金融
天狼星XM,通信
Simpson制造,机械设备
六旗娱乐,社会服务
高通,电子
奎斯特诊疗,医药生物
"QuinStreet, Inc.",传媒
Urban One Inc Class A,传媒
艾昆纬,电子
Quest Resource Holding Corp.,环保
Qumu Corporation,计算机
Radian Group Inc.,非银金融
佩尔马福克斯环境服务,环保
Amerant Bancorp Inc. Class B,银行
Ranger Oil Corporation Class A,石油石化
EMX Royalty Corp,有色金属
"Yatra Online, Inc.",交通运输
"ShiftPixy, Inc.",社会服务
trivago N.V. Sponsored ADR Class A,交通运输
"Soligenix, Inc.",医药生物
"Riot Platforms, Inc.",计算机
Athene Holding Ltd. Class A,非银金融
Lions Gate Entertainment Corp Class B,传媒
Lions Gate Entertainment Corp Class A,传媒
"Ichor Holdings, Ltd.",电子
"Sonoma Pharmaceuticals, Inc.",医药生物
安德玛-A,纺织服饰
"Polar Power, Inc.",电力设备
泰克资源,有色金属
Innovative Industrial Properties Inc,房地产
"International Seaways, Inc.",交通运输
Algonquin Power & Utilities Corp.,公用事业
Trustmark Corporation,银行
途牛,交通运输
特百惠,食品饮料
Trio-Tech International,电子
土耳其移动通信,通信
猫途鹰,传媒
"Cardiff Oncology, Inc.",医药生物
"Spero Therapeutics, Inc.",医药生物
新思科技,电子
普信金融,非银金融
Gen Digital Inc.,计算机
"Tableau Software, Inc. Class A",计算机
Synovus Financial Corp.,银行
Taitron Components Incorporated Class A,电子
达内教育,社会服务
美国技术数据公司,计算机
Nuveen New Jersey Quality Municipal Income Fund,非银金融
"Summer Infant, Inc.",家用电器
"Stock Yards Bancorp, Inc.",银行
"Strategic Education, Inc.",社会服务
史蒂夫·马登,纺织服饰
"Orion Energy Systems, Inc.",电力设备
奥特泰尔,通信
Outerwall Inc.,商贸零售
"P.A.M. Transportation Services, Inc.",交通运输
帕卡,机械设备
牛津工业,机械设备
太平洋第一合众银行,银行
"Overstock.com, Inc.",商贸零售
Pacific American Income Shares,非银金融
欧麦斯-麦能医疗,医药生物
"Pacira Biosciences, Inc.",医药生物
欧文斯科宁,建筑材料
"Pacific Biosciences of California, Inc.",医药生物
Oxford Lane Capital,非银金融
美国包装,轻工制造
欧文斯伊利诺斯玻璃,建筑材料
PacWest Bancorp,银行
"Cassava Sciences, Inc.",医药生物
Oxbridge Re Holdings Limited,非银金融
"Palatin Technologies, Inc.",医药生物
"P&F Industries, Inc. Class A",机械设备
太平洋煤气与电力,公用事业
"Alto Ingredients, Inc.",食品饮料
太平洋商业合众银行,银行
Pampa Energia SA Sponsored ADR,电力设备
Pan American Silver Corp.,有色金属
PAREXEL International Corporation,医药生物
潘多拉媒体,传媒
"Park City Group, Inc.",商贸零售
爱国者国家合众银行,银行
Park Aerospace Corp.,机械设备
Territorial Bancorp Inc.,银行
梯瓦制药,医药生物
特斯拉,汽车
特索罗石油,石油石化
Bancorp Inc,银行
德州资本银行,银行
Community Financial Corporation,银行
"Watsco, Inc.",家用电器
WebMD Health Corp.,医药生物
沃纳企业,传媒
沃茨水工业,机械设备
"Weis Markets, Inc.",商贸零售
"WesBanco, Inc.",银行
"WellCare Health Plans, Inc.",医药生物
富国银行,银行
韦伯斯特金融,银行
西科国际,机械设备
Wells Fargo Global Dividend Opportunity Fund,非银金融
微博,传媒
"Climb Global Solutions, Inc.",计算机
"West Bancorporation, Inc.",银行
"Ocuphire Pharma, Inc.",医药生物
"Akero Therapeutics, Inc.",医药生物
"Endeavor Group Holdings, Inc. Class A",传媒
"Stoke Therapeutics, Inc.",医药生物
中通快递,交通运输
"Western New England Bancorp, Inc.",银行
CRISPR Therapeutics AG,医药生物
"Forterra, Inc.",建筑材料
"iRhythm Technologies, Inc.",医药生物
Fortis Inc.,公用事业
"Mammoth Energy Services, Inc.",电力设备
Azure Power Global Ltd.,电力设备
Hammerhead Energy Inc. Class A,石油石化
Extraction Oil & Gas Inc,石油石化
"SRAX, Inc. Class A",传媒
"First US Bancshares, Inc.",银行
"Everspin Technologies, Inc.",电子
SCWorx Corp.,计算机
"SoundThinking, Inc.",传媒
"Nine Energy Service, Inc.",石油石化
Antero Midstream Corp.,石油石化
Targa Resources Corp.,石油石化
"Tandem Diabetes Care, Inc.",医药生物
Bio-Techne Corporation,医药生物
"Tanger Factory Outlet Centers, Inc.",商贸零售
Taro药业,医药生物
BlackRock TCP Capital Corp.,非银金融
Taseko Mines Limited,有色金属
"TechTarget, Inc.",计算机
Axon Enterprise Inc,国防军工
坦桑尼亚皇家勘探,有色金属
TCW Strategic Income Fund,非银金融
泰勒设备,机械设备
Taylor Morrison Home Corporation,房地产
木勒工业,机械设备
"Sportsman's Warehouse Holdings, Inc.",商贸零售
Sprague Resources LP,石油石化
"Shyft Group, Inc.",汽车
"Sprouts Farmers Market, Inc.",食品饮料
"STAG Industrial, Inc.",房地产
"SPS Commerce, Inc.",计算机
"Starwood Property Trust, Inc.",房地产
Stamps.com Inc.,计算机
挪威石油,石油石化
Steelcase Inc. Class A,机械设备
星散海运,交通运输
斯达外科手术,医药生物
Standex International Corporation,机械设备
星巴克,食品饮料
史丹利百得,机械设备
喜达屋,社会服务
道富,非银金融
Stellus Capital Investment Corp.,非银金融
"Roper Technologies, Inc.",电力设备
洛矶山巧克力工厂,食品饮料
皇家黄金,有色金属
加拿大皇家银行,银行
The Cushing MLP Total Return Fund,非银金融
沃达丰,通信
Voya Prime Rate Trust,非银金融
萨雷普塔治疗,医药生物
"Light & Wonder, Inc.",电子
"ScanSource, Inc.",计算机
南非萨索尔,石油石化
"Santander Consumer USA Holdings, Inc.",非银金融
Scudder Municiple Income Trust,非银金融
Eneti Inc.,交通运输
斯伦贝谢,石油石化
Scorpio Tankers Inc.,交通运输
施密特工业,机械设备
Scudder Strategic Municiple Income Trust,非银金融
"Schnitzer Steel Industries, Inc.",钢铁
"Saul Centers, Inc.",房地产
"SCYNEXIS, Inc.",医药生物
Scotts Miracle-Gro Company Class A,农林牧渔
Seaboard Corporation,农林牧渔
Seabridge Gold Inc,有色金属
SeaChange国际,传媒
佛罗里达州海岸银行,银行
Sleep Number Corporation,家用电器
Sequans Communications SA Sponsored ADR,通信
桑普拉能源,石油石化
精选医疗,医药生物
先科电子,电子
希捷科技,计算机
"Sequential Brands Group, Inc.",纺织服饰
"Seagen, Inc.",医药生物
Seneca Foods Corporation Class B,食品饮料
希悦尔包装,轻工制造
Service Corporation International,社会服务
选择性保险,非银金融
Seneca Foods Corporation Class A,食品饮料
海洋世界,社会服务
Seanergy Maritime Holdings Corp.,交通运输
Terminix Global Holdings Inc,社会服务
乌龙制药,医药生物
U.S. Well Services Inc Class A,石油石化
"Cloudera, Inc.",计算机
Carvana Co. Class A,商贸零售
"G1 Therapeutics, Inc.",医药生物
"Freight Technologies, Incorporation",交通运输
博实乐,计算机
WEC能源,电力设备
Whitestone REIT,房地产
"RPC, Inc.",石油石化
皇家加勒比邮轮,交通运输
RPM国际,基础化工
"Rush Enterprises, Inc. Class A",汽车
S&W Seed Company,农林牧渔
Sabine Royalty Trust,石油石化
"Ruth's Hospitality Group, Inc.",食品饮料
"Safety Insurance Group, Inc.",非银金融
Phio Pharmaceuticals Corp.,医药生物
西夫韦,商贸零售
"Surgalign Holdings, Inc.",医药生物
瑞安航空,交通运输
"Sabra Health Care REIT, Inc.",房地产
莎莉美容,美容护理
卢比肯科技,计算机
Sabre Corporation,通信
莱德物流,交通运输
San Juan Basin Royalty Trust,石油石化
"USA Truck, Inc.",交通运输
Urstadt Biddle Properties Inc.,房地产
Urstadt Biddle Properties Inc. Class A,房地产
淡水河谷,煤炭
Bausch Health Companies Inc.,医药生物
USA Compression Partners LP,石油石化
瓦莱罗能源,石油石化
"Value Line, Inc.",非银金融
犹他医疗产品,医药生物
瓦利化工,基础化工
UT斯达康,通信
万达生物制药,医药生物
威富,电子
TTM科技,电子
江森自控,机械设备
TriState资本控股,非银金融
Tucows Inc.,通信
Pretium Resources Inc.,有色金属
"Professional Diversity Network, Inc.",传媒
Principal Real Estate Income Fund,房地产
"Profire Energy, Inc.",石油石化
普尔斯玛特,计算机
Preformed Line Products Company,电力设备
Immutep Ltd Sponsored ADR,医药生物
PrimeEnergy Resources Corporation,石油石化
Alterity Therapeutics Ltd. Sponsored ADR,医药生物
Progress Software Corporation,计算机
"Premier Financial Bancorp, Inc.",银行
"Primerica, Inc.",非银金融
ProAssurance Corporation,非银金融
美国前进保险,非银金融
"Premier, Inc. Class A",商贸零售
"United Fire Group, Inc.",非银金融
联合健康,医药生物
Universal Health Realty Income Trust,房地产
United States Cellular Corp,通信
American Coastal Insurance Corporation,非银金融
环球保健,医药生物
联华电子,电子
"United States Lime & Minerals, Inc.",基础化工
Unitil Corporation,公用事业
"Universal Insurance Holdings, Inc.",非银金融
Ur-Energy Inc.,煤炭
美国钢铁,钢铁
"Universal Security Instruments, Inc.",电子
"Unity Bancorp, Inc.",银行
联合包裹,交通运输
通用不锈钢和合金制品公司,有色金属
Uranium Energy Corp.,煤炭
环球技术学院,社会服务
环球烟草,食品饮料
Universal Display Corporation,电子
霍尔工业,机械设备
"Thermon Group Holdings, Inc.",电力设备
Security National Financial Corporation Class A,非银金融
天星生物,医药生物
新浪,传媒
SJW Group,公用事业
"PS Business Parks, Inc.",房地产
新闻集团-A,传媒
耐克,纺织服饰
新闻集团-B,传媒
新田石油勘探,石油石化
新泽西能源,公用事业
NICE Ltd. Sponsored ADR,通信
"NewtekOne, Inc.",计算机
尼索思,电子
"Nicholas Financial, Inc.",非银金融
NexPoint Diversified Real Estate Trust,房地产
"NL Industries, Inc.",有色金属
新纪元能源,公用事业
"NMI Holdings, Inc. Class A",非银金融
野村控股,非银金融
东北银行,银行
"Northfield Bancorp, Inc.",银行
诺福克南方,交通运输
Noodles & Co. Class A,食品饮料
北沿合众银行,银行
Nortech Systems Incorporated,电子
诺斯罗普·格鲁曼,国防军工
西北天然气,公用事业
西北管道,公用事业
北方王朝矿业,有色金属
"Saia, Inc.",交通运输
赖兰,家用电器
塞勒姆传媒,传媒
"Ryman Hospitality Properties, Inc.",社会服务
桑德森农场,农林牧渔
赛富时,电子
"S&T Bancorp, Inc.",银行
"Rush Enterprises, Inc. Class B",汽车
Salient Midstream & MLP Fund,非银金融
"Safe Bulkers, Inc.",交通运输
桑德里奇能源,石油石化
Ohmyhome Limited,房地产
"Salisbury Bancorp, Inc.",银行
智人国际,计算机
兰德资本,非银金融
"Radiant Logistics, Inc.",交通运输
Urban One Inc Class D,传媒
山脉资源,煤炭
"Raven Industries, Inc.",机械设备
Tufin Software Technologies Ltd,计算机
"Corebridge Financial, Inc.",非银金融
PDS Biotechnology Corp.,医药生物
"Precision BioSciences, Inc.",医药生物
"Silk Road Medical, Inc.",医药生物
"Lyft, Inc. Class A",交通运输
Genfit SA Sponsored ADR,医药生物
Itamar Medical Ltd Sponsored ADR,医药生物
老虎证券,非银金融
"Village Farms International, Inc.",农林牧渔
AlphaTime Acquisition Corp.,非银金融
"Penns Woods Bancorp, Inc.",银行
"ServiceNow, Inc.",计算机
SEI投资,非银金融
纳图兹家具,轻工制造
内克塔治疗,医药生物
Navios Maritime Partners LP,交通运输
"Nelnet, Inc. Class A",非银金融
纽尔真检测,医药生物
"NeoGenomics, Inc.",医药生物
美国网存,计算机
网易,传媒
Neonode Inc.,电子
Neuberger Berman Intermediate Municipal Fund,非银金融
New America High Income Fund,非银金融
奈飞,传媒
NeoPhotonics Corporation,电子
Neuberger Berman MLP Income Fund,非银金融
新东方,社会服务
"NETGEAR, Inc.",通信
新概念能源,电力设备
Rithm Capital Corp.,非银金融
Neuberger Berman New York Intermediate Municipal Fund,非银金融
Neovasc Inc.,医药生物
网侦系统,计算机
New Germany Fund,非银金融
"Palisade Bio, Inc.",医药生物
"Neptune Wellness Solutions, Inc.",医药生物
纳索尔科技,电子
New Gold Inc.,有色金属
神经分泌生物科学,医药生物
"Lesaka Technologies, Inc.",计算机
"NeuroMetrix, Inc.",医药生物
纽约社区银行,银行
"Mullen Automotive, Inc.",汽车
Neuberger Berman California Intermediate Municipal Fund,非银金融
"New Home Co., Inc.",房地产
Neuberger Berman High Yield Strategies Fund,非银金融
New Ireland Fund,非银金融
纽约抵押信托,房地产
"Gannett Co., Inc.",传媒
纽约时报,传媒
旅行者集团,非银金融
"Molecular Templates, Inc.",医药生物
"Tilly's, Inc. Class A",商贸零售
Nuveen Intermediate Duration Municipal Term Fund,非银金融
Nuveen New York Municipal Value Fund,非银金融
Denali Therapeutics Inc.,医药生物
安盛公平,非银金融
乐信,非银金融
Luther Burbank Corporation,银行
Entera Bio Ltd.,医药生物
Quanterix Corporation,医药生物
Meridian Corporation,银行
森淼科技,电子
"Ribbon Communications, Inc.",通信
Allied Gaming & Entertainment Inc.,社会服务
"KLX Energy Services Holdings, Inc.",石油石化
云米,家用电器
"SilverCrest Metals, Inc.",有色金属
趣头条,传媒
"Entasis Therapeutics Holdings, Inc.",医药生物
Farfetch Ltd. Class A,商贸零售
派拉蒙黄金内华达,有色金属
"Select Interior Concepts, Inc. Class A",建筑装饰
"Verb Technology Company, Inc.",计算机
1药网,医药生物
"Saga Communications, Inc. Class A",传媒
北美建筑,建筑装饰
"Toughbuilt Industries, Inc.",机械设备
"Sonos, Inc.",电子
"Arlo Technologies, Inc.",电子
极光,计算机
"Tenable Holdings, Inc.",计算机
Endava Plc Sponsored ADR Class A,计算机
Berry Corporation,石油石化
拼多多,商贸零售
欧朋浏览器,通信
"Veoneer, Inc.",汽车
"Aquestive Therapeutics, Inc.",医药生物
Liquidia Corporation,医药生物
"Bionano Genomics, Inc.",医药生物
Titan Medical Inc.,医药生物
"Aadi Biosciences, Inc.",医药生物
"PetSmart, Inc.",商贸零售
培瑞克,医药生物
Phibro Animal Health Corporation Class A,医药生物
辉瑞,医药生物
"PFSweb, Inc.",计算机
"PetMed Express, Inc.",医药生物
菲利普莫里斯,食品饮料
Physicians Realty Trust,房地产
PIMCO Commercial Mortgage Securities Trust,非银金融
菲律宾长途电话,通信
"Vidler Water Resources, Inc.",环保
Phillips 66,石油石化
Pimco Corporate & Income Stategy Fund,非银金融
Phillips 66 Partners LP,石油石化
"Altimmune, Inc.",医药生物
"Piedmont Office Realty Trust, Inc. Class A",房地产
巴西石油,石油石化
PIMCO Dynamic Income Fund,非银金融
Adams Natural Resources Fund,非银金融
Pilgrim's Pride Corporation,食品饮料
Epsilon Energy Ltd.,石油石化
American Resources Corporation,煤炭
Levi Strauss & Co. Class A,纺织服饰
韩国友利金融,非银金融
"Salarius Pharmaceuticals, Inc.",医药生物
"Zynex, Inc.",医药生物
"Shockwave Medical, Inc.",医药生物
"Castor Maritime, Inc.",交通运输
"Avantor, Inc.",医药生物
"aTyr Pharma, Inc.",医药生物
思享无限,计算机
"Covetrus, Inc.",医药生物
"Rhinebeck Bancorp, Inc.",银行
Brainsway Ltd Sponsored ADR,医药生物
Regulus Therapeutics Inc.,医药生物
艾斯欧艾斯,电子
"Floor & Decor Holdings, Inc. Class A",商贸零售
"TPG RE Finance Trust, Inc.",房地产
"Affinity Bancshares, Inc.",银行
萨米特银行,银行
"Streamline Health Solutions, Inc.",计算机
Stratasys Ltd.,机械设备
史赛克,医药生物
Stone Harbor Emerging Markets Income Fund,非银金融
斯图尔特信息服务,计算机
Stone Harbor Emerging Markets Total Income Fund,非银金融
斯特姆-鲁格,国防军工
"Summit Hotel Properties, Inc.",房地产
"Suburban Propane Partners, L.P.",石油石化
Summit Midstream Partners LP,石油石化
萨米特州立银行,银行
"Viracta Therapeutics, Inc.",医药生物
"SurModics, Inc.",医药生物
"Superior Industries International, Inc.",轻工制造
"SunLink Health Systems, Inc.",社会服务
"Sun Communities, Inc.",房地产
"Lumos Pharma, Inc.",医药生物
诺伍德金融,非银金融
Gates Industrial Corporation plc,机械设备
Solid Biosciences Inc.,医药生物
Adicet Bio Inc,医药生物
敦信金融,非银金融
"ADT, Inc.",家用电器
"PlayAGS, Inc.",传媒
"Eyenovia, Inc.",医药生物
Dolphin Entertainment Inc,传媒
埃克西尔能源,石油石化
"One Stop Systems, Inc.",计算机
百事,食品饮料
Spirit航空,交通运输
伟世通,汽车
信安金融,非银金融
"PGT Innovations, Inc.",家用电器
挪威邮轮,交通运输
当纳利,食品饮料
CohBar Inc,医药生物
VICI Properties Inc,房地产
"Independence Realty Trust, Inc.",房地产
TORM PLC Class A,交通运输
阿波罗医疗控股,医药生物
MVB Financial Corp.,银行
Corporacion America Airports S.A.,交通运输
Roth CH Acquisition V Co.,非银金融
Innovid Corp.,传媒
"WaveDancer, Inc.",计算机
Apollomics Inc. Class A,医药生物
Tristar Acquisition I Corp. Class A,非银金融
Telesat Corp.,通信
Moving iMage Technologies Inc,电子
美利车金融,非银金融
IBO (Listing Market - NYSE Amex Network B F) Common Stock,非银金融
PMV Acquisition Corp.,非银金融
Tick Pilot Test Control Common Stock,非银金融
Tick Pilot Test Group 1 Common Stock,非银金融
Tick pilot Test 2 Common Stock,非银金融
Tick Pilot Test 3 Common Stock,非银金融
"PSI International, Inc.",计算机
无锡金城幕墙装饰工程有限公司,建筑装饰
Iron Horse Acquisition Corp.,非银金融
Vista Proppants & Logistics Inc.,石油石化
"Nexeon MedSystems, Inc.",医药生物
跳跃网络,通信
Aspen Insurance Holdings Ltd Depositary Shs Repr 1/1000th 5.625 % Non-Cum Red Perp Pfd Registered Sh,非银金融
富勤金融,非银金融
奔财科技,计算机
"Alopexx, Inc.",医药生物
"HeartCore Enterprises, Inc.",计算机
Nutex Health Inc,医药生物
Jaguar Global Growth Corp. I Class A,非银金融
ESAB Corporation,机械设备
Laser Photonics Corp.,电子
FutureTech II Acquisition Corp. Class A,非银金融
Western Acquisition Ventures Corp.,非银金融
Dakota Gold Corp,有色金属
Jackson Acquisition Co. Class A,非银金融
Sculptor Acquisition Corp. I Class A,非银金融
Southport Acquisition Corp. Class A,非银金融
ShoulderUp Technology Acquisition Corp. Class A,非银金融
VMG Consumer Acquisition Corp. Class A,非银金融
Semper Paratus Acquisition Corporation Class A,非银金融
Mount Rainier Acquisition Corp.,非银金融
Mountain Crest Acquisition Corp. V,非银金融
Hawks Acquisition Corp. Class A,非银金融
Hertz Global Holdings Inc,交通运输
"Stran & Company, Inc",商贸零售
Novusterra Inc,环保
TMT Acquisition Corp,非银金融
"Nuvectis Pharma, Inc.",医药生物
Neurosense Therapeutics Ltd.,医药生物
Yoshitsu Co. Ltd. Sponsored ADR,电子
LAMF Global Ventures Corp. I Class A,非银金融
TLGY Acquisition Corp. Class A,非银金融
"Milan Laser, Inc.",美容护理
Snow Lake Resources Ltd,有色金属
"UserTesting, Inc.",计算机
Bright Minds Biosciences Inc.,医药生物
Namaste World Acquisition Corp.,非银金融
Bellevue Life Sciences Acquisition Corp.,非银金融
Brigantine Acquisition Corp.,非银金融
BrightSpark Capitol Corp.,非银金融
Category Leader Partner Corp 1,非银金融
CE Energy Acquisition Corp.,公用事业
Decarbonization Plus Acquisition Corp V,环保
DD3 Acquisition Corp. III,非银金融
Distoken Acquisition Corporation,非银金融
ESH Acquisition Corp.,非银金融
Flag Ship Acquisition Corp,非银金融
Grandview Capital Acquisition Corp,非银金融
Gefen Landa Acquisition Corp.,非银金融
"GigCapital6, Inc.",非银金融
Alexandria Agtech/Climate Innovation Acquisition Corp.,农林牧渔
Univision Communications Inc. Class A,传媒
Trony Solar Holdings Co. Ltd. ADS,电力设备
"Truck Hero, Inc.",汽车
Trustwave Holdings Inc,计算机
Taggares Agriculture Corp,农林牧渔
"Stalwart Tankers, Inc.",交通运输
Tria Beauty Inc.,美容护理
Globoforce Group Plc,社会服务
"Taylor & Martin Group, Inc.",交通运输
"Altitude International Holdings, Inc.",社会服务
"Invivyd, Inc.",医药生物
贝莱德资产管理北亚有限公司,非银金融
"LINKBANCORP, Inc.",银行
"Ascent Solar Technologies, Inc.",电力设备
BCGF Acquisition Corp. Class A,非银金融
Genius Group Limited,计算机
"Wytec International, Inc.",通信
Sunshine Biopharma Incorporated,医药生物
Rigel Resource Acquisition Corp. Class A,非银金融
Concord Acquisition Corp. III Class A,非银金融
"Priam Properties, Inc.",房地产
SKYX Platforms Corp.,电子
Schultze Special Purpose Acquisition Corp. II Class A,非银金融
Crixus BH3 Acquisition Company Class A,非银金融
ION Acquisition Corporation 1 Limited Class A,非银金融
Cohn Robbins Holdings Corporation Class A,非银金融
Oaktree Acquisition Corp. II Class A,非银金融
Acon S2 Acquisition Corporation Class A,非银金融
VPC Impact Acquisition Holdings Class A,非银金融
Social Capital Hedosophia Holdings Corp. V Class A,非银金融
Duddell Street Acquisition Corp. Class A,非银金融
Spring Valley Acquisition Corporation Class A,非银金融
Zanite Acquisition Corp Class A,非银金融
Consonance-HFW Acquisition Corporation Class A,非银金融
Bridgetown 2 Holdings Ltd. Class A,非银金融
Provident Acquisition Corp. Class A,非银金融
Northern Genesis Acquisition Corp. II,非银金融
Rotor Acquisition Corp. Class A,非银金融
Supernova Partners Acquisition Co. II Ltd. Class A,非银金融
Khosla Ventures Acquisition Co. II Class A,非银金融
Alkuri Global Acquisition Corp. Class A,非银金融
"GigCapital4, Inc.",非银金融
BOA Acquisition Corp. Class A,非银金融
TPG Pace Solutions Corp. Class A,非银金融
SilverBox Engaged Merger Corp. I Class A,非银金融
Soaring Eagle Acquisition Corp. Class A,非银金融
"VPC Impact Acquisition Holdings III, Inc. Class A",非银金融
"Alfi, Inc.",计算机
掌门教育,社会服务
"Industrial Human Capital, Inc.",社会服务
"ZyVersa Therapeutics, Inc.",医药生物
格拉德斯通投资,非银金融
WeWork Inc. Class A,房地产
Endurance Acquisition Corp. Class A,非银金融
PowerUp Acquisition Corp. Class A,非银金融
"Warner Bros. Discovery, Inc. Series A",传媒
"Excelerate Energy, Inc. Class A",石油石化
Lakeshore Acquisition II Corporation,非银金融
PennantPark Investment Corporation,非银金融
Applied Digital Corporation,计算机
"Charge Enterprises, Inc.",通信
SaverOne 2014 Ltd. ADR,电子
"Sharps Technology, Inc.",医药生物
iCoreConnect Inc.,通信
Bitcoin Depot Inc. Class A,非银金融
Clean Earth Acquisitions Corp. Class A,环保
JE Cleantech Holdings Limited,环保
"Aclarion, Inc.",医药生物
"SOS Hydration, Inc.",食品饮料
RF Acquisition Corp. Class A,非银金融
Sound Point Acquisition Corp. I Ltd. Class A,非银金融
"Reborn Coffee, Inc.",食品饮料
SHUAA Partners Acquisition Corp. I Class A,非银金融
"Oxeia Biopharmaceuticals, Inc.",医药生物
"Tenon Medical, Inc.",医药生物
Valuence Merger Corp. I Class A,非银金融
"Innovative Eyewear, Inc.",电子
LatAmGrowth SPAC Class A,非银金融
"Vigil Neuroscience, Inc.",医药生物
Apptech Payments Corp,计算机
"2seventy Bio, Inc.",医药生物
"Bird Global, Inc. Class A",交通运输
"Lulu's Fashion Lounge Holdings, Inc.",纺织服饰
"BioRestorative Therapies, Inc.",医药生物
"IO Biotech, Inc.",医药生物
"GigCapital5, Inc.",非银金融
MDxHealth S.A. Sponsored ADR,医药生物
Activate Permanent Capital Corp.,非银金融
Apollo Strategic Growth Capital III,非银金融
"Ameri Metro, Inc.",交通运输
Aspirational Consumer Lifestyle Corp. II,非银金融
Atlas Growth Acquisition Ltd,非银金融
Cain Acquisition Corp.,非银金融
Callodine Acquisition Corp.,非银金融
Consumer Capital Group Inc.,商贸零售
"China Gewang Biotechnology, Inc.",医药生物
Climate Real Impact Solutions III Acquisition Corp,环保
Cure Pharmaceutical Holding Corp.,医药生物
EFactor Group Corp.,传媒
iSign Solutions Inc.,通信
"MoneyOnMobile, Inc.",商贸零售
Mindset Growth Opportunities I Corp.,非银金融
N2 Acquisition Holdings Corp.,非银金融
"Protalex, Inc.",医药生物
Serendipity Capital Acquisition Corp.,非银金融
Siddhi Acquisition Corp.,非银金融
"Sports Field Holdings, Inc.",建筑装饰
Stillwater Growth Corp. I,非银金融
TCG Growth Opportunities Corp.,非银金融
Twist Investment Corp,非银金融
Victory Acquisition Corp.,非银金融
Jaws Wildcat Acquisition Corp,非银金融
Aimfinity Investment Corp. I,非银金融
tru Shrimp Companies Inc,农林牧渔
安本新兴市场股票收益基金,非银金融
Obsidian Energy Ltd,石油石化
Blackstone Secured Lending Fund,非银金融
Akanda Corp,医药生物
Roth CH Acquisition Co. Class A,非银金融
"Peak Bio, Inc.",医药生物
SeaStar Medical Holding Corporation,医药生物
"OmniAb, Inc.",医药生物
PhenixFIN Corporation,非银金融
bleuacacia Ltd. Class A,非银金融
Annovis Bio Inc,医药生物
GP-Act III Acquisition Corp.,非银金融
Global Robotic Drone Acquisition Corp.,机械设备
Haymaker Acquisition Corp. IV,非银金融
ACI Corp. III,非银金融
ICG Hypersonic Acquisition Corp.,国防军工
Atlas Crest Investment Corp. IV,非银金融
Keter1 Acquisition Corp,非银金融
"AdMY Technology Group, Inc.",计算机
Lazard Fintech Acquisition Corp. I,非银金融
Lazard Healthcare Acquisition Corp. I,医药生物
Aperture Acquisition Corp.,非银金融
LTV Capital Partners I,非银金融
BCC Investment Corp.,非银金融
Motor City Acquisition Corp.,非银金融
Brimstone Acquisition Holdings Corp.,非银金融
Makara Strategic Acquisition Corp.,非银金融
Capitol Investment Corp. VI,非银金融
"AmeriQuest, Inc.",商贸零售
"Marizyme, Inc.",医药生物
Rentokil Initial plc Sponsored ADR,社会服务
"Hempacco Co., Inc.",食品饮料
"SPX Technologies, Inc.",机械设备
Empire Petroleum Corporation,石油石化
BellRing Distribution LLC,食品饮料
"Amylyx Pharmaceuticals, Inc.",医药生物
"Cincor Pharma, Inc.",医药生物
Fresh Vine Wine Inc,食品饮料
Fat Projects Acquisition Corp Class A,非银金融
"Oncology Institute, Inc.",医药生物
Sportsmap Tech Acquisition Corp.,非银金融
Chain Bridge I Class A,非银金融
"CBL & Associates Properties, Inc.",房地产
SDCL EDGE Acquisition Corp. Class A,非银金融
Sunfire Acquisition Corp Limited Class A,非银金融
Noble Education Acquisition Corp.,非银金融
"Rigetti Computing, Inc.",计算机
ZimVie Inc.,医药生物
Sizzle Acquisition Corp,非银金融
壳牌,石油石化
Genesis Growth Tech Acquisition Corp. Class A,非银金融
Forbion European Acquisition Corp. Class A,非银金融
第一加勒比国际银行,银行
Microlin Bio Inc,医药生物
"Home BancShares, Inc.",银行
Vestis Corporation,轻工制造
Veralto Corp,机械设备
Courtside Group Inc.,社会服务
XJet Ltd.,机械设备
"Shapeways Holdings, Inc.",电子
Gamer Pakistan Inc,传媒
Davis Commodities Limited,农林牧渔
PHINIA Inc.,计算机
Golden Star Acquisition Corporation,非银金融
Maison Solutions Inc. Class A,计算机
福尼克斯,家用电器
"Super League Enterprise, Inc.",传媒
宏桥高科,有色金属
Envista Holdings Corp.,医药生物
"XPEL, Inc.",电子
明大嘉和,医药生物
"OLB Group, Inc.",计算机
微美全息,传媒
Artelo Biosciences Inc,医药生物
中比能源,石油石化
IHS Markit Ltd.,社会服务
Akerna Corp.,计算机
"IAA, Inc.",交通运输
FLEX LNG Ltd,石油石化
Amcor PLC,轻工制造
"Air T, Inc.",交通运输
中指控股,房地产
"RealReal, Inc.",商贸零售
帕克合众银行,银行
PCTEL Inc,通信
Patterson-UTI能源,石油石化
PAR Technology Corporation,计算机
"PDC Energy, Inc.",石油石化
派克汉尼汾,机械设备
"PDF Solutions, Inc.",计算机
"Paycom Software, Inc.",计算机
"Sunstone Hotel Investors, Inc.",房地产
梅索德电子,电子
MFS Intermediate Income Trust,非银金融
Mesa Royalty Trust,非银金融
Capri Holdings Limited,纺织服饰
Mesabi Trust,煤炭
MFS Multimarket Income Trust,非银金融
MFS Municipal Income Trust,非银金融
米塔金融,非银金融
微芯科技,电子
MFS Special Value Trust,非银金融
Tiga Acquisition Corp. II Class A,非银金融
福克斯-A,传媒
"PagerDuty, Inc.",计算机
"X4 Pharmaceuticals, Inc.",医药生物
Kinetik Holdings Inc. Class A,石油石化
Jumia Technologies AG Sponsored ADR,商贸零售
BiomX Inc.,医药生物
幸福来,食品饮料
箩筐技术,计算机
美国联合能源,电力设备
联合天然食品,食品饮料
"UTZ Brands, Inc. Class A",食品饮料
Cambium Networks Corporation,通信
"BridgeBio Pharma, Inc.",医药生物
"Atreca, Inc. Class A",医药生物
Royce Micro-Cap Trust,非银金融
Royce Value Trust,非银金融
Nuveen Missouri Quality Municipal Income Fund,非银金融
Nuveen Floating Rate Income Fund,非银金融
麦当劳,食品饮料
McEwen Mining Inc.,有色金属
"MEI Pharma, Inc.",医药生物
莫肯特尔银行,银行
快验保,社会服务
美世国际,社会服务
新濠博亚娱乐,传媒
美好医疗系统,医药生物
MediWound Ltd.,医药生物
默克,医药生物
Meritage Homes Corporation,房地产
默邱利通用,机械设备
"Meritor, Inc.",机械设备
"Mercury Systems, Inc.",计算机
"Pediatrix Medical Group, Inc.",医药生物
梅瑞狄斯,食品饮料
"Medical Properties Trust, Inc.",房地产
美敦力,医药生物
美第奇新星生物技术,医药生物
SharpLink Gaming Ltd,传媒
拉美商业服务,社会服务
美鼎生物,医药生物
MicroStrategy Incorporated Class A,计算机
"Mistras Group, Inc.",机械设备
移动电信,通信
Amplify Energy Corp.,石油石化
思维终端科技,计算机
维视图像,电子
米奇汗姆,食品饮料
西部第一银行,银行
宾州中部银行,银行
"Mitek Systems, Inc.",计算机
"Model N, Inc.",计算机
Minerals Technologies Inc.,有色金属
"Mid-America Apartment Communities, Inc.",房地产
Minerva Neurosciences Inc,医药生物
丰田汽车,汽车
越洋钻探,石油石化
Pimco New York Municipal Income Fund II,非银金融
Element Solutions Inc,基础化工
Pluri Inc.,医药生物
奥迪富斯,汽车
Voya Asia Pacific High Dividend Equity Income Fund,非银金融
固安捷,计算机
Wabash National Corporation,机械设备
VSE Corporation,交通运输
Voya Emerging Markets High Income Dividend Equity Fund,非银金融
威伯科,汽车
"Voya Financial, Inc.",非银金融
火神材料,建筑材料
Voya Global Advantage and Premium Opportunity Fund,非银金融
"Voya Infrastructure, Industrials and Materials Fund",非银金融
W. R. Berkley Corporation,非银金融
华盛顿信托银行,银行
迪士尼,传媒
格雷斯事务所,社会服务
"UMH Properties, Inc.",房地产
超科林半导体,电子
联合银行股份,银行
Umpqua Holdings Corporation,非银金融
美国社区银行,银行
联合太平洋,交通运输
Prospect Capital Corporation,非银金融
公共服务企业,公用事业
泰科电子,电子
OGE能源,公用事业
欧德国家银行,银行
Ocwen金融,非银金融
俄亥俄河谷银行,银行
Old Point Financial Corporation,银行
奥麦罗制药,医药生物
奥德赛海洋探索,交通运输
Pool Corporation,商贸零售
Kimbell Royalty Partners LP,石油石化
"Laureate Education, Inc.",社会服务
Varex Imaging Corporation,医药生物
"REV Group, Inc.",汽车
奥莱利汽车,汽车
奥斯城金融服务,非银金融
Orange SA Sponsored ADR,通信
欧尼克,建筑材料
"Organovo Holdings, Inc.",医药生物
"Retail Properties of America, Inc. Class A",房地产
米糠科技,电子
"Rexford Industrial Realty, Inc.",房地产
理查森电子,电子
"Retractable Technologies, Inc.",医药生物
来德爱,医药生物
Ring能源,石油石化
Xilio Therapeutics Inc,医药生物
"Minerva Surgical, Inc.",医药生物
Sylvamo Corporation,轻工制造
Jet.AI Inc.,计算机
"LanzaTech Global, Inc.Class A",环保
Exscientia Plc Sponsored ADR,医药生物
施乐,计算机
"Rotech Healthcare Holdings, Inc.",医药生物
"Cognition Therapeutics, Inc.",医药生物
Amplitude Inc Class A,计算机
"Allbirds, Inc. Class A",纺织服饰
Greenidge Generation Holdings Inc. Class A,公用事业
Goldenstone Acquisition Ltd.,非银金融
"Theseus Pharmaceuticals, Inc.",医药生物
"Tivic Health Systems, Inc.",医药生物
"Archaea Energy, Inc. Class A",石油石化
"Aris Water Solutions, Inc. Class A",环保
"Actelis Networks, Inc.",通信
Bright Green Corp.,环保
"GameWorks, Inc.",传媒
"Eve Holding, Inc.",交通运输
Sterling Check Corp.,社会服务
"UTXO Acquisition, Inc. Class A",非银金融
Neo Technology Acquisition Corp. Class A,非银金融
"Enfusion, Inc. Class A",计算机
Cue Health Inc.,医药生物
Nuveenn Intermediate Duration Quality Municipal Term Fund,非银金融
"Curative Biotechnology, Inc.",医药生物
耐莫斯制药,医药生物
Nuveen Senior Income Fund,非银金融
凹凸科技,计算机
橡木谷银行,银行
Nuveen Short Duration Credit Opportunities Fund,非银金融
国际海洋工程,交通运输
海洋第一金融,非银金融
NV5 Global Inc,环保
"Sculptor Capital Management, Inc. Class A",非银金融
"Oclaro, Inc.",电子
欧美佳福莱克斯,家用电器
Oconee Federal Financial Corp.,银行
SNDL Inc.,食品饮料
UpHealth Inc,医药生物
魔线,通信
蓝威斯顿,机械设备
万国数据,计算机
Adient plc,汽车
罗致恒富,非银金融
REX American Resources Corporation,煤炭
"RingCentral, Inc. Class A",通信
里佛维尤银行,银行
RLI保险,非银金融
"Rocket Fuel, Inc.",通信
力拓,有色金属
RLJ Lodging Trust,房地产
罗克韦尔自动化,机械设备
罗克韦尔柯林斯,国防军工
罗克韦尔医药,医药生物
"Rollins, Inc.",社会服务
Rovi Corporation,通信
"Rocky Brands, Inc.",纺织服饰
桑德斯普林银行,银行
"Sangamo Therapeutics, Inc.",医药生物
Saratoga Investment Corp.,非银金融
"Mativ Holdings, Inc.",轻工制造
腾讯音乐,传媒
"NGM Biopharmaceuticals, Inc.",医药生物
"Arcus Biosciences, Inc.",医药生物
台湾微脂体,医药生物
"Zscaler, Inc.",计算机
"Bridgewater Bancshares, Inc.",银行
Blink Charging Co,电力设备
"BioXcel Therapeutics, Inc.",医药生物
ElectraMeccanica Vehicles Corp.,汽车
BrightSpire Capital Inc,非银金融
见知教育,社会服务
Envision Healthcare Corp.,医药生物
高途,计算机
"Kontoor Brands, Inc.",纺织服饰
"Beyond Air, Inc.",医药生物
"Golden Nugget Online Gaming, Inc. Class A",社会服务
"Coda Octopus Group, Inc.",机械设备
"United-Guardian, Inc.",医药生物
"UFP Industries, Inc.",轻工制造
"ServiceSource International, Inc.",社会服务
Sensata科技控股,电子
旭明光电,电子
"Servotronics, Inc.",机械设备
森馨,食品饮料
新韩金融,非银金融
SFL Corporation Limited,交通运输
塞弗恩银行,银行
Siebert Financial Corp.,非银金融
塞拉银行,银行
"Shoe Carnival, Inc.",商贸零售
盟军集团,国防军工
希拉无线,通信
Sonoco Products Company,轻工制造
房天下,房地产
"Sound Financial Bancorp, Inc.",银行
Source资本,非银金融
"South Jersey Industries, Inc.",公用事业
SouthState Corporation,银行
西南能源,石油石化
南方电力,公用事业
南方铜业,有色金属
SpartanNash Company,商贸零售
南方第一银行,银行
"Spirit AeroSystems Holdings, Inc. Class A",国防军工
"Southern Missouri Bancorp, Inc.",银行
"Natural Grocers by Vitamin Cottage, Inc.",商贸零售
Cornerstone Building Brands Inc,建筑材料
National HealthCare Corporation,医药生物
"NNN REIT, Inc.",房地产
Navigator Holdings Ltd.,交通运输
Natural Resource Partners L.P.,煤炭
Jupiter Acquisition Corp. Class A,非银金融
Liberty Resources Acquisition Corp. Class A,非银金融
"DICE Therapeutics, Inc.",医药生物
Clean Energy Special Situations Corp.,公用事业
WEX公司,计算机
西屋制动,机械设备
"Remark Holdings, Inc.",传媒
Regis Corporation,美容护理
"Republic First Bancorp, Inc.",银行
"Upbound Group, Inc.",计算机
共和废品处理,环保
RENN Fund,非银金融
美国再保险集团,非银金融
Research Frontiers Incorporated,电子
ACRES Commercial Realty Corp.,房地产
瑞思迈,医药生物
Emeren Group Ltd Sponsored ADR,公用事业
RH,建筑装饰
Resolute Forest Products Inc.,轻工制造
"WW International, Inc.",美容护理
托罗配件,机械设备
"ICC Holdings, Inc.",非银金融
加拿大鹅,纺织服饰
"NI Holdings, Inc.",非银金融
Ardagh Group S.A. Class A,轻工制造
"International Money Express, Inc.",交通运输
万春医药,医药生物
Playa Hotels & Resorts N.V.,社会服务
"Akoustis Technologies, Inc.",电子
"J.Jill, Inc.",纺织服饰
Welbilt Inc,家用电器
"Snap, Inc. Class A",传媒
"Rent the Runway, Inc.",纺织服饰
恩赛因,石油石化
"First Eagle Alternative Capital BDC, Inc.",非银金融
"TherapeuticsMD, Inc.",医药生物
Tower半导体,电子
TransAct Technologies Incorporated,计算机
"Asensus Surgical, Inc.",医药生物
TransAlta Corporation,公用事业
"Tri Pointe Homes, Inc.",房地产
Transglobe能源,石油石化
Trecora Resources,石油石化
Sea Limited Sponsored ADR Class A,商贸零售
Monro Inc,交通运输
穆迪,非银金融
"Monarch Casino & Resort, Inc.",社会服务
Monroe Capital Corp.,非银金融
摩根士丹利印度投资基金,非银金融
亿滋国际,食品饮料
怪物饮料,食品饮料
速汇金国际,非银金融
唐恩银行,银行
TC Energy Corporation,公用事业
"LendingTree, Inc.",非银金融
彪马生物技术,医药生物
Qiwi Plc Sponsored ADR Class B,非银金融
"Pzena Investment Management, Inc. Class A",非银金融
纽蒙特,有色金属
NextEra Energy Partners LP,公用事业
必迈医药,医药生物
新园能源,公用事业
NGL Energy Partners LP,公用事业
"Revolve Group, Inc Class A",商贸零售
"YETI Holdings, Inc.",轻工制造
Gamida Cell Ltd.,医药生物
Fisker Inc Class A,汽车
R1 RCM Inc,社会服务
"BRP, Inc.",汽车
"Hanger, Inc.",社会服务
新濠影汇,社会服务
"Kodiak Sciences, Inc.",医药生物
搜狐,传媒
"Upwork, Inc.",计算机
Loma Negra Compania Industrial Argentina SA Sponsored ADR,建筑材料
巴西国家黑色冶金,钢铁
Navios海事控股,交通运输
"Worldpay, Inc. Class A",非银金融
Veeva Systems Inc Class A,计算机
瓦里安医疗系统,医药生物
"Vera Bradley, Inc.",纺织服饰
威瑞森,通信
"Varonis Systems, Inc.",计算机
Veracyte Inc,医药生物
Vista Gold Corp.,有色金属
Virtus Global Multi-Sector Income Fund,非银金融
西方资产/Claymore通胀关联证券收益基金,非银金融
惠好,医药生物
Westlake Corporation,基础化工
西方资产抵押贷款投资,非银金融
休森,医药生物
广达服务,社会服务
"Quad/Graphics, Inc. Class A",传媒
奎克化学,基础化工
奇虎360,通信
晨星信息,计算机
摩根士丹利,非银金融
美盛,医药生物
"Peraso, Inc.",电子
摩根士丹利中国A股基金,非银金融
"Movado Group, Inc.",轻工制造
明晟,非银金融
NAPCO安全技术,电子
万基遗传,医药生物
Ultrapar Participacoes S.A. Sponsored ADR,石油石化
瑞银集团,银行
美国能源,公用事业
uniQure N.V.,医药生物
仪化宇辉,电子
优利系统,计算机
UniFirst Corporation,纺织服饰
"UFP Technologies, Inc.",轻工制造
美国全球投资者,非银金融
联合合众银行,银行
"Questcor Pharmaceuticals, Inc.",医药生物
"Radius Health, Inc.",医药生物
Rambus Inc.,电子
"RadNet, Inc.",医药生物
Quotient Ltd.,医药生物
RADCOM Ltd.,通信
Radware Ltd.,通信
QuidelOrtho Corporation,医药生物
泛华控股集团,房地产
"Twin Disc, incorporated",机械设备
推特,传媒
"TrueBlue, Inc.",社会服务
查科斯能源海运,交通运输
Two Harbors Investment Corp.,房地产
三S管理,社会服务
绿松石山资源,有色金属
TSR软件,计算机
"TrueCar, Inc.",商贸零售
Turtle Beach Corporation,电子
PHAXIAM Therapeutics S.A.,医药生物
辛特尔,机械设备
圣元国际,家用电器
Taiwan Fund,非银金融
"Theriva Biologics, Inc.",医药生物
"Sypris Solutions, Inc.",机械设备
台积电,电子
西斯科,通信
Take-Two互动软件,传媒
好未来,社会服务
TAT Technologies Ltd.,电力设备
"Team Health Holdings, Inc.",社会服务
塔塔汽车,汽车
"Team, Inc.",机械设备
奥盛创新,计算机
"Orion Group Holdings, Inc.",建筑装饰
学贷美,非银金融
"Simulations Plus, Inc.",计算机
"Rhythm Pharmaceuticals, Inc.",医药生物
NuCana plc Sponsored ADR,医药生物
"TTEC Holdings, Inc.",社会服务
Telefonica Brasil SA Sponsored ADR,通信
Teekay Tankers Ltd. Class A,交通运输
特雷克斯,机械设备
泰尼特保健,医药生物
西班牙电信,通信
特尔尼翁钢铁,钢铁
Tejon Ranch Co.,房地产
Riley Exploration Permian Inc,石油石化
泰勒斯,国防军工
坦能,石油石化
Templeton Dragon Fund,非银金融
电话数据系统,通信
Terreno Realty Corporation,房地产
天纳克,电子
Templeton Emerging Markets Fund,非银金融
德事隆,机械设备
安德森斯,农林牧渔
特斯科技术,电子
镶嵌科技,电子
TFS金融,非银金融
"Enliven Therapeutics, Inc.",医药生物
"Waste Connections, Inc.",环保
美国废物管理,环保
WD-40 Company,基础化工
"Waterstone Financial, Inc.",非银金融
温迪快餐,食品饮料
纳科工业,机械设备
百胜餐饮,食品饮料
Yandex NV Class A,通信
欢聚,传媒
"Zendesk, Inc.",计算机
齐昂银行,银行
"Larimar Therapeutics, Inc.",医药生物
硕腾,电子
Yelp Inc,传媒
ZAGG Inc,电子
Dominari Holdings Inc.,非银金融
斯蒂加斯海运,交通运输
SS&C科技,计算机
"Steel Dynamics, Inc.",钢铁
Starz Class A,传媒
"Standard Motor Products, Inc.",汽车
Steel Partners Holdings LP,钢铁
State Auto Financial Corporation,非银金融
Appian Corporation Class A,计算机
Five Point Holdings LLC Class A,房地产
Biohaven Ltd.,医药生物
Safehold Inc.,房地产
Ovid Therapeutics Inc.,医药生物
"Altice USA, Inc. Class A",通信
"Cantaloupe, Inc.",商贸零售
安博,计算机
宝洁,美容护理
Primoris Services Corporation,建筑装饰
"Pro-Dex, Inc.",医药生物
罗杰斯通信,通信
罗斯百货,商贸零售
"Capital Bancorp, Inc.",银行
"AudioEye, Inc.",计算机
"INmune Bio, Inc.",医药生物
城市生活用品连锁,商贸零售
宾夕法尼亚裕益银行,银行
InterGroup Corporation,房地产
Booking Holdings Inc.,社会服务
Theravance Biopharma Inc,医药生物
The Gabelli Healthcare & Wellness Trust,医药生物
麦迪逊花园体育,社会服务
The GDL Fund,非银金融
赛默飞世尔,医药生物
"Northwest Bancshares, Inc.",银行
瑞杰金融,非银金融
完美世界,传媒
Permian Basin Royalty Trust,石油石化
Phoenix Motor Inc.,汽车
"Medalist Diversified REIT, Inc.",房地产
Momentive Global Inc.,计算机
"Sutro Biopharma, Inc.",医药生物
"Arvinas, Inc.",医药生物
"Tradeweb Markets, Inc. Class A",非银金融
Cortland Bancorp,银行
蓝帽子,传媒
小赢科技,非银金融
Livent Corporation,有色金属
Bit Origin Limited,计算机
"Y-mAbs Therapeutics, Inc.",医药生物
Arco Platform Ltd. Class A,计算机
Bank7 Corp.,银行
"Gritstone bio, Inc.",医药生物
"Eventbrite, Inc. Class A",传媒
"FVCBankcorp, Inc.",银行
北方科技国际,机械设备
Nova Ltd.,电子
比特数字,计算机
中国苏轩堂药业,医药生物
德尔福科技,汽车
WillScot Mobile Mini Holdings Corp. Class A,房地产
CONSOL Energy Inc,煤炭
Industrial Logistics Properties Trust,房地产
Zomedica Corp,医药生物
"Cannae Holdings, Inc.",非银金融
"Casa Systems, Inc.",通信
"Loop Industries, Inc.",环保
"Arena Group Holdings, Inc.",传媒
"PCI Media, Inc.",传媒
"Aspen Technology, Inc.",计算机
"Safe Auto Insurance Group, Inc.",非银金融
阿瑞斯资本,非银金融
"Hoverink Biotechnologies, Inc.",医药生物
公民金融-存托优先股E,银行
Spire Inc. Depositary Shs Repr 1/1000th Cum Red Perp Pfd Registered Sh Series A,公用事业
"4D Molecular Therapeutics, Inc.",医药生物
"Optex Systems Holdings, Inc.",国防军工
Blueprint Health Merger Corp.,医药生物
"QSAM Biosciences, Inc.",医药生物
Osprey Technology Acquisition Corp. II,非银金融
"Presto Automation, Inc.",计算机
"Arhaus, Inc. Class A",商贸零售
"Claros Mortgage Trust, Inc.",房地产
物芯控股,电子
Northern Star Investment Corp. II Class A,非银金融
"Industrial Tech Acquisitions II, Inc. Class A",计算机
Nava Health MD LLC,医药生物
ARB IOT Group Limited,通信
CBL International Limited,轻工制造
"American Rebel Holdings, Inc.",国防军工
"Castellum, Inc.",房地产
"Nxu, Inc.",社会服务
Cartica Acquisition Corp. Class A,非银金融
C5 Acquisition Corp. Class A,非银金融
Mechel PAO Sponsored ADR Pfd,钢铁
"Smart for Life, Inc.",食品饮料
7 Acquisition Corp. Class A,非银金融
Fortune Rise Acquisition Corp. Class A,非银金融
Spindletop Health Acquisition Corp. Class A,非银金融
Anthemis Digital Acquisitions I Corp. Class A,非银金融
Globalink Investment Inc.,非银金融
"Hour Loop, Inc.",商贸零售
SciSparc Ltd.,医药生物
McLaren Technology Acquisition Corp. Class A,非银金融
OPY Acquisition Corp. I Class A,非银金融
Vision Sensing Acquisition Corp. Class A,非银金融
"Southland Holdings, Inc.",房地产
Juniper II Corp. Class A,非银金融
Aetherium Acquisition Corp. Class A,非银金融
"Fresh Market Holdings, Inc.",商贸零售
Crucible Acquisition Corp. II,非银金融
Crucible Acquisition Corp. III,非银金融
Denham Sustainable Performance Acquisition Corp.,非银金融
Gateway Strategic Acquisition Co.,非银金融
Graf Acquisition Corp. II,非银金融
"Time, Inc.",传媒
微贷网,非银金融
BlueRiver Acquisition Corp. Class A,非银金融
10X Capital Venture Acquisition Corp Class A,非银金融
Organon & Co.,医药生物
"Parking REIT, Inc.",房地产
Constellation Energy Corporation,公用事业
Aquaron Acquisition Corp.,非银金融
"Prime Medicine, Inc.",医药生物
Silo Pharma Inc,医药生物
Wearable Devices Ltd.,电子
"Third Harmonic Bio, Inc.",医药生物
"5E Advanced Materials, Inc.",有色金属
Aurora Technology Acquisition Corp. Class A,非银金融
PropertyGuru Group Limited,房地产
POET Technologies Inc.,电子
"Roadzen, Inc.",通信
Gardiner Healthcare Acquisitions Corp.,医药生物
BayFirst Financial Corp,银行
Freightos Limited,交通运输
Vaxxinity Inc Class A,医药生物
"WisdomTree, Inc.",非银金融
374Water Inc,环保
"Rubicon Technologies, Inc. Class A",通信
CF Acquisition Corp. VII Class A,非银金融
Rubicon Technologies-Warrants,通信
Blue Ocean Acquisition Corp. Class A,非银金融
Four Springs Capital Trust,房地产
Beard Energy Transition Acquisition Corp. Class A,非银金融
"CISO Global, Inc.",计算机
Camposol Holding Plc,农林牧渔
DUET Acquisition Corp Class A,非银金融
Viscogliosi Brothers Acquisition Corp.,非银金融
Screaming Eagle Acquisition Corp. Class A,非银金融
Boston Omaha Corp. Class A,房地产
FTAC Zeus Acquisition Corp. Class A,非银金融
LF Capital Acquisition Corp. II Class A,非银金融
"Acrivon Therapeutics, Inc.",医药生物
Nayax Ltd.,通信
Barfresh Food Group Inc.,食品饮料
Credo Technology Group Holding Ltd.,电子
PROOF Acquisition Corp. I Class A,非银金融
"Mattress Firm Group, Inc.",商贸零售
Nuvo Group Ltd.,医药生物
Learn CW Investment Corp. Class A,非银金融
"Sidus Space, Inc. Class A",国防军工
Hony Capital Acquisition Corp.,非银金融
1.12 Acquisition Corp,非银金融
Silverman Acquisition Corp I,非银金融
"TechStackery, Inc.",计算机
Tiga Acquisition Corp. III,非银金融
Venice Brands Acquisition Corp. I,非银金融
"Vital Human Capital, Inc.",社会服务
Excelsa Acquisition Corp.,非银金融
"Moose Pond Acquisition Corp, NCV I",非银金融
Laris Media Acquisition Corp,传媒
New Providence Acquisition Corp. III,非银金融
Lionheart IV CORP,非银金融
Ocelot Acquisition Corp I,非银金融
Ocean Drive Acquisition Corp.,非银金融
OS Acquisition Corp.,非银金融
Pomona Acquisition Ltd,非银金融
Quinzel Acquisition Co,非银金融
Iswill Acquisition Corporation,非银金融
Highland Acquisition Corp,非银金融
Roman DBDR Tech Acquisition Corp. II,非银金融
RichSpace Acquisition Corp.,非银金融
H.I.G. Acquisition Corp. II,非银金融
HighCape Capital Acquisition Corp. II,非银金融
RMG Acquisition Corp. IV,非银金融
"Electronic Cigarettes International Group, Ltd.",轻工制造
Freestone Acquisition Corp,非银金融
EIP Acquisition Corp I,非银金融
Science Strategic Acquisition Corp. Bravo,非银金融
Black Dragon Acquisition Corp. I,非银金融
Cornerstone Investment Capital Holdings Co.,非银金融
M-tron Industries Inc,电子
Ainos Inc,医药生物
"Mill City Ventures III, Ltd.",非银金融
NFT Gaming Company Inc,传媒
"Mobileye Global, Inc. Class A",计算机
Atlassian Corp Class A,计算机
"Allarity Therapeutics, Inc.",医药生物
New Providence Acquisition Corp. II Class A,非银金融
Nvni Group Limited,商贸零售
Mountain & Company I Acquisition Corporation Class A,非银金融
"Ampio Pharmaceuticals, Inc.",医药生物
Ambipar Emergency Response Class A,环保
Delimobil Holding SA Sponsored ADR,交通运输
Jeffs' Brands Ltd.,商贸零售
"SilverSPAC, Inc. Class A",非银金融
Project Energy Reimagined Acquisition Corp. Class A,电力设备
Babylon Holdings Ltd. Class A,医药生物
"Solo Brands, Inc. Class A",轻工制造
联拓生物,医药生物
"Udemy, Inc.",计算机
Parabellum Acquisition Corp. Class A,非银金融
DTRT Health Acquisition Corp. Class A,非银金融
"Kenvue, Inc.",美容护理
Idaho Strategic Resources Inc,有色金属
"Intensity Therapeutics, Inc.",医药生物
CCIF Acquisition Corp.,非银金融
Science Strategic Acquisition Corp. Charlie,非银金融
CAVU Technology Acquisition Corp.,计算机
Sieger Healthcare Acquisition Corp,医药生物
Avanea Energy Acquisition Corp.,电力设备
SPGL Acquisition Corp,非银金融
Altamont Pharma Acquisition Corp.,医药生物
Sparta Healthcare Acquisition Corp.,医药生物
"ActiveCare, Inc.",医药生物
Spartan Acquisition Corp. IV,非银金融
Advancit Acquisition Corp. I,计算机
Silver Sustainable Solutions Corp.,环保
PetroShare Corp.,石油石化
New Beginnings Acquisition Corp. III,非银金融
Tetragon Acquisition Corp I,非银金融
Modiv Acquisition Corp.,非银金融
Trailblazer Merger Corp. I Class A,非银金融
Trinity Acquisition Corp.,非银金融
Tekkorp Digital Acquisition Corp. II,非银金融
Switchback III Corp,非银金融
Reverence Acquisition Corp.,非银金融
Twelve Seas Investment Co IV TMT,通信
TradeUP 88 Corp.,非银金融
"Expion360, Inc.",电子
Evergreen Corp. Class A,房地产
byNordic Acquisition Corp. Class A,非银金融
HNR Acquisition Corp,非银金融
"Vacasa, Inc. Class A",社会服务
"BigBear.ai Holdings, Inc.",计算机
"Samsara, Inc. Class A",通信
"Contango ORE, Inc.",有色金属
mCloud Technologies Corp.,计算机
Advanced Health Intelligence Ltd Sponsored ADR,医药生物
Nuveen Emerging Markets Debt 2022 Target Term Fund,非银金融
Anthropos Capital Corp.,非银金融
"Colony American Homes, Inc.",房地产
China Auto Rental Holdings Inc.,汽车
Crescent Capital Finance Group Inc.,非银金融
"CaliberCos, Inc. Class A",房地产
"Bluestem Brands, Inc.",商贸零售
"Armada Water Assets, Inc.",环保
Community Choice Financial Inc.,非银金融
congatec Holding AG Sponsored ADR,计算机
Digicel Group Ltd Class A,通信
CKE Inc.,食品饮料
"Cancer Prevention Pharmaceuticals, Inc.",医药生物
"ECM Energy Services, Inc.",石油石化
"Diamond S Shipping Group, Inc.",交通运输
"Dance Biopharm, Inc.",医药生物
理臣中国,商贸零售
Transphorm Inc,电子
Integrated Wellness Acquisition Corp. Class A,非银金融
A SPAC I Acquisition Corp. Class A,非银金融
Arogo Capital Acquisition Corp. Class A,非银金融
FingerMotion Inc,通信
Amprius Technologies Inc,电子
"Alpine Summit Energy Partners, Inc. Class A",石油石化
"Pono Capital Two, Inc. Class A",非银金融
BRC Inc Class A,建筑材料
1Sharpe Acquisition Corp.,非银金融
Constitution Acquisition Corp.,非银金融
Vistas Acquisition Co II Inc.,非银金融
Velocity Merger Corp.,非银金融
Virtuoso Acquisition Corp. 2,非银金融
Zi Toprun Acquisition Corp,非银金融
Atlas Crest Investment Corp. III,非银金融
Bridgetown 3 Holdings Ltd,非银金融
CEA Space Partners I Corp.,非银金融
Catcha Investment Corp 2.0,非银金融
Cerberus Telecom Acquisition Corp. II,通信
Delphi Growth Capital Corp.,非银金融
Dorchester Capital Acquisition Corp.,非银金融
Elliott Opportunity I Corp.,非银金融
Integrated Energy Transition Acquisition Corp.,石油石化
First Digital Health Acquisition Corp.,医药生物
FG New America Acquisition II Corp,非银金融
Guggenheim Special Purpose Acquisition Corp. I,非银金融
L Catterton Latin America Acquisition Corp,非银金融
Oaktree Acquisition Corp. III,非银金融
ONS Acquisition Corp.,非银金融
Resources Acquisition Corp.,非银金融
Gladstone Companies Inc Class A,非银金融
"REV Renewables, Inc.",公用事业
ProFrac Holding Corp. Class A,石油石化
Inception Growth Acquisition Ltd.,非银金融
ST Energy Transition I Ltd. Class A,公用事业
Welsbach Technology Metals Acquisition Corp.,有色金属
Kairous Acquisition Corp. Limited,非银金融
Bullpen Parlay Acquisition Co. Class A,非银金融
OmniLit Acquisition Corp. Class A,非银金融
"TXO Partners, L.P.",石油石化
Brera Holdings PLC Class B,房地产
"Live Oak Bancshares, Inc.",银行
"Leonardo DRS, Inc.",国防军工
Burcon NutraScience Corporation,医药生物
"Artiva Biotherapeutics, Inc.",医药生物
Skylight Health Group Inc,社会服务
SMX (Security Matters) Public Limited Company Class A,国防军工
Wejo Group Limited,通信
"Getaround, Inc.",汽车
"ProSomnus, Inc.",医药生物
Seadrill Limited,石油石化
"dMY Squared Technology Group, Inc. Class A",计算机
ParaZero Technologies Ltd.,国防军工
Alset Capital Acquisition Corp. Class A,非银金融
"AN2 Therapeutics, Inc.",医药生物
Energy Services of America Corporation,石油石化
Rail Vision Ltd.,国防军工
Generation Asia I Acquisition Ltd. Class A,非银金融
Technology & Telecommunication Acquisition Corporation Class A,通信
"Marygold Companies, Inc.",商贸零售
Nuveen High Income 2023 Target Term Fund,非银金融
泰然金融,非银金融
萨摩耶互联网金融服务,非银金融
"SpineEX, Inc.",医药生物
Energy Transfer Corp. LP,石油石化
MaxQ AI Ltd.,计算机
Carbon Energy Corporation,石油石化
"Sharedlabs, Inc",计算机
Hightimes Holding Corp.,传媒
Invesco High Income 2024 Target Term Fund,非银金融
Highland Income,非银金融
Dreyfus Alcentra,非银金融
XAI Octagon Floating Rate & Alternative Income Term Trust,非银金融
"Howard Midstream Partners, LP",石油石化
"Preferred Sands, Inc.",建筑材料
"Pressure BioSciences, Inc.",医药生物
Eaton Vance Floating-Rate 2022 Target Term Trust,非银金融
Vencore Holding Corp.,计算机
"Frankly, Inc.",传媒
NextNav Inc.,通信
VIST Financial Corp.,银行
Founder SPAC Class A,非银金融
Avast Software N.V.,计算机
Insight Acquisition Corp. Class A,非银金融
Fintech Ecosystem Development Corp. Class A,非银金融
Tuscan Holdings Corp. II,非银金融
"Tempo Automation Holdings, Inc.",电子
Grindr Inc.,传媒
NewAmsterdam Pharma Company N.V.,医药生物
Kismet Acquisition Three Corp. Class A,非银金融
EUDA Health Holdings Limited,医药生物
KWESST Micro Systems Inc,国防军工
KnightSwan Acquisition Corp. Class A,非银金融
Perimeter Solutions SA,环保
Sono Group NV,汽车
"Embark Technology, Inc.",汽车
Revelstone Capital Acquisition Corp. Class A,非银金融
FTAC Emerald Acquisition Corp. Class A,非银金融
Target Global Acquisition I Corp. Class A,非银金融
Growth For Good Acquisition Corp. Class A,非银金融
"Knightscope, Inc. Class A",国防军工
Healthcare AI Acquisition Corp. Class A,医药生物
Power & Digital Infrastructure Acquisition II Corp. Class A,电力设备
Emerging Markets Horizon Corp. Class A,非银金融
Armada Acquisition Corp. I,非银金融
Fortune Joy International Acquisition Corp. Class A,非银金融
"Tharimmune, Inc.",医药生物
Kyndryl Holdings Incorporation,计算机
TriplePoint Venture Growth BDC Corp.,非银金融
"Weave Communications, Inc.",通信
"Gerson Lehrman Group, Inc.",社会服务
"Jupiter Neurosciences, Inc.",医药生物
纽约梅隆银行,银行
Investcorp India Acquisition Corp. Class A,非银金融
Triple Flag Precious Metals Corp.,有色金属
"Franklin BSP Realty Trust, Inc.",房地产
Aura Biosciences Inc,医药生物
"Ventyx Biosciences, Inc.",医药生物
Nuveen Credit Opportunities 2022 Target Term Fund,非银金融
Nuveen Preferred and Income 2022 Term Fund,非银金融
Brookfield Real Assets Income Fund,非银金融
Invesco High Income 2023 Target Term Fund,非银金融
Eagleline Acquisition Corp.,非银金融
Tick Pilot Test C Common Stock,非银金融
"Lipella Pharmaceuticals, Inc.",医药生物
"AgEagle Aerial Systems, Inc./NV",机械设备
RiverNorth/DoubleLine Strategic Opportunity Fund,非银金融
NYSE Tick Pilot Test Sym-G2,非银金融
NYSE Tick Pilot Test Sym-G1,非银金融
NYSE Tick Pilot Test Sym-Control,非银金融
Advanced Inhalation Therapies (AIT) Ltd.,医药生物
RiverNorth Opportunities Fund,非银金融
"Cadrenal Therapeutics, Inc.",医药生物
NB Capital Acquisition Corp.,非银金融
First Trust Dynamic Europe Equity Income Fund,非银金融
Vital Human Capital Inc,社会服务
Calamos Dynamic Convertible & Income Fund,非银金融
Royalty Flow Inc.,传媒
Nuveen Dow 30SM Dynamic Overwrite Fund,非银金融
Nuveen S&P 500 Dynamic Overwrite Fund,非银金融
Nuveen Global High Income Fund,非银金融
"Audeo Oncology, Inc.",医药生物
"Fortis Minerals, LLC",有色金属
MasterBrand Inc,轻工制造
"PharMEDium Healthcare Holdings, Inc.",医药生物
"Nextdoor Holdings, Inc. Class A",传媒
Perfect Corp. Class A,计算机
"Loyalty Ventures, Inc.",商贸零售
Artemis Acquisition Corp.,非银金融
ATD Corp,汽车
BFFI GROUP INC,非银金融
Compulab Ltd.,计算机
Deep Space Acquisition Corp. I,非银金融
GLACIER WATER SERVICES INC.,公用事业
eASIC Corp,电子
"Fogo Hospitality, Inc.",社会服务
"HomeSmart Holdings, Inc.",房地产
"Landmark Apartment Trust, Inc.",房地产
"Car House Holding Co., Ltd.",汽车
Gas Ships Ltd,交通运输
"Interior Logic Group Holdings, LLC",建筑装饰
JBS Foods International B.V.,食品饮料
Kleopatra Holdings 2 S.C.A.,美容护理
Ledger Acquisition Co,计算机
DMB Acquisition Corp.,非银金融
BI Acquisition Corp,非银金融
"Imperial Garden & Resort, Inc.",社会服务
"MERCURY PAYMENT SYSTEMS, INC.",通信
"NYIAX, Inc.",传媒
Redgate Media Group-ADR-Redh,传媒
Jackson Financial Incorporation Class A,非银金融
Adamas One Corp.,有色金属
"T Stamp, Inc. Class A",通信
Sky Harbour Group Corp. Class A,交通运输
"Sonic Foundry, Inc.",传媒
"Boxed, Inc.",商贸零售
Cardio Diagnostics Holdings Inc.,医药生物
Local Bounti Corporation,农林牧渔
Berenson Acquisition Corp. I Class A,非银金融
"Compass Therapeutics, Inc.",医药生物
"SolarJuice Co., Ltd.",电力设备
"Shuttle Pharmaceuticals Holdings, Inc.",医药生物
盈喜集团,商贸零售
Brookfield Business Corp. Class A,非银金融
Vizsla Silver Corp.,有色金属
Zalatoris Acquisition Corp. Class A,非银金融
Ahren Acquisition Corp. Class A,非银金融
Pearl Holdings Acquisition Corp. Class A,非银金融
Ault Disruptive Technologies Corp.,计算机
Swiftmerge Acquisition Corporation Class A,非银金融
AP Acquisition Corp. Class A,非银金融
"Dave, Inc. Class A",非银金融
Nabors Energy Transition Corp. Class A,石油石化
TPG Inc Class A,非银金融
Mynaric AG Sponsored ADR,通信
SurgePays Inc,商贸零售
Mainz Biomed N.V.,医药生物
Cian Plc Sponsored ADR,房地产
"Real Good Food Co., Inc. Class A",食品饮料
USA Acquisition Corp.,非银金融
"Sancilio Pharmaceuticals Company, Inc.",医药生物
Dynasty Financial Partners Inc.,非银金融
"Fantex, Inc.",非银金融
China Sunflower Group Limited,农林牧渔
Costamare Partners LP,交通运输
"Aleph Group, Inc",传媒
Sports & Health Tech Acquisition Corp,非银金融
Sunity Online Entertainment Limited,传媒
QinHong International Group,商贸零售
Israel Amplify Program Corp.,通信
Bombax Healthcare Acquisition Corp,医药生物
Transfirst Holdings Corp.,交通运输
Red Cell DRM Acquisition Corp.,医药生物
Syncardia Systems Inc,医药生物
Endeavor Acquisition Corp.,非银金融
"Steinway Musical Instruments Holdings, Inc.",轻工制造
Ocean Rig Partners LP,石油石化
Cloudary Corporation,传媒
Thar Pharmaceuticals Inc,医药生物
Intrepid Acquisition Corp I,非银金融
"Empire Petroleum Partners, LP",石油石化
Aina Le'a Inc.,房地产
"BeneChill, Inc.",医药生物
AdChina Ltd.,传媒
Igniting Consumer Growth Acquisition Co Ltd,非银金融
Healthcare Merger Corp. II,非银金融
"Cole Haan, Inc.",纺织服饰
Twist Beauty S.a r.l. & Partners S.C.A.,美容护理
Bowie Resource Partners LP,煤炭
"Vivakor, Inc.",环保
"Specialty Building Products, Inc.",建筑材料
Solta Medical Corp,医药生物
Terryville Mineral & Royalty Partners LP,石油石化
Primech Holdings Ltd.,商贸零售
Ascendant Mobility Acquisition Corp I,非银金融
Zheng Hui Industry Corp-Redh,轻工制造
CBS Radio Inc.,传媒
Principal Maritime Tankers Corp,交通运输
Mars Acquisition Corp.,非银金融
"N-able, Inc.",计算机
Victoria's Secret & Company,纺织服饰
GXO Logistics Inc,交通运输
"Consensus Cloud Solutions, Inc.",计算机
优品车,汽车
"Loyalty Ventures, Inc.",社会服务
Vector Acquisition Corporation IV Class A,非银金融
Mericsson Acquisition Corp. Class A,非银金融
Energy Cloud I Acquisition Corporation Class A,非银金融
Modular Medical Inc,医药生物
"Nuburu, Inc.",电子
Genelux Corp.,医药生物
RPT Realty,房地产
伊坎企业,非银金融
"GTT Communications, Inc.",通信
Eros Media World PLC Class A,传媒
中国汽车物流,交通运输
壳牌石油-A,石油石化
FOXO Technologies Inc Class A,医药生物
Live Oak Acquisition Corp. II Class A,非银金融
Just Eat Takeaway.com N.V. ADS,商贸零售
"Electric Last Mile Solutions, Inc. Class A",汽车
"Clarus Therapeutics Holdings, Inc.",医药生物
Yellowstone Acquisition Co. Class A,非银金融
Shell PLC Sponsored ADR,石油石化
L&F Acquisition Corp. Class A,非银金融
NatWest Group Plc Sponsored ADR,银行
"ASP Isotopes, Inc.",医药生物
Blue World Acquisition Corp. Class A,非银金融
Savers Value Village Inc.,商贸零售
Bionomics Ltd ADR,医药生物
佳明,电子
Burke Herbert Financial Services Corp,银行
SilverBox Corp. III Class A,非银金融
"Sidoti & Company, Inc.",非银金融
"Hesperos, Inc",医药生物
Quintana Shipping Ltd.,交通运输
Tankships Investment Holdings Inc.,交通运输
SoulCycle Inc.,社会服务
"Inpellis, Inc.",计算机
Lamar Partnering Corp,非银金融
SEVEN OAKS ACQUISITION CORP. II,非银金融
Chobani Inc.,食品饮料
Li Bang International Corp Inc.,纺织服饰
Europa Growth Acquisition Co,非银金融
China Time Share Media Co. Ltd,传媒
Affinia Therapeutics Inc,医药生物
GPM Petroleum LP,石油石化
"Tai Shan Communications, Inc.",通信
Ironshore Inc.,非银金融
"J-Star Holding Co., Ltd.",轻工制造
"Lucy Scientific Discovery, Inc.",医药生物
Flowr Corp,食品饮料
Phoenix Acquisition Ltd,非银金融
Roman DBDR Tech Acquisition Corp. III,非银金融
"Aegis Identity Software, Inc.",计算机
"Samba TV, Inc.",传媒
"Imperial Resources, Llc",石油石化
Protein Simple,医药生物
"MetaStat, Inc.",医药生物
"African Agriculture, Inc.",农林牧渔
Byrna Technologies Inc.,国防军工
RCF Acquisition Corp. Class A,非银金融
Ascendant Digital Acquisition Corp. III Class A,非银金融
Apeiron Capital Investment Corp. Class A,非银金融
China Yuan Hong Fire Control Group Holdings Ltd.,国防军工
"BrightSpring Health Services, Inc.",社会服务
"Orion Office REIT, Inc.",房地产
"Imperial Petroleum, Inc.",石油石化
Embecta Corporation,医药生物
"Cryptyde, Inc.",计算机
"Enhabit, Inc",社会服务
Haleon PLC Sponsored ADR,医药生物
GSK plc Sponsored ADR,医药生物
FTAI Infrastructure Incorporation,公用事业
Xperi Inc,电子
"Bluerock Homes Trust, Inc. Class A",房地产
M-tron Industries Inc,机械设备
Linkage Technologies International Holdings Ltd. Sponsored ADR,通信
Silgan控股,轻工制造
ServisFirst Bancshares Inc,银行
"CPI Aerostructures, Inc.",国防军工
Crescera Capital Acquisition Corp. Class A,非银金融
Financial Strategies Acquisition Corp. Class A,非银金融
InFinT Acquisition Corp. Class A,非银金融
Noble Corporation PLC Class A,石油石化
Talon 1 Acquisition Corp. Class A,非银金融
Douglas Elliman Inc.,房地产
PROTONIQ Acquisition Corp.,非银金融
Digital Health Acquisition Corp,医药生物
Arena Fortify Acquisition Corp. Class A,非银金融
DP Cap Acquisition Corp. I Class A,非银金融
Finnovate Acquisition Corp. Class A,非银金融
Future Health ESG Corp.,医药生物
Brookfield Asset Management Ltd. Class A,非银金融
Horizon Acquisition Corp. II Class A,非银金融
"21st Century Oncology Holdings, Inc.",医药生物
Concord Acquisition Corp. II Class A,非银金融
Sangoma Technologies Corporation,通信
"dMY Technology Group, Inc. VI Class A",非银金融
坦迪皮革,纺织服饰
Hennessy Capital Investment Corp. VI Class A,非银金融
Arqit Quantum Inc.,计算机
"BT Brands, Inc.",食品饮料
"Intuitive Machines, Inc.Class A",机械设备
Argus Capital Corp. Class A,非银金融
Freeport-McMoRan Oil & Gas Inc.,石油石化
First Person Ltd,传媒
Spinning Eagle Acquisition Corp.,非银金融
Beroni Group Ltd,医药生物
Stellaris Growth Acquisition Corp.,非银金融
Tribe Capital Growth Corp II,非银金融
Navios South American Logistics Inc.,交通运输
"Mevion Medical Systems, Inc.",医药生物
"Strong Global Entertainment, Inc. Class A",传媒
"Grail, Inc",医药生物
KOLLTAN PHARMACEUTICALS INC,医药生物
LCP Acquisition Corp,非银金融
燕谷坊,食品饮料
宏力型钢,钢铁
Biolife4d Corp,医药生物
Blackboxstocks Inc.,计算机
KinderCare Learning Companies Inc,社会服务
Journey Medical Corp.,医药生物
"Ocean Biomedical, Inc.",医药生物
"Basis Global Technologies, Inc.",计算机
Sierra Lake Acquisition Corp. Class A,非银金融
"CI&T, Inc. Class A",计算机
Blockchain Moon Acquisition Corp.,非银金融
Zapp Electric Vehicles Group Limited,汽车
ABV International,通信
海洋动力科技,环保
"Northern Oil and Gas, Inc.",石油石化
"Evolving Systems, Inc.",通信
Daxor Corporation,医药生物
CorMedix Inc.,医药生物
"CTO Realty Growth, Inc.",房地产
CareTrust REIT Inc,房地产
"Builders FirstSource, Inc.",建筑材料
奥星制药,医药生物
阿布拉克萨斯石油,石油石化
"22nd Century Group, Inc.",医药生物
Fortress Transportation & Infrastructure Investors LLC,交通运输
"Interpace Biosciences, Inc.",医药生物
"WhiteSmoke, Inc.",计算机
Zoosk Inc,传媒
Votorantim Cimentos SA ADR,建筑材料
Aleris Corporation,有色金属
OceanPal Inc,交通运输
Iris Energy Ltd.,电力设备
"Sweetgreen, Inc. Class A",食品饮料
Direct Selling Acquisition Corp. Class A,非银金融
影高文化,传媒
GFI Software S.A.,计算机
雷亚电子,电子
Optiv Inc.,计算机
Arysta LifeScience plc,医药生物
"WisdomTree Investments, Inc.",非银金融
Cypress Environmental Partners LP,环保
中国石化,石油石化
金融界,非银金融
"Blonder Tongue Laboratories, Inc.",电子
A.H. Belo Corporation Class A,传媒
Vox Royalty Corp,非银金融
易恒健康,医药生物
"Intellinetics, Inc.",计算机
戴蒙德海底钻探,石油石化
"Lead Real Estate Co., Ltd. Sponsored ADR",房地产
"NightHawk Biosciences, Inc.",医药生物
NorthView Acquisition Corp.,非银金融
"Turo, Inc.",交通运输
UTA Acquisition Corp. Class A,非银金融
Games & Esports Experience Acquisition Co. Class A,传媒
冰川万通金控,非银金融
Qomolangma Acquisition Corp.,非银金融
Grand Farm Inc.,农林牧渔
Ellipse Technologies Inc,医药生物
"Redaptive, Inc.",电力设备
Hunting Dog Capital Corp.,非银金融
"NUGENEREX IMMUNO-ONCOLOGY, INC.",医药生物
United Guaranty Corp.,非银金融
Eleison Pharmaceuticals Inc,医药生物
Boustead Wavefront Inc.,机械设备
"Jintai Mining Group, Inc.",煤炭
PES Logistics Partners LP,交通运输
La Rosa Holdings Corp.,房地产
Bicapital Corp,非银金融
"McGraw-Hill Education, Inc.",传媒
"ETRE Residential, LLC",房地产
Ulthera Inc,医药生物
5G Edge Acquisition Corp.,通信
INTERNET SCIENCES INC.,通信
GEF Acquisition Corp,非银金融
Elate Group Inc Class A,商贸零售
Stewart & Stevenson LLC,机械设备
Performance Health Holdings Corp.,医药生物
Elephant Oil Corp.,石油石化
中进医疗,医药生物
Graf Acquisition Corp. III,非银金融
Basilea Pharmaceutica Ltd.,医药生物
Agendia N.V.,医药生物
JJ Opportunity Corp. Class A,非银金融
Heartland Media Acquisition Corp. Class A,传媒
Incannex Healthcare Limited Sponsored ADR,医药生物
OncoCyte Corp.,医药生物
"ALJ Regional Holdings, Inc.",商贸零售
"Kadmon Holdings, Inc.",医药生物
Tellurian Inc.,石油石化
爱新鲜,食品饮料
NexGen Energy Ltd.,有色金属
"Youngevity International, Inc.",医药生物
Baker Hughes Company Class A,石油石化
Spark Networks SE Sponsored ADR,传媒
"8x8, Inc.",通信
"Renovare Environmental, Inc.",环保
Canopy Growth Corporation,医药生物
"CBM Bancorp, Inc.",银行
Pareteum Corporation,通信
Aurora Cannabis Inc.,医药生物
APEX Global Brands Inc.,商贸零售
Keyarch Acquisition Corp. Class A,非银金融
Cosmos Health Inc,医药生物
Global Indemnity Group LLC Class A,非银金融
"Kinsale Capital Group, Inc.",非银金融
Hunt Companies Acquisition Corp. I Class A,非银金融
"Genocea Biosciences, Inc.",医药生物
"Kaleido Biosciences, Inc.",医药生物
"LMP Automotive Holdings, Inc.",汽车
"Mobiquity Technologies, Inc.",通信
AIB Acquisition Corporation Class A,非银金融
Austin Gold Corp.,有色金属
ALSP Orchid Acquisition Corp. I Class A,非银金融
Achari Ventures Holdings Corp. I,非银金融
Crypto 1 Acquisition Corp. Class A,非银金融
5.11 ABR Corp.,纺织服饰
OI S.A. Sponsored ADR Sponsored ADR,轻工制造
"Teligent, Inc.",医药生物
"Nicolet Bankshares, Inc.",银行
Enel Americas S.A. Sponsored ADR,公用事业
"Sierra Metals, Inc.",有色金属
"Allena Pharmaceuticals, Inc.",医药生物
"Odonate Therapeutics, Inc.",医药生物
Biofrontera AG Sponsored ADR,医药生物
朴新教育,社会服务
"Retail Value, Inc.",房地产
触宝,通信
流利说,社会服务
"BM Technologies, Inc. Class A",非银金融
"Zovio, Inc.",社会服务
Gores Holdings IV Inc Class A,非银金融
B. Riley Principal Merger Corp II Class A,非银金融
Ascendant Digital Acquisition Corp. Class A,非银金融
Churchill Capital Corp IV Class A,非银金融
PTK Acquisition Corp.,非银金融
Orphazyme A/S Unsponsored ADR,医药生物
Horizon Acquisition Corporation Class A,非银金融
Climate Change Crisis Real Impact I Acquisition Corp Class A,非银金融
怀丁石油,石油石化
Weight Watchers International,美容护理
Signal Hill Acquisition Corp. Class A,非银金融
联合航空,交通运输
AlphaVest Acquisition Corporation,非银金融
APx Acquisition Corp. I Class A,非银金融
Pyrophyte Acquisition Corp. Class A,非银金融
RBC Bearings Incorporated,机械设备
"Lisata Therapeutics, Inc.",医药生物
Modiv Industrial Inc. Class C,房地产
FOXO Technologies Inc.,医药生物
NOVONIX Ltd Sponsored ADR,电子
Blue Star Foods Corp.,食品饮料
"Desert Peak Minerals, Inc. Class A",石油石化
"Braze, Inc. Class A",计算机
"Chicago Atlantic Real Estate Finance, Inc.",房地产
Capitalworks Emerging Markets Acquisition Corp. Class A,非银金融
Third Coast Bancshares Inc,银行
Blue Water Acquisition Corp. II,非银金融
"Backblaze, Inc. Class A",计算机
"Rivian Automotive, Inc. Class A",汽车
"Claire's, Inc.",美容护理
"Blue Water Biotech, Inc.",医药生物
Skeena Resources Limited,有色金属
烯石电车新材料,电子
"Helios Technologies, Inc.",机械设备
"Sinocom Pharmaceutical, Inc.",医药生物
PointClickCare Corp.,计算机
CytoMed Therapeutics Limited,医药生物
"Gores Holdings X, Inc.",非银金融
Aries II Acquisition Corp,非银金融
CORNER GROWTH ACQUISITION CORP. 3,非银金融
"Agora Digital Holdings, Inc.",计算机
U-BX Technology Ltd.,电子
mBloom Business Development Co LLC,社会服务
InnoLight Technology Corp,电子
Fuda Group (USA) Corp,建筑材料
The Future Education Group Inc.,社会服务
VIKASA SPAC Series I Acquisition Corp.,非银金融
"Goxus, Inc",计算机
"Ballast Point Brewing & Spirits, Inc.",食品饮料
Reverse Mortgage Investment Trust Inc.,非银金融
Bavarian Nordic A/S / ADR,医药生物
Royal Resources Partners LP,煤炭
GCL Silicon Technology Holdings Inc,电子
Exmar Energy Partners LP,石油石化
Ecolomondo Corp.,环保
"China Power Technology, Inc.",电力设备
US Dry Cleaning Services Corp,社会服务
Permian Resources Corporation Class A,石油石化
Haiwang Resources & Technology Ltd.,有色金属
Pegasus Digital Mobility Acquisition Corp. Class A,非银金融
Newcourt Acquisition Corp. Class A,非银金融
GlucoTrack Inc,医药生物
Worldwide Webb Acquisition Corp. Class A,非银金融
Lifezone Metals Limited,有色金属
"Molekule Group, Inc.",环保
SCVX Corp. Class A,非银金融
Greenrose Acquisition Corp,非银金融
HPX Corp. Class A,非银金融
BowX Acquisition Corp Class A,非银金融
Tailwind Acquisition Corp. Class A,非银金融
PMV Consumer Acquisition Corp. Class A,非银金融
VG Acquisition Corp. Class A,非银金融
"Dream Finders Homes, Inc. Class A",房地产
Kingswood Acquisition Corp. Class A,非银金融
G&P Acquisition Corp. Class A,非银金融
"Cryo-Cell International, Inc.",医药生物
"First Light Acquisition Group, Inc. Class A",非银金融
"Principal Solar, Inc.",电力设备
"CUR Media, Inc.",传媒
美联国际教育,社会服务
"NeuroSigma, Inc.",医药生物
New Source Energy Corp.,石油石化
"Gores Holdings IX, Inc. Class A",非银金融
Nexsan Corp,电子
Papaya Growth Opportunity Corp. I Class A,非银金融
Cariloha Inc Class A,纺织服饰
Investcorp Europe Acquisition Corp. I Class A,非银金融
"Arcellx, Inc.",医药生物
Motive Capital Corp. II Class A,非银金融
ExcelFin Acquisition Corp. Class A,非银金融
NewHold Investment Corp. II Class A,非银金融
ESGEN Acquisition Corp. Class A,非银金融
Onyx Acquisition Co. I Class A,非银金融
GC Aesthetics plc,美容护理
Fender Musical Instruments Corp.,轻工制造
FusionStorm Global Inc.,计算机
Hexion Specialty Chemicals Inc.,基础化工
"International Market Centers, Inc.",商贸零售
Goodman Networks Inc,通信
KineMed Inc,医药生物
"Iroko Pharmaceuticals, Inc.",医药生物
"KLOX Technologies, Inc.",医药生物
Sagaliam Acquisition Corp. Class A,非银金融
Vivani Medical Inc.,医药生物
Crescent Energy Company Class A,石油石化
PepperLime Health Acquisition Corp. Class A,医药生物
Enterprise 4.0 Technology Acquisition Corp. Class A,计算机
"Beneficient Co Group, L.P.",非银金融
"Creative Medical Technology Holdings, Inc.",医药生物
Northern Power Systems Corp.,电力设备
Aeon Acquisition Corp,非银金融
"Peekay Boutiques, Inc.",美容护理
Quiet Plus I Acquisition Corp.,非银金融
Queen's Gambit Growth Capital II,非银金融
Revolution Acceleration Acquisition Corp. II,非银金融
RMG Acquisition Corp. V,非银金融
RMG Acquisition Corp. VI,非银金融
Aquarius I Acquisition Corp.,非银金融
SEP Growth Holdings Corp.,非银金融
Altitude Acquisition Corp. III,非银金融
Transformational CPG Acquisition Corp.,非银金融
Think Elevation Capital Growth Opportunities,非银金融
Arago Acquisition Corp.,非银金融
Acies Acquisition Corp. II,非银金融
Aurvandil Acquisition Corp.,非银金融
Biotech Group Acquisition Corp,非银金融
"Shimmick Construction Co., Inc.",建筑装饰
Rib-X Pharmaceuticals Inc.,医药生物
Beamr Imaging Ltd.,电子
Vector Acquisition Corporation III Class A,非银金融
Zentek Ltd.,环保
Stellaris Growth Acquisition Corp,非银金融
"Calidi Biotherapeutics, Inc.",医药生物
"Civitas Therapeutics, Inc.",医药生物
AltheaDx Inc,医药生物
"Infraredx, Inc.",电子
Jeneration Acquisition Corp. Class A,非银金融
CSLM Acquisition Corp. Class A,非银金融
Atlantic Coastal Acquisition Corp. II Class A,非银金融
LIV Capital Acquisition Corp. II Class A,非银金融
CEA Industries Inc,机械设备
"Direct Digital Holdings, Inc. Class A",传媒
TC BioPharm (Holdings) PLC Sponsored ADR,医药生物
"MaxLinear, Inc.",电子
"Green Brick Partners, Inc.",房地产
Marblegate Acquisition Corp. Class A,非银金融
Home Plate Acquisition Corp. Class A,非银金融
Monterey Innovation Acquisition Corp.,非银金融
纽威品牌,纺织服饰
卡夫食品集团,食品饮料
通用钢铁,钢铁
"Extended Stay America, Inc.",社会服务
探索传播_A,传媒
探索传播-B,传媒
探索传播_C,传媒
Dividend and Income Fund,非银金融
Cohen & Steers MLP Income & Energy Opportunity Fund Inc,非银金融
Locafy Ltd.,通信
AXIOS Sustainable Growth Acquisition Corp. Class A,非银金融
Conduit Pharmaceuticals Inc.,医药生物
"Harte-Hanks, Inc.",传媒
"HashiCorp, Inc. Class A",计算机
Clearmind Medicine Inc.,医药生物
中国人寿,非银金融
Counter Press Acquisition Corp. Class A,非银金融
恒光控股,房地产
Silver Spike Investment Corp.,非银金融
"Iveda Solutions, Inc.",计算机
Relativity Acquisition Corp. Class A,非银金融
SRH Total Return Fund-Common Stock,非银金融
Starbox Group Holdings Ltd.,商贸零售
Bountiful Co.,医药生物
Nu Holdings Ltd. Class A,非银金融
Genenta Science SpA Sponsored ADR,医药生物
Maris-Tech Ltd.,电子
"Chijet Motor Company, Inc.",汽车
"Rue Gilt Groupe, Inc.",商贸零售
"TypTap Insurance Group, Inc.",非银金融
Infinite Acquisition Corp. Class A,非银金融
"Edible Garden AG , Inc.",农林牧渔
Seaport Global Acquisition II Corp. Class A,非银金融
Pomelo Acquisition Corp. Ltd. Class A,非银金融
"NexGel, Inc.",医药生物
"Samsara Vision, Inc.",医药生物
Digihost Technology Inc,计算机
Vivid Seats Inc. Class A,商贸零售
Embrace Change Acquisition Corp.,非银金融
安富利,电子
"Eloxx Pharmaceuticals, Inc.",医药生物
Lovesac Company,轻工制造
"Columbia Financial, Inc.",银行
Mogo Inc,非银金融
AdaptHealth Corp.,医药生物
"Evelo Biosciences, Inc.",医药生物
"WiSA Technologies, Inc.",电子
BayCom Corp.,银行
Helius Medical Technologies Inc Class A,医药生物
虎牙,传媒
"Business First Bancshares, Inc.",银行
PermRock Royalty Trust,石油石化
"Spirit of Texas Bancshares, Inc.",银行
"Construction Partners, Inc. Class A",建筑装饰
启迪医疗,医药生物
"Digital Media Solutions, Inc. Class A",传媒
联合生物技术,医药生物
HeadHunter Group Plc Sponsored ADR,社会服务
鹅头保险,非银金融
"nLIGHT, Inc.",电子
"DocuSign, Inc.",计算机
GrafTech International Ltd.,电力设备
祖睿,计算机
"Lazydays Holdings, Inc.",交通运输
Orgenesis Inc.,医药生物
Hycroft Mining Holding Corporation Class A,有色金属
Cocrystal Pharma Inc,医药生物
OP Bancorp,银行
Target Hospitality Corp.,社会服务
"Homology Medicines, Inc.",医药生物
"Cogent Biosciences, Inc.",医药生物
"FNCB Bancorp, Inc.",银行
Cetus Capital Acquisition Corp. Class A,非银金融
Meta Data Limited Sponsored ADR Class A,计算机
哔哩哔哩,传媒
Spotify Technology SA,传媒
爱奇艺,传媒
Ranpak Holdings Corp Class A,轻工制造
格林酒店,社会服务
Cronos Group Inc,医药生物
尚德机构,社会服务
"Dropbox, Inc. Class A",计算机
NextPlay Technologies Inc,计算机
Par Pacific Holdings Inc,石油石化
Manitex国际,机械设备
"Marchex, Inc. Class B",传媒
"Malvern Bancorp, Inc.",银行
MarketAxess Holdings Inc.,非银金融
马尼托沃克,机械设备
"Marcus & Millichap, Inc.",房地产
寰泰生技,医药生物
"MasTec, Inc.",机械设备
McGrath RentCorp,社会服务
Martin Midstream Partners L.P.,石油石化
"Mastech Digital, Inc.",计算机
万事达,非银金融
迈威尔科技,电子
毛伊岛菠萝食品,食品饮料
MBIA Inc.,非银金融
麦克森,医药生物
马斯可木业,轻工制造
Matador Resources Company,石油石化
"Stagwell, Inc. Class A",传媒
Materialise NV Sponsored ADR,计算机
麦斯莫医疗,医药生物
Materion Corporation,有色金属
Ladder Capital Corp. Class A,非银金融
克瑞拓斯安全防卫,国防军工
拉马尔户外广告,传媒
"Bath & Body Works, Inc.",美容护理
兰卡斯特食品,食品饮料
LB福斯特,机械设备
克罗格,商贸零售
施泰力,医药生物
光辉国际,美容护理
莱克肖尔万通金控,非银金融
"Kronos Worldwide, Inc.",有色金属
"Lifecore Biomedical, Inc.",医药生物
Kosmos能源,石油石化
韩国电信,通信
兰德马克银行,银行
"Leidos Holdings, Inc.",国防军工
乐居,房地产
美盛BW全球收益机会基金,非银金融
勒梅特微管医疗,医药生物
莱纳房产-A,房地产
LXP Industrial Trust,房地产
雷诺士,汽车
InnSuites Hospitality Trust,社会服务
宜瑞安,医药生物
Cohen & Company Inc,非银金融
Millicom International Cellular SA,通信
1895 Bancorp of Wisconsin Inc,银行
依特香水,美容护理
"Installed Building Products, Inc.",建筑装饰
国际香料香精,美容护理
国际银行,银行
"Snowflake, Inc. Class A",计算机
International Business Machines Corporation,计算机
国际游戏科技,传媒
"Intrepid Potash, Inc.",农林牧渔
景顺优势市政收益信托II,非银金融
景顺债券基金,非银金融
Interxion Holding N.V.,通信
IntriCon Corporation,电子
国际纸业,轻工制造
景顺加州价值市政收益信托,非银金融
inTEST Corporation,机械设备
财捷,计算机
因特瓦克,石油石化
iRobot Corporation,家用电器
景顺纽约市政投资级信托,非银金融
Centerspace,房地产
铁山,交通运输
景顺市政投资级信托,非银金融
Investors Title Company,非银金融
景顺价值市政收益信托,非银金融
Ironwood医药,医药生物
Investar Holding Corp,银行
IRSA Inversiones y Representaciones SA Sponsored ADR,房地产
Ituran Location and Control Ltd.,通信
摩根大通,银行
常春藤高收益机会信托,非银金融
梅斯物业,房地产
伊塔乌联合,银行
JB Hunt运输服务,交通运输
"Perspective Therapeutics, Inc.",医药生物
JJSF食品,食品饮料
"Iteris, Inc.",通信
Issuer Direct Corporation,计算机
"Rubius Therapeutics, Inc.",医药生物
"Replimune Group, Inc.",医药生物
OptimizeRx Corporation,计算机
"Establishment Labs Holdings, Inc.",美容护理
"First Western Financial, Inc.",银行
"Tilray Brands, Inc.",食品饮料
Cushman & Wakefield Plc,房地产
Cenntro Electric Group Limited,汽车
Coastal Financial Corporation,银行
"Marin Software, Inc.",计算机
InVivo Therapeutics Holdings Corporation,医药生物
Grindrod Shipping Holdings Ltd.,交通运输
"Soliton, Inc.",医药生物
"Lottery.com, Inc.",传媒
绿专资本,非银金融
Bloom Energy Corporation Class A,电力设备
Nikola Corporation,汽车
"HireQuest, Inc.",社会服务
Tricida Inc,医药生物
"Evergy, Inc.",公用事业
"Domo, Inc. Class B",计算机
"Translate Bio, Inc.",医药生物
"EverQuote, Inc. Class A",非银金融
E. W. Scripps Company Class A,传媒
Skyline Champion Corp.,房地产
"comScore, Inc.",传媒
溶瘤生物科技,医药生物
IMV Inc.,医药生物
"Neuronetics, Inc.",医药生物
"Wyndham Hotels & Resorts, Inc.",社会服务
Atlas Energy Solutions Inc.,石油石化
Blackrock Munivest Fund,非银金融
Feutune Light Acquisition Corporation Class A,非银金融
"Ultimax Digital, Inc.",计算机
优信,商贸零售
"BrightView Holdings, Inc.",社会服务
"Essential Properties Realty Trust, Inc.",房地产
"i3 Verticals, Inc. Class A",非银金融
AVROBIO Inc,医药生物
Kezar Life Sciences Inc,医药生物
"Xeris Biopharma Holdings, Inc.",医药生物
"Dianthus Therapeutics, Inc.",医药生物
"Focus Financial Partners, Inc. Class A",非银金融
"HyreCar, Inc.",交通运输
Eurodry Ltd.,交通运输
PolyPid Ltd.,医药生物
Aptinyx Inc,医药生物
"electroCore, Inc.",医药生物
Verrica Pharmaceuticals Inc.,医药生物
普惠财富,非银金融
"Charah Solutions, Inc.",环保
IBEX Holdings Ltd.,社会服务
"eXp World Holdings, Inc.",房地产
"CorePoint Lodging, Inc.",房地产
"BJ's Wholesale Club Holdings, Inc.",商贸零售
MeiraGTx Holdings Plc,医药生物
Avalara Inc,计算机
"Provention Bio, Inc.",医药生物
"Talos Energy, Inc.",石油石化
美国xpress企业,交通运输
Autolus Therapeutics Plc Sponsored ADR,医药生物
Piedmont Lithium Inc,有色金属
"Amneal Pharmaceuticals, Inc. Class A",医药生物
"Jerash Holdings (US), Inc.",纺织服饰
Iterum Therapeutics plc,医药生物
nVent Electric plc,电力设备
"Biglari Holdings, Inc. Class A",商贸零售
"Biglari Holdings, Inc. Class B",商贸零售
"GreenSky, Inc. Class A",非银金融
Kiniksa Pharmaceuticals Ltd. Class A,医药生物
Scholar Rock Holding Corp.,医药生物
"GSE Systems, Inc.",计算机
"EVO Payments, Inc. Class A",非银金融
"Lyra Therapeutics, Inc.",医药生物
Nuvve Holding Corp.,电力设备
APi Group Corporation,建筑装饰
王道科技,计算机
"M.D.C. Holdings, Inc.",房地产
Senstar Technologies Ltd.,通信
麦格里基础设施,公用事业
Macquarie/First Trust Global,非银金融
"MACOM Technology Solutions Holdings, Inc.",电子
麦哲伦健康服务,医药生物
莱德尔,商贸零售
Banco Macro SA Sponsored ADR Class B,银行
麦哲伦油气,石油石化
"MacroGenics, Inc.",医药生物
MI家居,家用电器
梅西百货,商贸零售
魔力软件企业集团,计算机
Magyar Bancorp Inc,银行
"PolarityTE, Inc.",医药生物
MakeMyTrip Ltd.,商贸零售
马拉松石油,石油石化
曼哈顿联合软件,计算机
"Malibu Boats, Inc. Class A",轻工制造
马拉松原油,石油石化
曼哈顿大桥投资股份,非银金融
马克尔保险,非银金融
马林克罗制药,医药生物
Fusion Pharmaceuticals Inc,医药生物
"Akouos, Inc.",医药生物
亿邦国际,商贸零售
声网,通信
Nuzee Inc,食品饮料
"Biora Therapeutics, Inc.",医药生物
"Forma Therapeutics Holdings, Inc.",医药生物
Repare Therapeutics Inc.,医药生物
"VerifyMe, Inc.",计算机
Renovacor Inc,医药生物
狮子集团控股,社会服务
"Bricktown Restaurant Group, Inc.",食品饮料
Royalty Pharma Plc Class A,医药生物
"Vroom, Inc.",汽车
"AppHarvest, Inc.",农林牧渔
"AZEK Co., Inc. Class A",建筑材料
约翰逊户外,社会服务
JMP Group LLC,非银金融
Japan Smaller Capitalization Fund Inc,非银金融
Jewett-Cameron Trading Company Ltd.,轻工制造
Portman Ridge Finance Corporation,非银金融
Kennametal Inc.,机械设备
"Stride, Inc.",计算机
堪萨斯南方铁路,交通运输
卡尼金融储蓄,银行
"Kennedy-Wilson Holdings, Inc.",房地产
凯登纸业,轻工制造
肯塔基第一银行,银行
Kayne AndersonMLP投资,非银金融
家乐氏,食品饮料
"OPENLANE, Inc.",商贸零售
凯撒铝业,有色金属
韩国国民银行,银行
"Kelly Services, Inc. Class B",社会服务
"Karyopharm Therapeutics, Inc.",医药生物
绿山咖啡,食品饮料
KB Home,房地产
凯利服务,社会服务
基瓦尼科技,计算机
KBR科技,机械设备
Kemper Corp,非银金融
Key Tronic Corporation,计算机
科凯国际,电子
Kirklands家具,轻工制造
Kforce Inc.,社会服务
金克地产,房地产
金石保险,非银金融
凯特地产信托,房地产
吉劳埃地产,房地产
Kingsway金融服务,非银金融
"LifeLock, Inc.",通信
"Edgio, Inc.",计算机
"LHC Group, Inc.",社会服务
生活时光品牌家具,轻工制造
莱斯康制药,医药生物
Limoneira Company,农林牧渔
John Hancock投资者信托,非银金融
James Hardie Industries PLC Sponsored ADR,建筑材料
林肯教育服务,社会服务
Ligand Pharmaceuticals Incorporated,医药生物
"Genasys, Inc.",通信
现场之国娱乐,传媒
劳拉空间通信,通信
Live Ventures Inc,商贸零售
LSB工业,基础化工
"LivePerson, Inc.",计算机
Lipocine Inc,医药生物
洛克希德马丁,国防军工
LKQ Corporation,轻工制造
LSI设备,机械设备
"Applied Molecular Transport, Inc.",医药生物
达达,商贸零售
传奇生物,医药生物
"Lantern Pharma, Inc.",医药生物
"Shift4 Payments, Inc. Class A",非银金融
Calliditas Therapeutics AB Sponsored ADR,医药生物
ZoomInfo Technologies Inc,计算机
"Pliant Therapeutics, Inc.",医药生物
华纳音乐,传媒
"FTS International, Inc. Class A",煤炭
"Inari Medical, Inc.",医药生物
Music Acquisition Corp. Class A,传媒
"Ikena Oncology, Inc.",医药生物
Jaws Mustang Acquisition Corp. Class A,非银金融
"Design Therapeutics, Inc.",医药生物
"Pear Therapeutics, Inc. Class A",医药生物
MDH Acquisition Corp. Class A,非银金融
African Gold Acquisition Corp. Class A,非银金融
"Finch Therapeutics Group, Inc.",医药生物
"ACV Auctions, Inc. Class A",商贸零售
Z-Work Acquisition Corp. Class A,非银金融
知乎,传媒
Westwater Resources Inc,有色金属
"Cricut, Inc. Class A",轻工制造
"Movano, Inc.",医药生物
"Satellogic, Inc. Class A",国防军工
"Inotiv, Inc.",医药生物
"DigitalOcean Holdings, Inc.",计算机
"SEMrush Holdings, Inc. Class A",计算机
Adara Acquisition Corp. Class A,非银金融
4d Pharma PLC Sponsored ADR,医药生物
"thredUP, Inc. Class A",商贸零售
QualTek Services Inc. Class A,机械设备
"Alignment Healthcare, Inc.",医药生物
Flora Growth Corp.,农林牧渔
陆金所控股,非银金融
"Inhibikase Therapeutics, Inc.",医药生物
"Galecto, Inc.",医药生物
"MediaAlpha, Inc. Class A",传媒
"Leslie's, Inc.",商贸零售
"Biodesix, Inc.",医药生物
"Allegro MicroSystems, Inc.",电子
Absolute Software Corporation,计算机
"MDNA Life Sciences, Inc.",医药生物
Multi Ways Holdings Limited,非银金融
铭腾模具,机械设备
Himalaya Shipping Ltd.,交通运输
Ascent Industries Co.,基础化工
"Tingo Group, Inc.",商贸零售
OneWater Marine Inc Class A,交通运输
必能宝,汽车
"Waitr Holdings, Inc. Class A",商贸零售
数海信息,计算机
Apyx Medical Corporation,医药生物
阿提夫控股,非银金融
Renovaro Biosciences Inc.,医药生物
Suzano SA Sponsored ADR,农林牧渔
"Alkaline Water Co., Inc.",食品饮料
"AgeX Therapeutics, Inc.",医药生物
塞德斯医疗,医药生物
大都会人寿,非银金融
梅思恩,医药生物
"Castle Creek Biosciences, Inc.",医药生物
Hash Space Acquisition Corp.,非银金融
"Jasper Therapeutics, Inc.",医药生物
Afternext Healthtech Acquisition Corp. Class A,非银金融
EngageSmart Inc,计算机
"Procaps Group, S.A.",医药生物
微软,计算机
"MiMedx Group, Inc.",医药生物
英国保诚,非银金融
Psychemedics Corporation,医药生物
公积金金融服务,非银金融
Prudential Short Duration High Yield Fund,非银金融
印尼电信,通信
宾夕法尼亚保德信,非银金融
PTC公司,计算机
保德信金融,非银金融
"PTC Therapeutics, Inc.",医药生物
Old Republic国际,非银金融
NeuBase Therapeutics Inc,医药生物
欧迪办公,轻工制造
欧德第二银行,银行
"Oil States International, Inc.",石油石化
"Achieve Life Sciences, Inc.",医药生物
欧林,农林牧渔
美国石油勘探,石油石化
"Olympic Steel, Inc.",钢铁
"Omnicell, Inc.",计算机
大众银行,银行
"Limestone Bancorp, Inc.",银行
PolyMet Mining Corp.,有色金属
"PRA Group, Inc.",非银金融
Potbelly Corp.,食品饮料
Avient Corporation,基础化工
波特兰通用电气,电力设备
PotlatchDeltic Corporation,农林牧渔
波尔图制药,医药生物
奥瑞许科技,电子
奥菲斯国际,商贸零售
奥本海默控股,非银金融
Oshkosh Corp,机械设备
互联网科技包装,计算机
芬塔,通信
维易科精密仪器,机械设备
"Moatable, Inc.",计算机
"Republic Bancorp, Inc. Class A",银行
Retail Opportunity Investments Corp.,商贸零售
"RB Global, Inc.",商贸零售
RGC资源,煤炭
Fit Boxx Holdings Limited,美容护理
格陵兰科技,计算机
Lavoro Ltd,农林牧渔
Wallbox N.V. Class A,家用电器
希尔国际,轻工制造
阿贝斯,食品饮料
棒约翰,食品饮料
"LiqTech International, Inc.",环保
Parsons Corporation,国防军工
"Greenlane Holdings, Inc. Class A",轻工制造
"Brigham Minerals, Inc. Class A",石油石化
"Change Healthcare, Inc.",计算机
ESS Tech Inc,电力设备
"iFIT Health & Fitness, Inc. Class A",美容护理
"P10, Inc. Class A",非银金融
雷欧尼尔,机械设备
研控科技,计算机
实耐宝,机械设备
智利矿业化工,石油石化
索尼克汽车,汽车
SLR Investment Corp.,非银金融
Sotherly Hotels Inc.,社会服务
A.O.史密斯,家用电器
"Smith Micro Software, Inc.",计算机
SLR Senior Investment Corp,非银金融
索尼,电子
天然阳光产品,食品饮料
NCR公司,计算机
纳图斯医疗,医药生物
中阳金融集团,非银金融
Accretion Acquisition Corp.,非银金融
NFT Limited,计算机
"Alpine 4 Holdings, Inc. Class A",机械设备
LAVA Medtech Acquisition Corp. Class A,医药生物
"Arteris, Inc.",电子
迪克希,电子
固特异轮胎橡胶,汽车
第一长岛,房地产
Michaels Companies Inc,商贸零售
"Ultimate Software Group, Inc.",计算机
哈克特服务,社会服务
Middleby Corporation,家用电器
海恩时富,通信
纳斯达克,非银金融
York Water Company,公用事业
第九城市,传媒
汉诺威保险,非银金融
多尼斯,食品饮料
"SOBR Safe, Inc.",医药生物
Thimble Point Acquisition Corp. II Class A,非银金融
Peridot Acquisition Corp. III Class A,非银金融
Bilander Acquisition Corp. Class A,非银金融
Global Systems Dynamics Inc. Class A,计算机
Canna-Global Acquisition Corp. Class A,食品饮料
"Life Time Group Holdings, Inc.",社会服务
"Marpai, Inc. Class A",计算机
"Minority Equality Opportunities Acquisition, Inc. Class A",非银金融
威睿,计算机
Vicor Corporation,电子
VOC Energy Trust,石油石化
VEON Ltd. Sponsored ADR,通信
如新集团,医药生物
Kazia Therapeutics Ltd Sponsored ADR,医药生物
Nuveen California Quality Municipal Income Fund,银行
微妙通讯,通信
Nuveen AMT-Free Quality Municipal Income Fund,银行
Nuveen Quality Municipal Income Fund,银行
纽柯钢铁,钢铁
Nuveen Municipal Credit Income Fund,银行
Nuveen Dividend Advantage Municipal Income Fund,银行
联合利华,食品饮料
UGI Corporation,公用事业
UMB金融,非银金融
"U.S. Physical Therapy, Inc.",社会服务
联合银行,银行
"U.S. Silica Holdings, Inc.",有色金属
ULTA美妆,美容护理
科兴生物,医药生物
西蒙地产,房地产
拉夫劳伦,纺织服饰
CEB Inc.,社会服务
沃特世,机械设备
塔吉特,商贸零售
斑马技术,计算机
Zix Corporation,计算机
Virtus Global Dividend & Income Fund,非银金融
Zynga Inc. Class A,传媒
PBF Logistics LP,石油石化
Park National Corporation,银行
潘汉德尔油气,石油石化
Wells Fargo Income Opportunities Fund,非银金融
"Spectrum Pharmaceuticals, Inc.",医药生物
"Southwest Gas Holdings, Inc.",公用事业
圣乔,医药生物
斯坦泰克,机械设备
圣犹达医疗,医药生物
Star Group LP,公用事业
"Startek, Inc.",计算机
科学应用,计算机
学乐集团,社会服务
瓦可能源,煤炭
优莎娜,美容护理
"Vail Resorts, Inc.",社会服务
维蒙特工业,机械设备
罗杰斯,通信
汤森路透,传媒
尼尔森,传媒
"NN, Inc.",机械设备
诺亚财富,非银金融
Nordic American Tankers Limited,交通运输
Nordson Corporation,机械设备
North European Oil Royalty Trust,石油石化
诺基亚,通信
北方信托,银行
诺德斯特龙,机械设备
"Rhodium Enterprises, Inc. Class A",电子
Verdant Earth Technologies Ltd.,公用事业
Chardan NexTech Acquisition Corp.,计算机
帕特森,医药生物
"Revvity, Inc.",计算机
联合租赁,非银金融
ASGN Incorporated,计算机
Anywhere Real Estate Inc.,房地产
红帽,计算机
Regional Management Corp.,非银金融
地区金融,非银金融
普尔特房屋,房地产
"Inspired Entertainment, Inc.",传媒
VivoPower International Plc,电力设备
西空航空,交通运输
辛克莱广播,传媒
思佳讯,通信
美国国家仪器,电子
"NCI, Inc. Class A",计算机
国民保障集团,非银金融
纳维奥斯海上收购,交通运输
朱砂能源,石油石化
OneSpan Inc.,计算机
"Verastem, Inc.",医药生物
Verint Systems Inc.,计算机
"Aravive, Inc.",医药生物
阿根廷电信,通信
Templeton Emerging Markets Income Fund,非银金融
Teekay Corporation,交通运输
Templeton Global Income Fund,非银金融
Teekay LNG Partners L.P.,交通运输
Teledyne Technologies Incorporated,电子
Tempur Sealy国际,家用电器
天睿,计算机
泰利福,汽车
泰纳瑞斯钢铁,钢铁
"Zogenix, Inc.",医药生物
英利绿色能源,电力设备
智联招聘,社会服务
永业国际,房地产
优点互动,传媒
优酷土豆,传媒
Zumiez Inc.,商贸零售
YPF SA Sponsored ADR Class D,石油石化
"Alaunos Therapeutics, Inc.",医药生物
Yellow Corporation,交通运输
思爱普,计算机
"Emerald Holding, Inc.",社会服务
"NCS Multistage Holdings, Inc.",石油石化
"Co-Diagnostics, Inc.",医药生物
"SMART Global Holdings, Inc.",电子
Star Holdings,家用电器
AMAYA Global Holdings Corp.,商贸零售
Do It Again Corp.,商贸零售
Seven Islands Inc,农林牧渔
TGLT S.A.,房地产
美华国际医疗,医药生物
"CFSB Bancorp, Inc",银行
"Clean Energy Technologies, Inc.",电力设备
Tortoise Essential Assets Income Term Fund,非银金融
Zymeworks Inc.,医药生物
Finward Bancorp,银行
"Expensify, Inc. Class A",计算机
Bannix Acquisition Corp.,非银金融
Galliot Acquisition Corp.,非银金融
Mistico Acquisition Corp.,非银金融
Tal Consolidated Inc.,汽车
MPM Holdings Inc.,基础化工
"Golden Matrix Group, Inc.",传媒
Battery Future Acquisition Corp. Class A,电子
Spree Acquisition Corp. 1 Ltd. Class A,非银金融
"Bluejay Diagnostics, Inc.",医药生物
Perception Capital Corp. II Class A,非银金融
"Ensemble Health Partners, Inc. Class A",社会服务
"Candela Medical, Inc.",医药生物
Belpointe PREP LLC Class A,房地产
"Fluence Energy, Inc. Class A",电力设备
"Airsculpt Technologies, Inc.",美容护理
"Freehold Properties, Inc.",房地产
"Nauticus Robotics, Inc.",机械设备
Green Visor Financial Technology Acquisition Corp. I Class A,非银金融
Everest Consolidator Acquisition Corp. Class A,非银金融
Kidpik Corp.,纺织服饰
Henley Park Acquisition Corp. Class A,非银金融
"FlexEnergy Green Solutions, Inc.",公用事业
"Immix Biopharma, Inc.",医药生物
Intelligent Medicine Acquisition Corp. Class A,非银金融
FWD Group Holdings Ltd. ADR,非银金融
普莱克斯,公用事业
诺布尔,石油石化
Nuveen Multi-Market Income Fund,非银金融
中国新城农村,房地产
第一信托新机会MLP能源基金,非银金融
Coforge Ltd.,计算机
KKR收益机会基金,非银金融
Royce Global Value Trust,非银金融
"LVB Acquisition, Inc.",商贸零售
SONDORS Inc.,汽车
盛德财富,非银金融
"RXO, Inc.",交通运输
Greystone Housing Impact Investors LP,房地产
"Justworks, Inc. Class A",社会服务
Smart Sand Partners LP,煤炭
Giant Oak Acquisition Corp,非银金融
"Firemark Global Capital, Inc.",非银金融
Horizon Acquisition Corp III,非银金融
"Jwiz, Inc.",计算机
"Opti-Harvest, Inc.",农林牧渔
Oressa Ltd,商贸零售
Yi Po International Holding Limited,商贸零售
Can B Corp.,美容护理
李氏企业,食品饮料
"InspireMD, Inc.",医药生物
"Insteel Industries, Inc.",钢铁
Honeywell International Inc.,机械设备
"Oblong, Inc.",计算机
"Gencor Industries, Inc.",机械设备
FedNat Holding Company,非银金融
鑫达集团,建筑材料
查特工业,机械设备
Kepuni Holdings Incorporation,商贸零售
上海石化,石油石化
露华浓,美容护理
RBC轴承,机械设备
中国石油,石油石化
Intelligent Systems Corporation,计算机
华能国际电力,公用事业
广深铁路,交通运输
格尔夫波特能源,石油石化
"GAMCO Investors, Inc. Class A",非银金融
远藤国际,商贸零售
WODA Corp,计算机
LaShou Group Inc.,商贸零售
T20 Holdings Ltd.,商贸零售
"US LBM HOLDINGS, INC.",建筑材料
Greenfire Resources Inc.,煤炭
HEXO Corp.,医药生物
"Mr2 Group, Inc.",商贸零售
天银制药,医药生物
"ETRE REIT, LLC",房地产
Global Market Group Limited ADR,商贸零售
"Gelesis, Inc.",医药生物
GDC Technology Ltd. Sponsored ADR,计算机
Loyalty Alliance Enterprise Corp.,通信
Lumena Pharmaceuticals Inc,医药生物
Luca Technologies Inc,石油石化
LINC Logistics Co.,交通运输
"GCT Semiconductor, Inc.",电子
Arisz Acquisition Corp.,非银金融
Hagerty Inc Class A,汽车
"Drilling Tools International Holdings, Inc.",机械设备
Rose Hill Acquisition Corp. Class A,非银金融
QGOG Constellation S.A.,交通运输
史密斯电动车,汽车
Sol-Wind Renewable Power LP,电力设备
"Singulex, Inc.",医药生物
"SIRVA, Inc.",社会服务
"OTG Exp, Inc. Class A",商贸零售
"Philadelphia Energy Solutions, Inc. Class A",石油石化
"Provident Mortgage Capital Associates, Inc.",非银金融
Poseidon Containers Holdings Corp.,交通运输
Polar Star Realty Trust Inc,房地产
"PSAV, Inc.",传媒
蓝汛,通信
鸽瑞复合材料,机械设备
芝加哥期权交易所,非银金融
必和必拓,有色金属
Bolt Technology Corporation,计算机
Able View Global Inc.,商贸零售
Fitell Corporation,电子
Enerflex Ltd.,石油石化
D-Wave Quantum Inc.,计算机
"Semantix, Inc.",计算机
"Codere Online Luxembourg, S.A.",社会服务
GE Healthcare Technologies Inc.,医药生物
"Know Labs, Inc.",医药生物
华钦科技,电子
"Red Violet, Inc.",计算机
"Surface Oncology, Inc.",医药生物
"Ceridian HCM Holding, Inc.",计算机
"Smartsheet, Inc. Class A",计算机
Aslan Pharmaceuticals Ltd. ADR,医药生物
"Level One Bancorp, Inc.",银行
华富教育,社会服务
MorphoSys AG Sponsored ADR,医药生物
SIGA Technologies Inc,医药生物
马库斯,汽车
"Manning & Napier, Inc. Class A",非银金融
主街资本,非银金融
曼恩凯德生物医疗,医药生物
万宝盛华人力资源,社会服务
马琳商务服务,社会服务
曼联,社会服务
MainStay DefinedTerm Municipal Opportunities Fund,非银金融
海洋石油投资,石油石化
美泰科技,电子
海洋产品,农林牧渔
Marriott Vacations Worldwide Corporation,社会服务
宏利金融,非银金融
海上麦斯服务,交通运输
万豪国际,社会服务
马罗尼生物创新,医药生物
威达信,通信
马尔登运输,交通运输
马修国际加工,轻工制造
马丁-玛丽埃塔材料,建筑材料
拉扎德银行,银行
La Jolla Pharmaceutical Company,医药生物
酷6,传媒
莱克兰金融,非银金融
莱帝土地星,房地产
雷克兰医疗工业,医药生物
"Lannett Company, Inc.",医药生物
创力,机械设备
莱迪思半导体,电子
"Distribution Solutions Group, Inc.",商贸零售
Liquid Media Group Ltd.,传媒
"Vital Energy, Inc.Class A",石油石化
拉斯维加斯金沙集团,社会服务
李尔,机械设备
礼恩派,医药生物
Lazard全球全收益基金,非银金融
Lazard Ltd Class A,非银金融
La-Z-Boy Incorporated,轻工制造
LCNB Corp.,银行
英特尔,计算机
"Inogen, Inc.",医药生物
Intercept制药,医药生物
Insulet Corporation,医药生物
"Inovio Pharmaceuticals, Inc.",医药生物
英特格拉生命科学,医药生物
禧图集团,商贸零售
洲际交易所,非银金融
"Insight Enterprises, Inc.",计算机
集成设备技术,电子
洲际酒店,社会服务
Innodata Inc.,计算机
"Lendway, Inc.",非银金融
"IES Holdings, Inc.",电力设备
Insmed Incorporated,医药生物
"InterDigital, Inc.",通信
英诺斯派材料,建筑材料
"Insperity, Inc.",社会服务
"Interface, Inc.",纺织服饰
Exeter Finance Corporation,非银金融
直觉外科,医药生物
景顺高收益信托II,非银金融
埃培智,计算机
"Inuvo, Inc.",传媒
StoneX Group Inc.,非银金融
Invesco Mortgage Capital Inc.,非银金融
Invacare Corporation,医药生物
"Intra-Cellular Therapies, Inc.",医药生物
"InvenSense, Inc.",电子
Invesco Municipal Income Opportunities Trust,非银金融
景顺市政机会信托,非银金融
景顺市政信托,非银金融
IPG光电,电子
IRIDEX Corporation,医药生物
景顺宾州价值市政收益信托,非银金融
投资者银行,银行
景顺,非银金融
景顺优质市政收益信托,非银金融
铱星通讯,通信
景顺高级收益信托,非银金融
斯马克,机械设备
"Itron, Inc.",公用事业
"Ziff Davis, Inc.",传媒
"ITT, Inc.",机械设备
晶澳太阳能,电力设备
捷普,电子
杰克亨利,计算机
Jack in the Box Inc.,食品饮料
约翰宾技术,机械设备
杰森实业,轻工制造
John Hancock税收优惠全球持股人收益基金,非银金融
John Hancock金融机会基金,非银金融
晶科能源,电力设备
雅各布工程,机械设备
John Hancock对冲股权收益基金,非银金融
金盘电气,电力设备
爵士制药,医药生物
John Hancock收益证券信托,非银金融
"JAKKS Pacific, Inc.",轻工制造
京东,商贸零售
强生,医药生物
"Merrimack Pharmaceuticals, Inc.",医药生物
MGIC Investment Corporation,非银金融
梅特勒-托利多,机械设备
捷蓝航空,交通运输
John Hancock优先收益基金,非银金融
骏利资产管理,非银金融
灿谷,计算机
Crinetics Pharmaceuticals Inc,医药生物
"Allakos, Inc.",医药生物
仲量联行,房地产
John Hancock优质红利基金,非银金融
"John B. Sanfilippo & Son, Inc.",食品饮料
John Hancock税收优惠红利收益基金,非银金融
Kamada Ltd,医药生物
Kaman Corporation Class A,机械设备
聚美优品,商贸零售
康迪车业,汽车
瞻博网络,通信
Kayne Anderson中游能源基金,非银金融
KKR & Co Inc,非银金融
KNOT Offshore Partners LP,交通运输
金德尔摩根,非银金融
金佰利,美容护理
Knowles Corp.,电子
金罗斯黄金,有色金属
卡比海运,交通运输
科尔士百货,商贸零售
科磊,电子
高斯电子,电子
飞利浦,家用电器
库力索法半导体,电子
高平电子,电子
KVH通信,通信
美国控股实验室,医药生物
Kraton制药,医药生物
韩国电力,电力设备
兰亭集势,计算机
自由全球-C,非银金融
"LG Display Co., Ltd Sponsored ADR",电子
Jefferies Financial Group Inc.,非银金融
"LightPath Technologies, Inc. Class A",电子
自由全球-B,非银金融
"LGI Homes, Inc.",房地产
自由全球-A,非银金融
第三级通讯,通信
"LGL Group, Inc.",机械设备
林肯电气控股,机械设备
Lightbridge Corporation,石油石化
林肯国民,非银金融
林赛,机械设备
劳埃德银行,银行
"Liquidity Services, Inc.",商贸零售
LMP资本收益基金公司,非银金融
利西亚车行,汽车
LPL金融控股,非银金融
美国力特保险丝,电子
洛斯保险,非银金融
路易斯安那太平洋,建筑材料
LTC房产,房地产
劳氏,商贸零售
卢比饭店,社会服务
罗技国际,电子
露露乐蒙,食品饮料
Lumber Liquidators控股,建筑材料
利安德巴塞尔工业,基础化工
麦克塔瓦银行,银行
马塞里奇房产,房地产
Madison Covered Call & Equity Strategy Fund,非银金融
"Veris Residential, Inc.",房地产
Luna Innovations Incorporated,电子
曼格纳国际,汽车
麦基诺金融,非银金融
海力士半导体,电子
MAG Silver Corp.,有色金属
Luxfer Holdings PLC,机械设备
美国制商银行,银行
Macquarie全球基础设施总收益基金,非银金融
"Vaxcyte, Inc.",医药生物
燃石医学,医药生物
Generation Bio Co.,医药生物
Avidity Biosciences Inc,医药生物
Open Lending Corporation,非银金融
优克联,计算机
"Magnite, Inc.",传媒
阿帕奇,石油石化
"PLBY Group, Inc.",美容护理
"Soluna Holdings, Inc.",公用事业
Cool Company Ltd,美容护理
"ConversionPoint Holdings, Inc.",计算机
沛齐,医药生物
"Cyclerion Therapeutics,Inc.",医药生物
"Generation Income Properties, Inc.",房地产
Parsec Capital Acquisitions Corp. Class A,非银金融
Thoughtworks Holding Inc,计算机
Sanaby Health Acquisition Corp. I Class A,非银金融
"SailPoint Technologies Holdings, Inc.",计算机
爱点击,传媒
"Sterling Bancorp, Inc.",银行
"Stitch Fix, Inc. Class A",美容护理
"Aytu BioPharma, Inc.",医药生物
龙运国际,交通运输
Aspira Women's Health Inc.,医药生物
公民金融-存托优先股D,非银金融
CBO (Listing Market - NYSE - Networks A/E),通信
Mavenir Private Holdings II Ltd.,通信
"OptMed, Inc.",医药生物
Silenseed Ltd.,医药生物
Tapstone Energy Inc.,石油石化
Concentrix Corporation,计算机
Aaron's Company Inc,商贸零售
Apartment Income REIT Corp,房地产
Cognyte Software Ltd.,计算机
Sendas Distribuidora SA Sponsored ADR,商贸零售
Cosan S.A. Sponsored ADR,石油石化
Dundon Capital Acquisition Corp,非银金融
Compass Digital Acquisition Corp. Class A,非银金融
SK Growth Opportunities Corp. Class A,非银金融
A2Z Smart Technologies Corp,计算机
Valens Company Inc,医药生物
"Nexalin Technology, Inc.",医药生物
IX Acquisition Corp. Class A,非银金融
Evotec SE Sponsored ADR,医药生物
Mobiv Acquisition Corp. Class A,非银金融
Myriant Corp.,基础化工
New Beginnings Acquisition Corp. II,非银金融
"Lands' End, Inc.",商贸零售
国际塔山,煤炭
科佩斯控股,机械设备
Spire Inc.,公用事业
拉姆研究,电子
Clarim Acquisition Corp. Class A,非银金融
"Mondee Holdings, Inc. Class A",社会服务
"Atmus Filtration Technologies, Inc.",环保
Khosla Ventures Acquisition Co. III Class A,非银金融
Olink Holding AB Sponsored ADR,医药生物
VIZIO Holding Corp. Class A,家用电器
"Diversey Holdings, Ltd.",美容护理
Research Alliance Corp. II Class A,非银金融
"Instil Bio, Inc.",医药生物
PureCycle Technologies Inc,环保
Lordstown Motors Corp. Class A,汽车
Arlington Asset Investment Corp. Class A,非银金融
"Innovative Solutions and Support, Inc.",计算机
"Peloton Therapeutics, Inc.",医药生物
"Caliber Home Loans, Inc.",非银金融
"Southeastern Grocers, Inc.",商贸零售
"Root, Inc. Class A",非银金融
"Metromile, Inc.",非银金融
Dermavant Sciences Ltd.,医药生物
"Foghorn Therapeutics, Inc.",医药生物
WestRock Company,轻工制造
"Gatos Silver, Inc.",有色金属
"HYLETE, Inc. Class A",纺织服饰
Abcam PLC Sponsored ADR,医药生物
BCLS Acquisition Corp. Class A,非银金融
湖南永雄资产管理,非银金融
Datto Holding Corp.,计算机
MoonLake Immunotherapeutics Class A,医药生物
ArcherDX Inc,医药生物
TIM SA (Brazil) Sponsored ADR,通信
Paya Holdings Inc Class A,非银金融
Guild Holdings Co. Class A,房地产
Loop Media Inc.,传媒
McAfee Corp. Class A,计算机
Tattooed Chef Inc Class A,食品饮料
Burford Capital Limited,非银金融
ZeroFox Holdings Inc,计算机
SelectQuote Inc,非银金融
"Lightning eMotors, Inc",汽车
"Forza X1, Inc.",汽车
LuxUrban Hotels Inc.,社会服务
Atlantic Avenue Acquisition Corp. Class A,非银金融
"Spinal Elements Holdings, Inc.",医药生物
Inphi Corporation,电子
View Inc. Class A,电子
Burgundy Technology Acquisition Corp. Class A,非银金融
5:01 Acquisition Corp. Class A,非银金融
名创优品,商贸零售
Array Technologies Inc,电力设备
Intrusion Inc.,通信
Fury Gold Mines Limited,有色金属
Ivanhoe Electric Inc.,电力设备
FAST Acquisition Corp Class A,非银金融
MultiPlan Corp Class A,社会服务
Vontier Corp,机械设备
Vy Global Growth Class A,非银金融
Recharge Acquisition Corp. Class A,非银金融
"Radius Global Infrastructure, Inc. Class A",交通运输
LENSAR Inc,医药生物
"Shattuck Labs, Inc.",医药生物
"Spruce Biosciences, Inc.",医药生物
Kronos Bio Inc,医药生物
fuboTV Inc.,传媒
Stem Inc,电子
"Heart Test Laboratories, Inc.",医药生物
Alvotech,医药生物
Global Blockchain Acquisition Corp.,非银金融
Iperionx Ltd. Sponsored ADR,有色金属
"Abri SPAC I, Inc.",非银金融
"Offerpad Solutions, Inc. Class A",房地产
Mobilicom Ltd. ADR,通信
OMNIQ Corp,计算机
JATT Acquisition Corp.,非银金融
Chenghe Acquisition Co. Class A,非银金融
InterCure Ltd.,医药生物
"Lightwave Logic, Inc.",电子
Nomad Royalty Company Ltd,有色金属
苏格兰皇家银行,银行
Cellebrite DI Ltd.,计算机
美国新星,医药生物
Kaleyra Inc,通信
Kalera Public Limited Company,农林牧渔
Focus Universal Inc,电子
Yotta Acquisition Corp.,非银金融
"Tigo Energy, Inc.",电力设备
"Humacyte, Inc.",医药生物
"IronNet, Inc. Class A",计算机
GDEV Inc.,社会服务
"Volta, Inc. Class A",通信
Sono-Tek Corporation,电力设备
California BanCorp,银行
International General Insurance Holdings Ltd.,非银金融
"Betterware de Mexico, S.A.P.I. de C.V.",商贸零售
"Onfolio Holdings, Inc.",计算机
Cartesian Growth Corp. II Class A,非银金融
Yoshiharu Global Co. Class A,商贸零售
"Danimer Scientific, Inc. Class A",基础化工
"Inter & Co., Inc. Class A",非银金融
Atlas Corp.,交通运输
"Plymouth Industrial REIT, Inc.",房地产
ioneer Limited Sponsored ADR,有色金属
Sibanye Stillwater Limited Sponsored ADR,有色金属
"NWTN, Inc. Class B",计算机
"Rush Street Interactive, Inc. Class A",传媒
Sandstorm Gold Ltd.,有色金属
Battalion Oil Corporation,石油石化
"Passage Bio, Inc.",医药生物
NioCorp Developments Ltd.,有色金属
"Vitesse Energy, Inc.",石油石化
American Lithium Corp.,有色金属
U-Haul Holding Company Series N Non-Voting,非银金融
RSA Security Inc.,计算机
耀世星辉,传媒
"Alta Equipment Group, Inc.",机械设备
"Atlas Technical Consultants, Inc. Class A",建筑装饰
Duos Technologies Group Inc,计算机
"TRxADE HEALTH, Inc.",医药生物
TFI International Inc.,交通运输
"Conduent, Inc.",计算机
Intellicheck Inc,计算机
"ClearPoint Neuro, Inc.",医药生物
PAE Incorporated Class A,社会服务
Vertiv Holdings Co. Class A,电力设备
康美,医药生物
联邦投资,非银金融
Ovintiv Inc,石油石化
Precigen Inc,医药生物
SWK Holdings Corporation,非银金融
"SOC Telemed, Inc. Class A",医药生物
"Revolution Medicines, Inc.",医药生物
Quantum Corporation,计算机
"Crescent Capital BDC, Inc.",非银金融
"Bridger Aerospace Group Holdings, Inc.",国防军工
SWVL Holdings Corp Class A,交通运输
North Atlantic Acquisition Corporation Class A,非银金融
SCP & CO Healthcare Acquisition Co. Class A,医药生物
Astrea Acquisition Corp. Class A,非银金融
Peridot Acquisition Corp. II Class A,非银金融
"HomeUnion Holdings, Inc.",房地产
Steakholder Foods Ltd. Sponsored ADR,食品饮料
One Equity Partners Open Water I Corp. Class A,非银金融
Forest Road Acquisition Corp. II Class A,非银金融
"Prometheus Biosciences, Inc",医药生物
BankFlorida,银行
TZP Strategies Acquisition Corp. Class A,非银金融
Monument Circle Acquisition Corp. Class A,非银金融
Glucose Biosensor Systems (Greater China) Holdings Inc,医药生物
"ProLung, Inc.",医药生物
Mavenir plc Class A,通信
"Precision Optics Corporation, Inc.",电子
EF Hutton Acquisition Corp. I,非银金融
IntelePeer Inc,通信
Oyster Enterprises Acquisition Corp. Class A,非银金融
"Karat Packaging, Inc.",轻工制造
"Sun Country Airlines Holdings, Inc.",交通运输
"GreenLight Biosciences Holdings, PBC",医药生物
Monsanto Company,农林牧渔
"PyroGenesis Canada, Inc.",环保
Vector Acquisition Corp. II Class A,非银金融
大自然药业,医药生物
"JOANN, Inc.",轻工制造
Dragoneer Growth Opportunities Corp. III Class A,非银金融
TH International Limited,食品饮料
26 Capital Acquisition Corp. Class A,非银金融
"Hayward Holdings, Inc.",机械设备
洪恩,计算机
Elutia Inc.,电子
Prime Skyline Limited,房地产
"ARS Pharmaceuticals, Inc.",医药生物
"Processa Pharmaceuticals, Inc.",医药生物
"TOMI Environmental Solutions, Inc.",环保
GoldMining Inc.,有色金属
"Thryv Holdings, Inc.",计算机
RedBall Acquisition Corp Class A,非银金融
"NorthWestern Energy Group, Inc.",公用事业
美国电力,公用事业
"Snail, Inc. Class A",计算机
"Oncorus, Inc.",医药生物
"C4 Therapeutics, Inc.",医药生物
Velodyne Lidar Inc.,电子
丽翔教育,社会服务
"Immunome, Inc.",医药生物
"Academy Sports and Outdoors, Inc.",商贸零售
"Mission Produce, Inc.",食品饮料
秦淮数据,计算机
"AmeriHome, Inc. Class A",非银金融
"GeoVax Labs, Inc.",医药生物
Siyata Mobile Inc.,通信
丹博里原油,石油石化
阿斯利康,医药生物
Amesite Inc.,计算机
"Greenwich LifeSciences, Inc.",医药生物
CalciMedica，Inc.,医药生物
"Prelude Therapeutics, Inc.",医药生物
Excellon Resources Inc.,有色金属
"PMV Pharmaceuticals, Inc.",医药生物
"Taysha Gene Therapies, Inc.",医药生物
"Evolv Technologies Holdings, Inc.",计算机
"Asana, Inc. Class A",计算机
Bragg Gaming Group Inc.,传媒
毫微,电子
"Tyra Bioscience, Inc",医药生物
Acropolis Infrastructure Acquisition Corp. Class A,非银金融
noco-noco Inc.,电子
"Xos, Inc.",汽车
"Biotricity, Inc.",医药生物
Virax Biolabs Group Ltd. Class A,医药生物
IceCure Medical Ltd.,医药生物
SmartRent Inc Class A,计算机
authID Inc.,计算机
ReNew Energy Global plc Class A,电力设备
FAT Brands Inc. Class B,食品饮料
Dragonfly Energy Holdings Corp,电子
Envirotech Vehicles Inc,汽车
Good Works II Acquisition Corp.,非银金融
Shelter Acquisition Corp. I Class A,非银金融
Corsair Partnering Corporation Class A,非银金融
micromobility.com Inc. Class A,汽车
SHF Holdings Inc Class A,非银金融
"Spire Global, Inc. Class A",通信
Otonomo Technologies Ltd.,计算机
Elliott Opportunity II Corp. Class A,非银金融
International Media Acquisition Corp. Class A,传媒
Airspan Networks Holdings Inc,通信
G3 VRM Acquisition Corp. Class A,非银金融
Momentus Inc Class A,国防军工
Chavant Capital Acquisition Corp.,非银金融
Fintech Acquisition Corp. VI Class A,非银金融
Coliseum Acquisition Corp. Class A,非银金融
"DatChat, Inc.",计算机
"Tango Therapeutics, Inc.",医药生物
Surrozen Inc,医药生物
"Essential Utilities, Inc.",公用事业
Shl Telemedicine Ltd. ADR,医药生物
Addex Therapeutics Ltd Sponsored ADR,医药生物
"ChoiceOne Financial Services, Inc.",银行
"Ambac Financial Group, Inc.",非银金融
"NexPoint Real Estate Finance, Inc.",房地产
Professional Holding Corp Class A,银行
"Schrodinger, Inc.",医药生物
Casper Sleep Inc,家用电器
"PPD, Inc.",医药生物
"Cleanspark, Inc.",电力设备
Arcutis Biotherapeutics Inc,医药生物
"Black Diamond Therapeutics, Inc.",医药生物
"Cincinnati Bancorp, Inc.",银行
"Vivint Smart Home, Inc. Class A",计算机
LifeVantage Corporation,美容护理
来福威食品,食品饮料
Liberty All-Star Equity Fund,非银金融
"AgileThought, Inc. Class A",计算机
"DraftKings, Inc. Class A",社会服务
ORIC Pharmaceuticals Inc,医药生物
Carrier Global Corp.,家用电器
Yunhong International Class A,非银金融
"Zentalis Pharmaceuticals, Inc.",医药生物
Arconic Corp.,有色金属
"Quanergy Systems, Inc. Class A",电子
BTC Digital Ltd.,非银金融
Brookfield Infrastructure Corp. (New York) Class A,公用事业
"RiverNorth Flexible Municipal Income Fund, Inc.",非银金融
"Research Solutions, Inc.",计算机
"Cepton, Inc.",电子
Biotech Acquisition Company Class A,医药生物
AF Acquisition Corp. Class A,非银金融
"Mason Industrial Technology, Inc. Class A",机械设备
Science Strategic Acquisition Corp. Alpha Class A,非银金融
RMG Acquisition Corp. VII Class A,非银金融
Silver Spike Acquisition Corp. II Class A,非银金融
Fortistar Sustainable Solutions Corp. Class A,环保
EQ Health Acquisition Corp. Class A,医药生物
"Vine Energy, Inc. Class A",石油石化
涂鸦智能,计算机
"United Homes Group, Inc. Class A",房地产
"Duckhorn Portfolio, Inc.",食品饮料
Constellation Acquisition Corp. I Class A,非银金融
"Gain Therapeutics, Inc.",医药生物
Climate Real Impact Solutions II Acquisition Corp. Class A,环保
Hudson Executive Investment Corp. II Class A,非银金融
聚好商城,商贸零售
康乃德生物,医药生物
"Olo, Inc. Class A",计算机
D&Z Media Acquisition Corp. Class A,非银金融
"Greenbrook Tms, Inc.",医药生物
海银控股,非银金融
"Aeva Technologies, Inc.",电子
Sonder Holdings Inc. Class A,社会服务
Progress Acquisition Corp. Class A,非银金融
"Better Therapeutics, Inc.",医药生物
"Longboard Pharmaceuticals, Inc.",医药生物
Opthea Limited Sponsored ADR,医药生物
"Tarsus Pharmaceuticals, Inc.",医药生物
"Aligos Therapeutics, Inc.",医药生物
"Eargo, Inc.",医药生物
Social Capital Hedosophia Holdings Corp. IV Class A,非银金融
"Eastern Bankshares, Inc.",银行
Social Capital Hedosophia Holdings Corp. VI Class A,非银金融
"Kiromic Biopharma, Inc.",医药生物
"Cyxtera Technologies, Inc. Class A",计算机
Draganfly Inc,国防军工
"Orange County Bancorp, Inc.",银行
"Indaptus Therapeutics, Inc.",医药生物
Logistics Innovation Technologies Corp. Class A,交通运输
"Healthcare Royalty, Inc. Class A",医药生物
"European Wax Center, Inc. Class A",美容护理
"IDW Media Holdings, Inc. Class B",传媒
盛丰物流,交通运输
NET Power Inc.,电力设备
"Eliem Therapeutics, Inc.",医药生物
M17 Entertainment Ltd. Sponsored ADR Class A,传媒
Live Oak Crestview Climate Acquisition Corp. Class A,非银金融
"Cadre Holdings, Inc.",国防军工
Virgin Group Acquisition Corp. III Class A,非银金融
Hippo Holdings Inc,非银金融
Sachem Acquisition Corp. Class A,非银金融
"Nogin, Inc.",计算机
Oasis Midstream Partners LP,石油石化
Envela Corporation,轻工制造
Wyndham Hotel Corporation,社会服务
Standard Pacific Corporation,房地产
Smucker J M Co Cl B,食品饮料
"EPL Oil & Gas, Inc.",石油石化
Pansoft Co. Ltd.,计算机
"Expedia, Inc.",社会服务
Kayne Anderson Income Strategies Fund,非银金融
"BMC Software, Inc.",计算机
"General Nutrition, Inc.",美容护理
"Cantor Fitzgerald Income Trust, Inc. Class AX",非银金融
Fushi Copperweld Inc.,有色金属
DIRECTV,传媒
Deerbank Corp.,银行
"Singing Machine Company, Inc.",家用电器
Metal Sky Star Acquisition Corp.,非银金融
A SPAC II Acquisition Corp. Class A,非银金融
"bioAffinity Technologies, Inc.",医药生物
"Santarus, Inc.",医药生物
Scotts Miracle-Gro Co (The) Shs When Issued,农林牧渔
Natura & Co Holding SA Sponsored ADR,美容护理
CHP Merger Corp Class A,非银金融
Perdoceo Education Corporation,社会服务
Diversified Healthcare Trust,社会服务
IEC Electronics Corp.,电子
Vonage Holdings Corp.,通信
"NeuroBo Pharmaceuticals, Inc.",医药生物
"Blue Ridge Bankshares, Inc.",银行
Harbin Electric Inc.,电力设备
新风医疗,医药生物
Immunovant Inc,医药生物
ADS-TEC Energy Public Limited Company,电力设备
"Coupang, Inc. Class A",商贸零售
OCA Acquisition Corp. Class A,非银金融
第一高中,社会服务
Ferguson Plc,轻工制造
"Hamilton Lane Alliance Holdings I, Inc. Class A",非银金融
SVF Investment Corp. 2 Class A,非银金融
"Symbotic, Inc. Class A",计算机
Alpha Tau Medical Ltd,医药生物
"BuzzFeed, Inc. Class A",传媒
Authentic Equity Acquisition Corp. Class A,非银金融
Hennessy Capital Investment Corp. V Class A,非银金融
Marlin Technology Corp. Class A,计算机
Group Nine Acquisition Corp. Class A,非银金融
TortoiseEcofin Acquisition Corp. III Class A,非银金融
Forian Inc,计算机
Class Acceleration Corp. Class A,非银金融
Deep Lake Capital Acquisition Corp. Class A,非银金融
InnovAge Holding Corp.,医药生物
Athlon Acquisition Corp. Class A,非银金融
"Envoy Medical, Inc.",医药生物
Khosla Ventures Acquisition Co. Class A,非银金融
Lerer Hippeau Acquisition Corp. Class A,非银金融
Scilex Holding Company,医药生物
VectoIQ Acquisition Corp. II Class A,非银金融
Fortress Capital Acquisition Corp. Class A,非银金融
Powered Brands Class A,美容护理
Hygo Energy Transition Ltd.,石油石化
"Corsair Gaming, Inc.",计算机
Keurig Dr Pepper Inc.,食品饮料
"Laird Superfood, Inc.",食品饮料
"Bentley Systems, Incorporated Class B",计算机
Humanigen Inc,医药生物
伟亚光电,电子
"PaxMedica, Inc.",医药生物
E.Merge Technology Acquisition Corp Class A,非银金融
Equity Distribution Acquisition Corp Class A,非银金融
TPG Pace Beneficial Finance Corporation Class A,非银金融
Dyne Therapeutics Inc,医药生物
Vitru Ltd.,社会服务
"Athira Pharma, Inc.",医药生物
COMPASS Pathways Plc Sponsored ADR,医药生物
"Mediaco Holding, Inc. Class A",传媒
Bogota Financial Corp.,银行
"Protara Therapeutics, Inc.",医药生物
"GoodRx Holdings, Inc. Class A",医药生物
Beam Global,电力设备
Palantir Technologies Inc. Class A,计算机
New Mountain Finance Corporation,非银金融
"Abacus Life, Inc.",非银金融
"StepStone Group, Inc. Class A",非银金融
"Outset Medical, Inc.",医药生物
"Unity Software, Inc.",计算机
Metacrine Inc,医药生物
"Broadstone Net Lease, Inc.",房地产
"Sumo Logic, Inc.",计算机
JFrog Ltd.,计算机
Lightspeed Commerce Inc,计算机
"Pactiv Evergreen, Inc.",轻工制造
American Well Corporation Class A,医药生物
VIQ Solutions Inc.,计算机
Rockley Photonics Holdings Limited,电子
"Joby Aviation, Inc.",国防军工
Li-Cycle Holdings Corp.,有色金属
PetVivo Holdings Inc,医药生物
"RenovoRx, Inc.",医药生物
"Southern States Bancshares, Inc.",银行
Cardiol Therapeutics Inc. Class A,医药生物
"PharmaCyte Biotech, Inc.",医药生物
"Marti Technologies, Inc.",计算机
"Dr Pepper/Seven-Up Companies, Inc.",食品饮料
"Feihe International, Inc.",食品饮料
CBS Corporation,传媒
China TransInfo Technology Corp.,计算机
Winner Medical Group Inc.,医药生物
Sinoenergy Corporation Com New,石油石化
"CB Richard Ellis Services, Inc.",房地产
Pactera Technology International Ltd. Sponsored ADR,计算机
Portland General Corporation,公用事业
Honeywell Inc.,机械设备
"Patriot American Hospitality, Inc.",社会服务
"Zhongpin, Inc.",食品饮料
Lyondellbasell Industries N Shs - B -,基础化工
Innovation Beverage Group Ltd.,食品饮料
Hub Cyber Security Ltd.,计算机
FinServ Acquisition Corp. II Class A,非银金融
Soar Technology Acquisition Corp. Class A,非银金融
IDEX Biometrics ASA Sponsored ADR,医药生物
Global Synergy Acquisition Corp. Class A,非银金融
Pioneer Merger Corp. Class A,非银金融
Aura FAT Projects Acquisition Corp. Class A,非银金融
Adit Edtech Acquisition Corp.,计算机
Moolec Science SA,医药生物
Edify Acquisition Corp. Class A,非银金融
"Near Intelligence, Inc. Class A",计算机
SiriusPoint Ltd,非银金融
IM Cannabis Corp,医药生物
Leo Holdings Corp. II Class A,非银金融
ARYA Sciences Acquisition Corp. IV Class A,非银金融
Bright Lights Acquisition Corp. Class A,非银金融
Sports Ventures Acquisition Corp. Class A,非银金融
Gogoro Inc.,家用电器
Priveterra Acquisition Corp. II,非银金融
eFFECTOR Therapeutics Inc,医药生物
KL Acquisition Corp. Class A,非银金融
Epiphany Technology Acquisition Corp. Class A,非银金融
Prospector Capital Corp. Class A,非银金融
SES AI Corporation Class A,计算机
enCore Energy Corp.,石油石化
Empowerment & Inclusion Capital I Corp. Class A,非银金融
Score Media and Gaming Inc. Class A,传媒
Osisko Development Corp,煤炭
VYNE Therapeutics Inc,医药生物
Kaspien Holdings Inc,商贸零售
Silence Therapeutics PLC Sponsored ADR,医药生物
Denali Capital Acquisition Corp. Class A,非银金融
ClimateRock Class A,环保
"BYND Cannasoft Enterprises, Inc.",医药生物
Akumin Inc,医药生物
PainReform Ltd.,医药生物
voxeljet AG Sponsored ADR,机械设备
Heritage Global Inc.,非银金融
"Citizens Financial Services, Inc.",银行
"MSP Recovery, Inc. Class A",社会服务
雅乐科技,电子
GreenPower Motor Company Inc.,汽车
"Maxeon Solar Technologies, Ltd.",电力设备
Greencity Acquisition Corp.,非银金融
"Applied UV, Inc.",医药生物
"American Outdoor Brands, Inc.",轻工制造
HighPeak Energy Inc,石油石化
Medicenna Therapeutics Corp.,医药生物
Anghami Inc.,传媒
"Nuvation Bio, Inc. Class A",医药生物
Hall of Fame Resort & Entertainment Company,社会服务
"Getty Images Holdings, Inc. Class A",传媒
Immatics N.V.,医药生物
嘉纳科技,电子
SIGNA Sports United N.V.,社会服务
小鹏汽车,汽车
"Mirion Technologies, Inc. Class A",电力设备
"Kymera Therapeutics, Inc.",医药生物
NANO-X IMAGING LTD,医药生物
Pershing Square Tontine Holdings Ltd. Class A,非银金融
"G Squared Ascend II, Inc. Class A",非银金融
"WCG Clinical, Inc.",医药生物
"Weber, Inc. Class A",轻工制造
Better Being Co.,美容护理
"Paltalk, Inc.",传媒
DILA Capital Acquisition Corp. Class A,非银金融
"ABVC BioPharma, Inc.",医药生物
"Rover Group, Inc. Class A",社会服务
NuScale Power Corporation Class A,电力设备
Patria Latin American Opportunity Acquisition Corporation Class A,非银金融
博士伦,医药生物
Hudson Acquisition I Corp.,非银金融
"DecisionPoint Systems, Inc.",计算机
PepGen Inc.,医药生物
Longeveron Inc. Class A,医药生物
Ryvyl Inc.,计算机
ABG Acquisition Corp. I Class A,非银金融
"AmpliTech Group, Inc.",电子
"Gaucho Group Holdings, Inc.",商贸零售
"Apexigen, Inc",医药生物
Pardes Biosciences Inc,医药生物
Liberty Media Acquisition Corp. Class A,非银金融
Dune Acquisition Corp. Class A,非银金融
CF Acquisition Corp. IV Class A,非银金融
"Virpax Pharmaceuticals, Inc.",医药生物
Perpetua Resources Corp.,有色金属
Corner Growth Acquisition Corp. Class A,非银金融
"7GC & Co. Holdings, Inc. Class A",非银金融
EdtechX Holdings Acquisition Corp. II Class A,计算机
"Decibel Therapeutics, Inc.",医药生物
GT Biopharma Inc,医药生物
Talis Biomedical Corp.,医药生物
"Gelesis Holdings, Inc.",医药生物
"System1, Inc. Class A",计算机
天睿祥,电子
Go Acquisition Corp. Class A,非银金融
American Strategic Investment Co. Class A,非银金融
"Harmony Biosciences Holdings, Inc.",医药生物
CureVac N.V.,医药生物
"Duck Creek Technologies, Inc.",计算机
NETSTREIT Corp.,房地产
"Disc Medicine, Inc.",医药生物
Corvus Gold Inc.,有色金属
贝壳,房地产
"Presidio Property Trust, Inc. Class A",房地产
Kubient Inc,传媒
"Nautilus Biotechnolgy, Inc.",医药生物
"Checkmate Pharmaceuticals, Inc.",医药生物
Freeline Therapeutics Holdings Plc Sponsored ADR,医药生物
"Orchestra BioMed Holdings, Inc.",医药生物
"Oak Street Health, Inc.",医药生物
"Acutus Medical, Inc.",医药生物
Integra Resources Corp,有色金属
"Fathom Holdings, Inc.",房地产
"Vital Farms, Inc.",食品饮料
Brookfield Renewable Corp. Class A,公用事业
Cerevel Therapeutics Holdings Inc,医药生物
Vasta Platform Ltd. Class A,社会服务
AlloVir Inc,医药生物
理想汽车,汽车
"Icosavax, Inc.",医药生物
"Lucid Group, Inc.",汽车
GeneDx Holdings Corp. Class A,医药生物
"Berkshire Grey, Inc. Class A",机械设备
SPK Acquisition Corp,非银金融
Preston Hollow Corp Class A,非银金融
REE Automotive Ltd. Class A,汽车
"Clarios International, Inc.",家用电器
Teads NV Class A,传媒
"Traeger, Inc.",轻工制造
"MarketWise, Inc. Class A",商贸零售
Standard Lithium Ltd.,有色金属
"Robinhood Markets, Inc. Class A",非银金融
HHG Capital Corp.,非银金融
HCM Acquisition Corp. Class A,非银金融
"USCB Financial Holdings, Inc. Class A",银行
多邻国,传媒
Focus Impact Acquisition Corp. Class A,非银金融
"Xponential Fitness, Inc. Class A",社会服务
Clover Leaf Capital Corp. Class A,非银金融
Banner Acquisition Corp. Class A,非银金融
Holley Inc.,汽车
OceanTech Acquisitions I Corp. Class A,非银金融
Reynolds Consumer Products Inc,轻工制造
"Rafael Holdings, Inc. Class B",房地产
Liminal BioSciences Inc.,医药生物
XP Inc. Class A,非银金融
"BILL Holdings, Inc.",计算机
"Franchise Group, Inc. Class A",商贸零售
Broadmark Realty Capital Inc,房地产
金融壹账通,非银金融
Baudax Bio Inc,医药生物
"BGSF, Inc.",社会服务
优客工场,商贸零售
"US Ecology, Inc.",环保
亿航智能,计算机
"Blade Air Mobility, Inc. Class A",交通运输
Fresh2 Group Limited,食品饮料
"HilleVax, Inc",医药生物
天境生物,医药生物
BioDelivery科学国际,医药生物
GFL Environmental Inc,环保
"ADMA Biologics, Inc.",医药生物
"Velocity Financial, Inc.",非银金融
"KORU Medical Systems, Inc.",医药生物
"TELA Bio, Inc.",医药生物
Aptevo Therapeutics Inc,医药生物
Freedom Holding Corp.,非银金融
89bio Inc,医药生物
"NexImmune, Inc.",医药生物
Evo Acquisition Corp. Class A,非银金融
urban-gro Inc,环保
Electra Battery Materials Corp,有色金属
"John Marshall Bancorp, Inc.",银行
"Belite Bio, Inc. ADR",医药生物
Vintage Wine Estates Inc,食品饮料
"AFC Gamma, Inc.",非银金融
"Reliance Global Group, Inc.",非银金融
天演药业,医药生物
Inspirato Incorporated Class A,社会服务
"SAB Biotherapeutics, Inc.",医药生物
Redwoods Acquisition Corp.,非银金融
宝盛,房地产
"Signify Health, Inc. Class A",医药生物
INSU Acquisition Corp. III Class A,非银金融
"GRI Bio, Inc.",医药生物
"Bolt Biotherapeutics, Inc.",医药生物
"Energy Vault Holdings, Inc.",电力设备
"Apria, Inc.",医药生物
容联云通讯,通信
"E2open Parent Holdings, Inc. Class A",计算机
"Advent Technologies Holdings, Inc. Class A",电力设备
Alset Inc.,房地产
"Viant Technology, Inc. Class A",传媒
"Terns Pharmaceuticals, Inc.",医药生物
"Vor Biopharma, Inc.",医药生物
CC Neuberger Principal Holdings III Class A,非银金融
Churchill Capital Corp. V Class A,非银金融
"SoundHound AI, Inc Class A",计算机
中北能,公用事业
Golden Falcon Acquisition Corp. Class A,非银金融
Pharvaris N.V.,医药生物
"Candel Therapeutics, Inc.",医药生物
"Elicio Therapeutics, Inc.",医药生物
Owlet Inc Class A,家用电器
Hillman Solutions Corp.,轻工制造
Absci Corporation,医药生物
Wheels Up Experience Inc Class A,交通运输
"Outbrain, Inc.",传媒
Enovix Corporation,电子
Markforged Holding Corporation,机械设备
Nubia Brand International Corp. Class A,电子
"Instructure Holdings, Inc.",计算机
"Mama’s Creations, Inc.",轻工制造
"Texas Community Bancshares, Inc.",银行
Quantum Computing Inc.,计算机
Zevia PBC Class A,食品饮料
VTEX Class A,商贸零售
Post Holdings Partnering Corp. Class A,食品饮料
EG Acquisition Corp. Class A,非银金融
Catalyst Partners Acquisition Corp. Class A,非银金融
脑再生,医药生物
"CS Disco, Inc.",计算机
"Phillips Edison & Company, Inc.",房地产
"Couchbase, Inc.",计算机
NorthEast Community Bancorp Inc,银行
"Ryan Specialty Holdings, Inc. Class A",非银金融
ARYA Sciences Acquisition Corp. V Class A,非银金融
Gambling.com Group Ltd,传媒
Perspectum Group Ltd. Sponsored ADR,医药生物
Dynacure SA Sponsored ADR,医药生物
"Erasca, Inc.",医药生物
"Rapid Micro Biosystems, Inc. Class A",医药生物
"Imago BioSciences, Inc.",医药生物
Sunlight Financial Holdings Inc. Class A,非银金融
"Sera Prognostics, Inc. Class A",医药生物
Aries I Acquisition Corp. Class A,非银金融
"Sight Sciences, Inc.",医药生物
Centogene NV,医药生物
"Galera Therapeutics, Inc.",医药生物
Theratechnologies Inc.,医药生物
Relmada Therapeutics Inc,医药生物
房多多,房地产
DIRTT Environmental Solutions Ltd.,环保
FLJ Group Limited Sponsored ADR Class A,商贸零售
Oyster Point Pharma Inc,医药生物
Doma Holdings Inc,房地产
Jaws Hurricane Acquisition Corp. Class A,非银金融
"Reservoir Media, Inc.",传媒
"MaxCyte, Inc.",医药生物
Kaival Brands Innovations Group Inc,商贸零售
"YS Biopharma Co., Ltd. Class A",医药生物
MicroCloud Hologram Inc.,电子
Reunion Neuroscience Inc.,医药生物
Global Consumer Acquisition Corp.,非银金融
Mountain Crest Acquisition Corp. IV,非银金融
"Tenaya Therapeutics, Inc.",医药生物
"Rani Therapeutics Holdings, Inc. Class A",医药生物
"Omega Therapeutics, Inc.",医药生物
"RxSight, Inc.",医药生物
"Nuvalent, Inc. Class A",医药生物
Immuneering Corp. Class A,医药生物
"Microvast Holdings, Inc.",电子
Rallybio Corporation,医药生物
Altamira Therapeutics Ltd.,医药生物
Bitdeer Technologies Group,计算机
ChinaEdu Corp. Sponsored ADR,传媒
"Owens-Illinois, Inc.",轻工制造
SOLA International Inc.,美容护理
"Petroleum Heat and Power Co., Inc.",石油石化
Continental Steel Corp,钢铁
"3SBio, Inc. ADS",医药生物
7 Days Group Holdings Ltd. Unsponsored ADR,社会服务
Funtalk China Holdings Ltd.,通信
CRIIMI MAE Inc.,房地产
Aaron's Inc.,商贸零售
"Sterling Software, Inc.",计算机
Encal Energy Ltd Com,石油石化
Freeport-McMoRan Copper & Gold Inc.,有色金属
China Fire & Security Group,环保
Chipmos Technologies (Bermuda) Ltd.,电子
"loanDepot, Inc. Class A",非银金融
Yucheng Technologies Ltd.,计算机
"Excel Industries, Inc.",机械设备
General Signal Corporation,机械设备
China Kanghui Holdings ADS,医药生物
CuriosityStream Inc Class A,传媒
Chord Energy Corporation,石油石化
"Leafly Holdings, Inc.",传媒
乐活天下,社会服务
Truist Financial-优先股存托股份I,银行
Paramount Global Class A,传媒
Paramount Global Class B,传媒
WISeKey International Holding Ltd. Sponsored ADR,通信
GrowGeneration Corp.,农林牧渔
Sadot Group Inc.,社会服务
Histogen Inc.,医药生物
泛生子,医药生物
众巢医学,医药生物
Figure Acquisition Corp. I Class A,非银金融
Peakstone Realty Trust,房地产
Crucible Acquisition Corp. Class A,非银金融
BriaCell Therapeutics Corp,医药生物
FoxWayne Enterprises Acquisition Corp. Class A,非银金融
Fortress Value Acquisition Corp. III Class A,非银金融
Tailwind International Acquisition Corp. Class A,非银金融
"Novo Integrated Sciences, Inc.",医药生物
Williams Industrial Services Group Inc.,机械设备
Gold Royalty Corp.,有色金属
e家快服,社会服务
拜尔斯普保健,美容护理
Ping Identity Holding Corp.,计算机
Datadog Inc Class A,计算机
"Exagen, Inc.",医药生物
Forward Pharma A/S Sponsored ADR,医药生物
"TFF Pharmaceuticals, Inc.",医药生物
"IGM Biosciences, Inc.",医药生物
10x Genomics Inc Class A,医药生物
"Springworks Therapeutics, Inc.",医药生物
"Satsuma Pharmaceuticals, Inc.",医药生物
Alerus Financial Corporation,银行
SmileDirectClub Inc Class A,美容护理
Monopar Therapeutics Inc,医药生物
奥瑞金种业,农林牧渔
Cloudflare Inc Class A,通信
"Nephros, Inc.",医药生物
Viemed Healthcare Inc,医药生物
"Vericity, Inc.",非银金融
"Home Point Capital, Inc.",非银金融
"Beam Therapeutics, Inc.",医药生物
"Cabaletta Bio, Inc.",医药生物
"Phathom Pharmaceuticals, Inc.",医药生物
盐港明珠,房地产
医美国际,美容护理
AVITA Medical Inc,医药生物
"PowerFleet, Inc.",通信
36氪,传媒
网易有道,计算机
Misonix Inc,医药生物
"BRP Group, Inc. Class A",非银金融
盈透证券,非银金融
"BellRing Brands, Inc.",食品饮料
Innate Pharma SA Sponsored ADR,医药生物
Pennant Group Inc,社会服务
"Marker Therapeutics, Inc.",医药生物
Cerence Inc.,计算机
晖阳新能源,电力设备
"HBT Financial, Inc.",银行
Equinox Gold Corp.,有色金属
"ChargePoint Holdings, Inc. Class A",电力设备
爱克斯龙,石油石化
BioNTech SE Sponsored ADR,医药生物
ADC Therapeutics Ltd,医药生物
"Aprea Therapeutics, Inc.",医药生物
"Frequency Therapeutics, Inc.",医药生物
Immunocore Holdings Plc Shs Sponsored American Depositary Shares Repr 1 Sh,医药生物
"Bumble, Inc. Class A",传媒
"Lucira Health, Inc.",医药生物
Forafric Global PLC,食品饮料
ScION Tech Growth I Class A,非银金融
"Sensei Biotherapeutics, Inc.",医药生物
Legacy Enjoy Inc,社会服务
CXApp Inc. Class A,计算机
牧粮实业,农林牧渔
"Sana Biotechnology, Inc.",医药生物
Viveon Health Acquisition Corp.,医药生物
"Cuentas, Inc.",商贸零售
"Matterport, Inc. Class A",计算机
Carney Technology Acquisition Corp. II Class A,非银金融
West Fraser Timber Co. Ltd.,农林牧渔
Senior Connect Acquisition Corp. I Class A,非银金融
"Landos Biopharma, Inc.",医药生物
Mudrick Capital Acquisition Corp. II Class A,非银金融
"Electriq Power Holdings, Inc.",电力设备
Natural Order Acquisition Corp,非银金融
"Altus Power, Inc. Class A",公用事业
"Hyperfine, Inc. Class A",医药生物
Periphas Capital Partnering Corp. Class A,非银金融
Benessere Capital Acquisition Corp. Class A,非银金融
"Forge Global Holdings, Inc.",非银金融
HumanCo Acquisition Corp. Class A,非银金融
Evaxion Biotech A/S ADR,医药生物
Stevanato Group SpA,医药生物
"Bridge Investment Group Holdings, Inc. Class A",非银金融
"F45 Training Holdings, Inc.",社会服务
FREYR Battery,电力设备
AgriFORCE Growing Systems Ltd.,农林牧渔
"Newegg Commerce, Inc.",电子
Soho House & Co Inc.,社会服务
"Blend Labs, Inc. Class A",非银金融
Skydeck Acquisition Corp. Class A,非银金融
"Progyny, Inc.",医药生物
Graf Acquisition Corp. IV,非银金融
MariaDB plc,计算机
"Alight, Inc. Class A",非银金融
"Minim, Inc.",通信
Vicinity Motor Corp,汽车
"PSQ Holdings, Inc.",商贸零售
DA32 Life Science Tech Acquisition Corp. Class A,医药生物
Osiris Acquisition Corp. Class A,非银金融
POINT Biopharma Global Inc.,医药生物
"Sharecare, Inc. Class A",美容护理
"EVgo, Inc. Class A",公用事业
"Astra Space, Inc. Class A",国防军工
"AvePoint, Inc. Class A",计算机
HIVE Digital Technologies Ltd,计算机
"Ensysce Biosciences, Inc.",医药生物
"DT Midstream, Inc.",石油石化
Macondray Capital Acquisition Corp. I Class A,非银金融
ProKidney Corp. Class A,医药生物
AltC Acquisition Corp. Class A,非银金融
Nyxoah SA,医药生物
Compass Inc Class A,房地产
Taboola.com Ltd.,传媒
"Recruiter.com Group, Inc.",社会服务
"Thunder Bridge Capital Partners IV, Inc. Class A",非银金融
"MetroCity Bankshares, Inc.",银行
"Stereotaxis, Inc.",计算机
慧择,非银金融
BELLUS Health Inc.,医药生物
"Vir Biotechnology, Inc.",医药生物
"Bellerophon Therapeutics, Inc.",医药生物
"Peloton Interactive, Inc. Class A",计算机
NEP Group Inc,传媒
"ON24, Inc.",计算机
Mauser Group N.V.,轻工制造
SVF Investment Corp. Class A,非银金融
Crown ElectroKinetics Corp.,电子
Americas Technology Acquisition Corp.,计算机
Concord Acquisition Corp. Class A,非银金融
ZIM Integrated Shipping Services Ltd.,交通运输
易电行,汽车
FinTech Acquisition Corp. V Class A,非银金融
UWM Holdings Corp. Class A,非银金融
"Appreciate Holdings, Inc. Class A",房地产
"CarLotz, Inc. Class A",汽车
Ortho Clinical Diagnostics Holdings Plc,医药生物
"Shoals Technologies Group, Inc. Class A",电力设备
Agrify Corp.,农林牧渔
Spring Valley Acquisition Corp. II Class A,非银金融
National Beef Inc Class A,食品饮料
Trepont Acquisition Corp. I Class A,非银金融
"Hims & Hers Health, Inc. Class A",医药生物
Vinci Partners Investments Ltd. Class A,非银金融
Highland Transcend Partners I Corp. Class A,非银金融
"iSun, Inc.",电力设备
华迪国际,计算机
"Viridian Therapeutics, Inc.",医药生物
雾芯科技,电子
Far Peak Acquisition Corp. Class A,非银金融
Payoneer Global Inc.,非银金融
ironSource Ltd Class A,计算机
"Better Choice Company, Inc.",食品饮料
DallasNews Corporation Class A,传媒
"SentinelOne, Inc. Class A",计算机
Perella Weinberg Partners Class A,非银金融
"Beachbody Co., Inc. Class A",美容护理
B. Riley Principal 250 Merger Corp. Class A,非银金融
"Origin Materials, Inc.",基础化工
"Estrella Immunopharma, Inc.",医药生物
D-MARKET Elektronik Hizmetler ve Ticaret AS Sponsored ADR,商贸零售
华瑞国际,房地产
喜马拉雅,传媒
"Talkspace, Inc.",社会服务
"Xometry, Inc. Class A",机械设备
城道通环保科技,环保
"Paycor HCM, Inc.",计算机
"PurposeBuilt Brands, Inc.",美容护理
"Monte Rosa Therapeutics, Inc.",医药生物
"Aerovate Therapeutics, Inc.",医药生物
Integral Ad Science Holding Corp,传媒
零氪科技,医药生物
"HCW Biologics, Inc.",医药生物
淘你欢,商贸零售
Fifth Wall Acquisition Corp. II Class A,非银金融
PicS Ltd.,计算机
金太阳教育,社会服务
Valor Latitude Acquisition Corp. Class A,非银金融
"Shonghoya Intl Group, Inc.",轻工制造
福佑卡车,汽车
普普文化,传媒
Pasithea Therapeutics Corp.,医药生物
Valaris Ltd.,机械设备
Strawberry Fields REIT Inc,房地产
Tech & Energy Transition Corp. Class A,电力设备
"Anebulo Pharmaceuticals, Inc.",医药生物
Golden Arrow Merger Corp. Class A,非银金融
"IPOWER, Inc.",家用电器
"T1V, INC. Class A",计算机
"Asset Entities, Inc. Class B",非银金融
水滴,非银金融
"Heliogen, Inc.",电力设备
"ZipRecruiter, Inc. Class A",计算机
Longview Acquisition Corp. II Class A,非银金融
Plum Acquisition Corp. I Class A,非银金融
Build Acquisition Corp. Class A,非银金融
Similarweb Ltd.,计算机
"Bowman Consulting Group, Ltd.",建筑装饰
Global-e Online Ltd.,商贸零售
"Squarespace, Inc. Class A",计算机
"Zenvia, Inc. Class A",通信
Valneva SE Sponsored ADR,医药生物
"Talaris Therapeutics, Inc.",医药生物
Accelerate Acquisition Corp. Class A,非银金融
Pine Technology Acquisition Corp. Class A,非银金融
"Gores Technology Partners II, Inc. Class A",非银金融
"Privia Health Group, Inc.",医药生物
Stellantis N.V.,汽车
Patria Investments Ltd. Class A,非银金融
Versus Systems Inc,计算机
"SYLA Technologies Co., Ltd. ADR",电子
MYT Netherlands Parent B.V. ADR,商贸零售
Roblox Corp. Class A,计算机
Ion Acquisition Corp. 3 Ltd. Class A,非银金融
Agile Growth Corp. Class A,非银金融
"AST SpaceMobile, Inc. Class A",通信
"Honest Company, Inc.",美容护理
Colonnade Acquisition Corp. II Class A,非银金融
ESM Acquisition Corp. Class A,非银金融
"Werewolf Therapeutics, Inc.",医药生物
Vaccitech Plc Sponsored ADR,医药生物
Sandbridge X2 Corp. Class A,非银金融
"American Acquisition Opportunity, Inc. Class A",非银金融
Independence Holdings Corp. Class A,非银金融
Uranium Royalty Corp,有色金属
"Fortegra Group, Inc",非银金融
Bioceres Crop Solutions Corp.,农林牧渔
"Mind Medicine (MindMed), Inc.",医药生物
"Protagenic Therapeutics, Inc.",医药生物
Atlantic Coastal Acquisition Corp. Class A,非银金融
"TransCode Therapeutics, Inc.",医药生物
VPC Impact Acquisition Holdings II Class A,非银金融
First Reserve Sustainable Growth Corp. Class A,非银金融
"Better HoldCo, Inc.",商贸零售
"InterPrivate IV InfraTech Partners, Inc. Class A",非银金融
"FTC Solar, Inc.",电力设备
"Agiliti, Inc.",社会服务
FTAC Hera Acquisition Corp. Class A,非银金融
RXR Acquisition Corp. Class A,非银金融
Aveanna Healthcare Holdings Inc,医药生物
Rain Oncology Inc.,医药生物
Landsea Homes Corporation,房地产
Omega Alpha SPAC Class A,非银金融
Vincerx Pharma Inc,医药生物
"Porch Group, Inc.",社会服务
Pharming Group NV ADR RegS,医药生物
AerSale Corporation,交通运输
"Kineta, Inc.",医药生物
Intelligent Bio Solutions Inc.,医药生物
Breeze Holdings Acquisition Corp.,非银金融
Spruce Power Holding Corporation Class A,公用事业
"Clever Leaves Holdings, Inc.",医药生物
Canoo Inc. Class A,汽车
"Catheter Precision, Inc.",医药生物
"LegalZoom.com, Inc.",社会服务
GH Research Plc,医药生物
"Doximity, Inc. Class A",医药生物
"MeridianLink, Inc.",计算机
"Clear Secure, Inc. Class A",社会服务
"PB Bankshares, Inc.",银行
"Graphite Bio, Inc.",医药生物
"TScan Therapeutics, Inc.",医药生物
Eco Wave Power Global AB Sponsored ADR,公用事业
Social Capital Suvretta Holdings Corp. II Class A,非银金融
Social Capital Suvretta Holdings Corp. IV Class A,非银金融
"Acumen Pharmaceuticals, Inc.",医药生物
滴滴,交通运输
"Miromatrix Medical, Inc.",医药生物
"DigitalBridge Group, Inc. Class A",房地产
满帮,交通运输
Bitfarms Ltd.,计算机
Global Industrial Company,轻工制造
"Soulgate, Inc. Sponsored ADR Class A",通信
SAI.TECH Global Corporation Class A,电力设备
"GameSquare Holdings, Inc.",传媒
"Mister Car Wash, Inc.",商贸零售
"ATI Physical Therapy, Inc. Class A",社会服务
"Sprinklr, Inc. Class A",计算机
"WM Technology, Inc. Class A",计算机
Jaws Juggernaut Acquisition Corp. Class A,非银金融
"Big Sky Growth Partners, Inc. Class A",非银金融
Frontier Investment Corp. Class A,非银金融
Planet Labs PBC Class A,传媒
M3-Brigade Acquisition II Corp. Class A,非银金融
环球墨非,传媒
Latham Group Inc,建筑材料
biote Corp. Class A,医药生物
Enthusiast Gaming Holdings Inc,传媒
DHC Acquisition Corp. Class A,非银金融
Arrowroot Acquisition Corp. Class A,非银金融
Mission Advancement Corp. Class A,非银金融
NightDragon Acquisition Corp. Class A,非银金融
Impel Pharmaceuticals Inc.,医药生物
Orion Acquisition Corp. Class A,非银金融
DHB Capital Corp. Class A,非银金融
Bowlero Corp. Class A,社会服务
Genius Sports Limited,传媒
Terran Orbital Corp,国防军工
"AlTi Global, Inc. Class A",非银金融
Northern Star Investment Corp. III Class A,非银金融
"UiPath, Inc. Class A",计算机
Northern Star Investment Corp. IV Class A,非银金融
"Advanced Merger Partners, Inc. Class A",非银金融
Fintech Evolution Acquisition Group Class A,非银金融
Zymergen Inc,医药生物
"KnowBe4, Inc. Class A",计算机
SAG Holdings Limited,房地产
Orla Mining Ltd.,有色金属
"Fiscalnote Holdings, Inc. Class A",计算机
"Energy Hunter Resources, Inc.",石油石化
"AFG Holdings, Inc.",机械设备
"F5 Finishes, Inc.",建筑装饰
Opendoor Technologies Inc,房地产
"TriSalus Life Sciences, Inc.",医药生物
CONX Corp. Class A,非银金融
Tekkorp Digital Acquisition Corp. Class A,非银金融
"Desktop Metal, Inc. Class A",机械设备
"BurgerFi International, Inc.",食品饮料
China Security & Surveillance Technology Inc.,通信
"Midwest Holding, Inc.",非银金融
FG Financial Group Inc,非银金融
Skillz Inc. Class A,计算机
Archer Aviation Inc Class A,交通运输
908 Devices Inc.,医药生物
Bluescape Opportunities Acquisition Corp. Class A,非银金融
Cazoo Group Ltd Class A,商贸零售
"Virios Therapeutics, Inc.",医药生物
Lux Health Tech Acquisition Corp. Class A,非银金融
Coeptis Therapeutics Holdings Inc.,医药生物
Turmeric Acquisition Corp. Class A,非银金融
Confluent Inc Class A,通信
First Advantage Corp.,社会服务
Tremor International Ltd. Sponsored ADR,传媒
"Etao International Co., Ltd.",商贸零售
"Femasys, Inc.",医药生物
"Ambrx Biopharma, Inc. Sponsored ADR",医药生物
"Telesis Bio, Inc.",医药生物
Proterra Inc.,汽车
"Bright Health Group, Inc.",医药生物
ATAI Life Sciences N.V.,医药生物
"Verve Therapeutics, Inc.",医药生物
"Cyteir Therapeutics, Inc.",医药生物
"Century Therapeutics, Inc.",医药生物
"Alzamend Neuro, Inc.",医药生物
Ero Copper Corp.,有色金属
Real Brokerage Inc.,房地产
万物新生,社会服务
Acurx Pharmaceuticals LLC,医药生物
尚乘数科,计算机
"Unicycive Therapeutics, Inc.",医药生物
"Splash Beverage Group, Inc.",食品饮料
道达尔,石油石化
"indie Semiconductor, Inc. Class A",电子
"Lyell Immunopharma, Inc.",医药生物
Molecular Partners AG Sponsored ADR,医药生物
Quantum-Si Incorporated Class A,电子
"Katapult Holdings, Inc.",非银金融
Brookfield Reinsurance Ltd.,非银金融
"CareMax, Inc. Class A",医药生物
AcuityAds Holdings Inc,传媒
WalkMe Ltd.,计算机
Largo Inc.,有色金属
"FOTV Media Networks, Inc.",传媒
"Accelerated Pharma, Inc.",医药生物
Abpro Corp.,医药生物
Adaptive Insights Inc,计算机
Zekelman Industries Inc. Class A,机械设备
Uranium Trading Corp. Class A,有色金属
ADAMA Agricultural Solutions Ltd.,农林牧渔
"Generations Bancorp NY, Inc.",银行
Cascade Acquisition Corp. Class A,非银金融
Health Assurance Acquisition Corp Class A,医药生物
Global Partner Acquisition Corp. II Class A,非银金融
"BTRS Holdings, Inc.",计算机
Omnichannel Acquisition Corp. Class A,非银金属
Redwire Corp,国防军工
"Petco Health & Wellness Company, Inc. Class A",美容护理
Playtika Holding Corp.,传媒
"Driven Brands Holdings, Inc.",汽车
Lexaria Bioscience Corp.,医药生物
库客音乐,传媒
"Poshmark, Inc. Class A",商贸零售
"Montauk Renewables, Inc.",环保
Clover Health Investments Corp. Class A,医药生物
"Motorsport Games, Inc. Class A",传媒
祁连国际,房地产
Ermenegildo Zegna N.V.,纺织服饰
"Population Health Investment Co., Inc. Class A",社会服务
VCA Inc.,社会服务
"Affirm Holdings, Inc. Class A",非银金融
"CVRx, Inc.",医药生物
Lytus Technologies Holdings Private Limited,通信
Rocket Global Acquisition Corp.,非银金融
Twin Vee PowerCats Co.,交通运输
"Dermata Therapeutics, Inc.",医药生物
"PLAYSTUDIOS, Inc. Class A",传媒
"Alpha Teknova, Inc.",医药生物
"Akili, Inc.",医药生物
"EzFill Holdings, Inc.",汽车
奥斯汀科技,计算机
Innovatus Life Sciences Acquisition Corp.,医药生物
亚朵,社会服务
B Capital Technology Opportunities Corp.,非银金融
叁腾科技,计算机
香颂国际,食品饮料
每日优鲜,商贸零售
Reinvent Technology Partners X,计算机
"Core & Main, Inc. Class A",建筑材料
"Building Dreamstar Technology, Inc.",计算机
"Catalyst Bancorp, Inc.",银行
"Upexi, Inc.",商贸零售
"PowerSchool Holdings, Inc. Class A",计算机
天美生物,医药生物
叮咚买菜,商贸零售
"Elevation Oncology, Inc.",医药生物
TPG Pace Tech Opportunities II Corp.,非银金融
Ross Acquisition Corp. II Class A,非银金融
PWP Forward Acquisition Corp. I Class A,非银金融
"American Oncology Network, Inc.",医药生物
"ECARX Holdings, Inc.",汽车
TPG Pace Beneficial II Corp. Class A,非银金融
"Gores Holdings VII, Inc. Class A",非银金融
"SomaLogic, Inc. Class A",医药生物
Arctos NorthStar Acquisition Corp. Class A,非银金融
agilon health inc,医药生物
Priveterra Acquisition Corp. Class A,非银金融
"Where Food Comes From, Inc.",农林牧渔
"MicroAlgo, Inc.",计算机
AppLovin Corp. Class A,计算机
图森未来,汽车
Prenetics Global Limited Class A,医药生物
"Rumble, Inc. Class A",传媒
Quadro Acquisition One Corp.Class A,非银金融
New Vista Acquisition Corp. Class A,非银金融
Property Solutions Acquisition Corp. II Class A,房地产
FaZe Holdings Inc.,传媒
SportsTek Acquisition Corp. Class A,社会服务
"Simon Property Group Acquisition Holdings, Inc. Class A",房地产
Movella Holdings Inc.Class A,电子
VectivBio Holding AG,医药生物
Alkami Technology Inc,计算机
Reneo Pharmaceuticals Inc,医药生物
Moringa Acquisition Corp. Class A,非银金融
TCV Acquisition Corp. Class A,非银金融
Panacea Acquisition Corp. II Class A,医药生物
Innoviz Technologies Ltd.,电子
Custom Truck One Source Inc,机械设备
Virginia National Bankshares Corporation,银行
SkyWater Technology Inc,电子
讯鸟软件,计算机
Twelve Seas Investment Co. II Class A,非银金融
Pagaya Technologies Ltd Class A,计算机
"Gores Holdings VIII, Inc. Class A",非银金融
盛大科技,计算机
"AdTheorent Holding Company, Inc.",计算机
"NeuroPace, Inc.",医药生物
USHG Acquisition Corp. Class A,非银金融
Austerlitz Acquisition Corp. II Class A,非银金融
Slam Corp. Class A,非银金融
Fusion Acquisition Corp. II Class A,非银金融
Flame Acquisition Corp. Class A,非银金融
Freedom Acquisition I Corp. Class A,非银金融
FTAC Athena Acquisition Corp. Class A,非银金融
Hudson Executive Investment Corp. III Class A,非银金融
Ibere Pharmaceuticals Class A,医药生物
Austerlitz Acquisition Corp. I Class A,非银金融
"Colicity, Inc. Class A",非银金融
"Troika Media Group, Inc.",传媒
Velocity Acquisition Corp. Class A,非银金融
Newbury Street Acquisition Corp.,非银金融
Warrior Technologies Acquisition Co. Class A,非银金融
"EBET, INC.",计算机
Centerra Gold Inc.,有色金属
"DoubleVerify Holdings, Inc.",计算机
Akoya Biosciences Inc,医药生物
Biomea Fusion Inc,医药生物
ACell Inc,医药生物
Mapi - Pharma Ltd,医药生物
"rEVO Biologics, Inc.",医药生物
"Wayne Farms, Inc. Class A",农林牧渔
"Recursion Pharmaceuticals, Inc. Class A",医药生物
H.I.G. Acquisition Corp. Class A,非银金融
LoanCore Realty Trust Inc,房地产
Edoc Acquisition Corp. Class A,非银金融
GenSight Biologics SA Sponsored ADR,医药生物
Fusion Fuel Green Plc Class A,环保
Hyzon Motors Inc. Class A,汽车
Viamet Pharmaceuticals Corp.,医药生物
DocGo Inc.,社会服务
Nanobiotix SA Sponsored ADR,医药生物
"AbCellera Biologics, Inc.",医药生物
Cyclo Therapeutics Inc,医药生物
"C3.ai, Inc. Class A",计算机
"Ondas Networks, Inc.",通信
"Vivos Therapeutics, Inc.",医药生物
"Upstart Holdings, Inc.",计算机
Redbox Entertainment Inc. Class A,传媒
"Braeburn Pharmaceuticals, Inc.",医药生物
"Certara, Inc.",医药生物
IC Power Ltd.,电力设备
"Mota Group, Inc.",电子
"Seer, Inc. Class A",医药生物
"Hydrofarm Holdings Group, Inc.",农林牧渔
"PubMatic, Inc. Class A",传媒
BJ Services Co,石油石化
Molino Canuelas SACIFIA ADR Class B,食品饮料
东方文化,传媒
"Ondas Holdings, Inc.",通信
"Janux Therapeutics, Inc.",医药生物
"Convey Health Solutions Holdings, Inc.",社会服务
"Angel Oak Mortgage REIT, Inc.",非银金融
"Janus International Group, Inc.",机械设备
BOSS直聘,社会服务
"Iron Spark I, Inc. Class A",非银金融
BARK Inc Class A,商贸零售
"Synaptogenix, Inc.",医药生物
KULR Technology Group Inc,电子
Maquia Capital Acquisition Corp. Class A,非银金融
"TaskUs, Inc. Class A",社会服务
"1stdibs.com, Inc.",商贸零售
monday.com Ltd.,计算机
Weatherford International plc,石油石化
"High Tide, Inc.",商贸零售
CoreCard Corporation,计算机
Zeta Global Holdings Corp. Class A,传媒
"Marqeta, Inc. Class A",计算机
SoFi Technologies Inc,非银金融
Tio Tech A Class A,计算机
Centessa Pharmaceuticals PLC ADR,医药生物
NextPlat Corp,商贸零售
"Zivo Bioscience, Inc.",医药生物
"Lifestance Health Group, Inc.",医药生物
"EQRx, Inc.",医药生物
Quipt Home Medical Corp,医药生物
NeuroOne Medical Technologies Corporation,医药生物
"Senti Biosciences, Inc.",医药生物
DLocal Limited Class A,非银金融
"Singular Genomics Systems, Inc.",医药生物
"NRX Pharmaceuticals, Inc.",医药生物
"WatchGuard Technologies, Inc.",计算机
TFI TAB Gida Yatirimlari A.S. Sponsored ADR,食品饮料
Advantage Insurance Inc.,非银金融
Vrio Corp. Class A,通信
DERMAdoctor LLC,美容护理
GoodBulk Ltd.,交通运输
"Remora Royalties, Inc. Class A",石油石化
"Alzheon, Inc.",医药生物
Valtech SE Class A,计算机
Cibus Corp. Class A,农林牧渔
Virgin Trains USA Inc.,交通运输
Grab Holdings Limited Class A,交通运输
"Wrap Technologies, Inc.",国防军工
AMMO Inc,国防军工
一起教育科技,传媒
QuantumScape Corporation Class A,电子
Mallard Acquisition Corp.,非银金融
"Lixte Biotechnology Holdings, Inc.",医药生物
"Vision Marine Technologies, Inc.",汽车
IG Acquisition Corp. Class A,非银金融
"Starry Group Holdings, Inc. Class A",通信
"PARTS iD, Inc. Class A",汽车
Aequi Acquisition Corp. Class A,非银金融
Workspace Property Trust,房地产
Beauty Health Company Class A,美容护理
Avanti Acquisition Corp. Class A,非银金融
Tuesday Morning Corporation,商贸零售
"Day One Biopharmaceuticals, Inc.",医药生物
"Vimeo, Inc.",传媒
Nouveau Monde Graphite Inc,有色金属
"Paymentus Holdings, Inc Class A",非银金融
"Sagimet Biosciences, Inc. Class A",医药生物
Artemis Strategic Investment Corp. Class A,非银金融
Ace Global Business Acquisition Ltd.,非银金融
Lakeview Acquisition Corp.,非银金融
"FIGS, Inc. Class A",纺织服饰
Flywire Corp.,非银金融
"Blue Owl Capital, Inc. Class A",非银金融
New Pacific Metals Corp,有色金属
OPAL Fuels Inc. Class A,石油石化
Fifth Wall Acquisition Corp. III Class A,非银金融
Iris Acquisition Corp Class A,非银金融
九紫新能,电力设备
"GigInternational1, Inc.",非银金融
MSD Acquisition Corp. Class A,非银金融
"Save Foods, Inc.",食品饮料
Data Storage Corporation,计算机
"Digital Brands Group, Inc.",纺织服饰
"Solid Power, Inc. Class A",电力设备
"Landcadia Holdings IV, Inc. Class A",非银金融
Corazon Capital V838 Monoceros Corp. Class A,非银金融
Disruptive Acquisition Corp. I Class A,非银金融
Glass Houses Acquisition Corp. Class A,非银金融
"ACELYRIN, INC.",医药生物
DTLR Holding Inc,商贸零售
"AutoGenomics, Inc.",医药生物
"Ambrx, Inc.",医药生物
Purple Biotech Ltd. Sponsored ADR,医药生物
Northern Genesis Acquisition Corp. III,非银金融
Polestar Automotive Holding UK PLC Sponsored ADR Class A,汽车
"Finance of America Cos., Inc. Class A",非银金融
"Coinbase Global, Inc. Class A",非银金融
P3 Health Partners Inc. Class A,医药生物
"Energy & Exploration Partners, Inc.",石油石化
ScION Tech Growth II Class A,非银金融
怪兽充电,电力设备
"SpringBig Holdings, Inc.",计算机
Tishman Speyer Innovation Corp. II Class A,房地产
Lazard Growth Acquisition Corp. I Class A,非银金融
"Core Scientific, Inc.",计算机
Medicus Sciences Acquisition Corp. Class A,医药生物
Broadscale Acquisition Corp. Class A,非银金融
Churchill Capital Corp. VII Class A,非银金融
Catcha Investment Corp. Class A,非银金融
Paysafe Ltd,非银金融
"William Penn Bancorp, Inc.",银行
Apollo Strategic Growth Capital II Class A,非银金融
"Fast Radius, Inc. Class A",计算机
Bite Acquisition Corp.,非银金融
Khosla Ventures Acquisition Co. IV Class A,非银金融
"Pishposh, Inc.",商贸零售
Enlight Renewable Energy Ltd,电力设备
禾赛,电子
"LeeWay Services, Inc.",社会服务
MGO Global Inc.,食品饮料
Levere Holdings Corp. Class A,非银金融
hear.com NV,医药生物
Waldencast plc Class A,美容护理
"Aurora Innovation, Inc. Class A",计算机
Fortress Value Acquisition Corp. IV Class A,非银金融
Tritium DCFC Limited,电力设备
Franklin Wireless Corp.,通信
two Class A,非银金融
Crown PropTech Acquisitions Class A,房地产
"Thunder Bridge Capital Partners III, Inc. Class A",非银金融
Joff Fintech Acquisition Corp. Class A,非银金融
"Intermedia Cloud Communications, Inc.",通信
RMG Acquisition Corp. III Class A,非银金融
Itiquira Acquisition Corp. Class A,非银金融
Sustainable Development Acquisition I Corp. Class A,非银金融
"Spectral AI, Inc.",医药生物
联合货币中心银行,银行
Isleworth Healthcare Acquisition Corp.,医药生物
HH&L Acquisition Co. Class A,非银金融
"Kernel Group Holdings, Inc. Class A",非银金融
Gaming & Hospitality Acquisition Corp. Class A,社会服务
Arrival SA,汽车
Atlas Crest Investment Corp. II Class A,非银金融
"Allurion Technologies, Inc.",医药生物
Acri Capital Acquisition Corporation Class A,非银金融
EpicQuest Education Group International Limited,社会服务
"Edgewise Therapeutics, Inc.",医药生物
LAVA Therapeutics NV,医药生物
Just Another Acquisition Corp. Class A,非银金融
"Kaltura, Inc.",计算机
"G Squared Ascend I, Inc. Class A",非银金融
"INVO Bioscience, Inc.",医药生物
Sio Gene Therapies Inc,医药生物
"Revelation Biosciences, Inc.",医药生物
Aenza S.A.A. Sponsored ADR,房地产
"Vinco Ventures, Inc.",传媒
"Triterras, Inc. Class A",非银金融
North Mountain Merger Corp. Class A,非银金融
"IN8bio, Inc.",医药生物
InMed Pharmaceuticals Inc.,医药生物
"Rezolute, Inc.",医药生物
宾夕法尼亚房地产投资,房地产
豪斯特酒店,社会服务
"Sanara MedTech, Inc.",医药生物
离子地球物理,环保
Zosano Pharma Corp.,医药生物
钜派投资,非银金融
NewAge Inc,食品饮料
Ribbit LEAP Ltd. Class A,非银金融
Tiziana Life Sciences Ltd.,医药生物
摩贝,计算机
"Creatd, Inc.",传媒
Lanvin Group Holdings Limited,纺织服饰
Vertical Aerospace Ltd.,交通运输
Prime Impact Acquisition I Class A,非银金融
SQZ Biotechnologies Company,医药生物
Auddia Inc.,传媒
"Atea Pharmaceuticals, Inc.",医药生物
KKR Acquisition Holdings I Corp. Class A,非银金融
Aberdeen Standard Global Infrastructure Income Fund,公用事业
"Vertex, Inc. Class A",计算机
"Nurix Therapeutics, Inc.",医药生物
"iTeos Therapeutics, Inc.",医药生物
"Inozyme Pharma, Inc.",医药生物
"Annexon, Inc.",医药生物
VirnetX Holding Corporation,通信
Montrose Environmental Group Inc,环保
Polished.com Inc.,美容护理
Brilliant Acquisition Corporation,非银金融
Jamf Holding Corp,计算机
"DCP Midstream Partners, LP",石油石化
PhenomeX Inc.,医药生物
"ALX Oncology Holdings, Inc.",医药生物
"Trean Insurance Group, Inc.",非银金融
"Relay Therapeutics, Inc.",医药生物
"Harbor Custom Development, Inc.",房地产
GoHealth Inc Class A,医药生物
Renalytix Plc Sponsored ADR,医药生物
nCino Inc,计算机
"Butterfly Network, Inc. Class A",医药生物
趣活,商贸零售
"Nkarta, Inc.",医药生物
Inventiva SA ADR,医药生物
"Crexendo, Inc.",通信
Amryt Pharma PLC Sponsored ADR,医药生物
"Cano Health, Inc. Class A",医药生物
"Winc, Inc.",食品饮料
蓝城兄弟,传媒
"Aditxt, Inc.",医药生物
"Accolade, Inc.",医药生物
Lemonade Inc,非银金融
邓白氏,非银金融
"DoubleDown Interactive Co., Ltd. Sponsored ADR",传媒
Sprott Inc.,非银金融
"Albertsons Companies, Inc. Class A",商贸零售
好时,食品饮料
HNI Corporation,建筑装饰
希贝特,医药生物
希尔托普控股,房地产
"Holly Energy Partners, L.P.",石油石化
HF Sinclair Corporation,石油石化
哈里逊合众银行,银行
"HomeStreet, Inc.",银行
Horizon Therapeutics Public Limited Company,医药生物
"HomeTrust Bancshares, Inc.",银行
本田汽车,汽车
Houghton Mifflin Harcourt Company,传媒
枢纽,通信
Horizon Technology Finance Corporation,非银金融
休斯敦能源,石油石化
汇丰控股,银行
荷美尔食品,食品饮料
IDT Corporation Class B,通信
"Huttig Building Products, Inc.",建筑材料
爱康国宾,美容护理
ICU医疗,医药生物
"IF Bancorp, Inc.",银行
TeraWulf Inc.,煤炭
伊利诺伊机械,机械设备
"Illumina, Inc.",医药生物
因塞特医疗,医药生物
"Impac Mortgage Holdings, Inc.",非银金融
Industrias Bachoco SAB de CV Sponsored ADR Class B,农林牧渔
独立控股,非银金融
印孚瑟斯技术,计算机
驰能设备,机械设备
帝国石油,石油石化
Immersion Corporation,电子
英飞朗,机械设备
"InfuSystem Holdings, Inc.",医药生物
美国独立银行,银行
ImmuCell Corporation,医药生物
"Infinity Pharmaceuticals, Inc.",医药生物
"Harrow, Inc.",医药生物
独立银行,银行
"ImmunoGen, Inc.",医药生物
Infoblox Inc.,计算机
India Fund,非银金融
"Immunomedics, Inc.",医药生物
荷兰国际,非银金融
GeoPark Ltd,石油石化
简伯特,计算机
格涅斯科,机械设备
直布罗陀工业,机械设备
真泰克,电子
和信超媒体,传媒
Gentherm Incorporated,家用电器
"Genesis Energy, L.P.",石油石化
Geospace Technologies Corporation,电子
基因技术,医药生物
TechPrecision Corporation,机械设备
Enerkem Inc.,环保
Super Group (SGHC) Limited,非银金融
Innovation Economy Corp.,计算机
Ozon Holdings Plc Sponsored ADR,商贸零售
Radius Bancorp Inc,银行
"Global Business Travel Group, Inc. Class A",交通运输
Jiya Acquisition Corp. Class A,非银金融
"CompoSecure, Inc. Class A",电子
"LiveWire Group, Inc.",汽车
"Science 37 Holdings, Inc.",医药生物
NLS Pharmaceutics Ltd.,医药生物
"Travere Therapeutics, Inc.",医药生物
"Viatris, Inc.",医药生物
Telos Corporation,计算机
"Olema Pharmaceuticals, Inc.",医药生物
Pine Island Acquisition Corp Class A,非银金融
"OppFi, Inc.",非银金融
MP Materials Corp Class A,有色金属
"GCM Grosvenor, Inc. Class A",非银金融
"MedAvail Holdings, Inc.",医药生物
"Maravai Lifesciences Holdings, Inc. Class A",医药生物
Smith-Midland Corporation,建筑材料
逸仙电商,商贸零售
"Eos Energy Enterprises, Inc. Class A",电力设备
"S1 BioPharma, Inc.",医药生物
Cvent Holding Corp.,计算机
CI Financial Corp.,非银金融
PureTech Health PLC Sponsored ADR,医药生物
宁圣国际,医药生物
佳裕达,汽车
Zura Bio Limited Class A,医药生物
Trio Petroleum Corp.,石油石化
"Ouster, Inc.",电子
NeoGames SA,计算机
Sotera Health Company,医药生物
Horizon Space Acquisition I Corporation,非银金融
"Rocket Lab USA, Inc.",国防军工
Oatly Group AB Sponsored ADR,食品饮料
Lead Edge Growth Opportunities Ltd. Class A,非银金融
Plutonian Acquisition Corp.,非银金融
Magnum Opus Acquisition Ltd. Class A,非银金融
"Virgin Orbit Holdings, Inc.",国防军工
Forum Merger IV Corp. Class A,非银金融
TB SA Acquisition Corp. Class A,非银金融
"Vera Therapeutics, Inc. Class A",医药生物
Procore Technologies Inc,计算机
"Supernova Partners Acquisition Co III, Ltd. Class A",非银金融
Oculis Holding AG,医药生物
Glenfarne Merger Corp. Class A,非银金融
"Grove Collaborative Holdings, Inc. Class A",商贸零售
Rocket Internet Growth Opportunities Corp. Class A,非银金融
LDH Growth Corp. I Class A,非银金融
Five Star Bancorp,银行
"Frontier Communications Parent, Inc.",通信
Enact Holdings Inc,非银金融
BYTE Acquisition Corp. Class A,非银金融
Data Knights Acquisition Corp. Class A,非银金融
Kadem Sustainable Impact Corp. Class A,非银金融
Gyroscope Therapeutics Holdings Plc Sponsored ADR,医药生物
Orion Biotech Opportunities Corp. Class A,医药生物
Revolution Healthcare Acquisition Corp. Class A,医药生物
Lion Electric Company,汽车
海恩斯国际,纺织服饰
HCA Healthcare Inc,医药生物
Healthcare Realty Trust Incorporated,房地产
"Healthpeak Properties, Inc.",房地产
医疗保健服务,医药生物
医疗保健房地产信托,房地产
亨利香恩服务,社会服务
赫克拉矿业,有色金属
HDFC银行,银行
螺旋能源解决方案,电力设备
Encompass Health Corporation,医药生物
康宝莱,食品饮料
"Hercules Capital, Inc.",非银金融
"Hennessy Advisors, Inc.",非银金融
Heritage Commerce Corp,银行
Heritage金融银行,银行
"Heritage Insurance Holdings, Inc.",非银金融
赫斯卡医疗,医药生物
希尔顿酒店,社会服务
传承水晶清洁,环保
骇维金属加工,有色金属
"Gevo, Inc.",石油石化
格拉德斯通商业,房地产
吉尔丹运动服装,纺织服饰
吉利德科学,医药生物
格莱斯顿田野,农林牧渔
Glatfelter Corporation,轻工制造
葛兰素史克,医药生物
Gold Standard Ventures Corp.,有色金属
全球星,通信
格伦伯尼万通金控,非银金融
环球租船,交通运输
Globus Maritime Limited,交通运输
GOLAR海运,交通运输
Globus Medical Inc Class A,医药生物
Gold Fields Limited Sponsored ADR,有色金属
黄金资源,有色金属
GP Strategies Corporation,计算机
固瑞克,机械设备
花岗岩建筑,建筑装饰
古德里奇,石油石化
谷歌-A,通信
Graham Corporation,机械设备
Graphic Packaging Holding Company,轻工制造
谷歌-C,通信
格雷厄姆控股,机械设备
"Gravity Co., Ltd. Sponsored ADR",计算机
"GoPro, Inc. Class A",电子
高盛,非银金融
南方万通金控,非银金融
"Gray Television, Inc.",传媒
Global Blue Group Holding AG,商贸零售
Gorman-Rupp Company,机械设备
"Golub Capital BDC, Inc.",非银金融
大湖船坞,交通运输
Gran Tierra Energy Inc.,石油石化
Green Dot Corporation Class A,非银金融
Office Properties Income Trust,房地产
恋上餐厅,食品饮料
绿色平原能源,公用事业
Great Panther Mining Limited,有色金属
格林布赖尔,机械设备
大峡谷教育,社会服务
格林县万通金控,非银金融
"Guess?, Inc.",纺织服饰
广船国际技术,交通运输
绿光资本,非银金融
SuRo Capital Corp.,非银金融
海湾岛制造,轻工制造
Guggenheim Taxable Municipal Managed Duration Trst,非银金融
Genie Energy Ltd. Class B,石油石化
NetCapital Inc,非银金融
Guggenheim Strategic Opportunities Fund,非银金融
汽车一组,汽车
Grupo Simec SAB de CV Sponsored ADR Class B,钢铁
墨西哥电视,传媒
"Groupon, Inc.",商贸零售
Gyrodyne LLC,房地产
Guidewire软件,计算机
H&E设备服务,机械设备
GFED银行,银行
Tekla Healthcare Investors,医药生物
Tekla生命科学,医药生物
汉考克惠特尼,非银金融
HR布洛克服务,社会服务
富乐,家用电器
Haemonetics Corporation,医药生物
哈雷戴维森,汽车
哈特福德金融服务,非银金融
"Highwoods Properties, Inc.",房地产
豪洛捷,机械设备
欣厄姆银行,银行
Heron Therapeutics Inc,医药生物
Home合众银行,银行
"Hillenbrand, Inc.",轻工制造
"HMG/Courtland Properties, Inc.",房地产
家得宝,商贸零售
HMN金融,非银金融
Hersha Hospitality Trust Class A,社会服务
希尔罗控股,房地产
"Home Federal Bancorp, Inc. of Louisiana",银行
福斯尔,计算机
富兰克林有限久期收益信托,非银金融
富兰克林资源,非银金融
飞塔信息,通信
FMC Corporation,基础化工
Franklin Street Properties Corp.,房地产
TechnipFMC plc,石油石化
"Fidelity National Financial, Inc. - FNF Group",非银金融
G. Willi-Food International Ltd,食品饮料
"FreightCar America, Inc.",交通运输
高频电子,电子
The Gabelli Global Small and Mid Cap Value Trust,非银金融
"FTI Consulting, Inc.",社会服务
Gabelli可转换和收益证券基金公司,非银金融
Fresenius Medical Care AG & Co. KGaA Sponsored ADR,医药生物
戴尔蒙特新鲜制造,食品饮料
燃料技术,石油石化
"Friedman Industries, Incorporated",钢铁
Galectin Therapeutics Inc.,医药生物
"SELLAS Life Sciences Group, Inc.",医药生物
General American Investors,非银金融
Galmed Pharmaceuticals Ltd.,医药生物
盖普,纺织服饰
嘉银通,非银金融
埃塞克斯信托,房地产
"EVERTEC, Inc.",计算机
European Equity Fund,非银金融
Euroseas Ltd.,交通运输
Evolution Petroleum Corporation,石油石化
快捷药方,医药生物
"Express, Inc.",纺织服饰
"F5, Inc.",通信
"BBQ Holdings, Inc.",食品饮料
Extra Space Storage Inc.,房地产
Fabrinet,电子
Farmer Bros. Co.,食品饮料
极进网络,通信
Meta Platforms Inc. Class A,传媒
"DSS, Inc.",计算机
"Dorman Products, Inc.",汽车
道明尼资源,煤炭
聪链集团,通信
达美乐比萨,食品饮料
杜比实验室,传媒
智富融资,非银金融
唐塔,机械设备
达乐,商贸零售
DoubleLine收益解决方案基金,非银金融
Permianville Royalty Trust,石油石化
恩尼斯,纺织服饰
劲量控股,汽车
Enerplus Corporation,石油石化
"Enphase Energy, Inc.",电力设备
Energous Corp.,通信
"EnPro Industries, Inc.",机械设备
安特吉,石油石化
Energy Fuels Inc.,石油石化
艾诺斯,电子
能源回收,石油石化
Enservco Corporation,石油石化
Energy Transfer LP,石油石化
ENGlobal Corporation,石油石化
恩斯塔,石油石化
埃尼石油,石油石化
英特格,石油石化
"Audacy, Inc. Class A",传媒
EnLink Midstream LLC,石油石化
"Envestnet, Inc.",非银金融
ESCO Technologies Inc.,电力设备
"Esperion Therapeutics, Inc.",医药生物
Espey Mfg. & Electronics Corp.,电子
萨万通金控,非银金融
"Everest Group, Ltd.",社会服务
Essent Group Ltd.,非银金融
欧陆科仪,机械设备
伊克力西斯,医药生物
精密科学,计算机
华瑞服装,纺织服饰
Veru Inc,医药生物
Fidus Investment Corporation,非银金融
第一万能金控,非银金融
五三银行,银行
Ferro Corporation,建筑材料
第一万通金控,非银金融
第一公民银行股份,银行
First Bancorp,银行
金融机构,非银金融
菲尼萨,电子
First American Financial Corporation,非银金融
第一资本,非银金融
Premier Financial Corp.,非银金融
威斯廷二号不动产抵押,房地产
第一金融银行,银行
First Potomac Realty Trust,房地产
第一金融银行股份,银行
第一洲际银行系统,银行
First Majestic Silver Corp.,有色金属
第一财务,非银金融
"First Financial Northwest, Inc.",银行
第一招商股份,非银金融
"First Mid Bancshares, Inc.",银行
第一中西部银行,银行
第一地平线,房地产
第一信托高收益长短仓基金,非银金融
第一共和国银行,银行
第一工业地产,房地产
第一储蓄金融,非银金融
First Internet Bancorp,银行
第一信托浮动利率高级债收益基金,非银金融
FleetCor科技,计算机
"Five9, Inc.",通信
"Flagstar Bancorp, Inc.",银行
Flexible Solutions International Inc,电子
弗莱厄蒂克伦兰保富首选和收益基金,非银金融
"Flexion Therapeutics, Inc.",医药生物
弗莱厄蒂克伦兰保富所得基金,非银金融
费哲金融服务,非银金融
安本新兴市场机会基金,非银金融
福陆,汽车
福沃德工业,机械设备
福特汽车,汽车
法拉盛金融,非银金融
CyrusOne Inc.,计算机
CVB金融,银行
CyberOptics Corporation,电子
康明斯,机械设备
CubeSmart,房地产
CVD Equipment Corporation,电力设备
"Plus Therapeutics, Inc.",医药生物
赛普拉斯半导体,电子
达登饭店,社会服务
霍顿房屋,房地产
Darling Ingredients Inc,食品饮料
Data I/O Corporation,计算机
每日期刊,传媒
美国黄金,有色金属
"Daktronics, Inc.",传媒
安波福,汽车
SITE Centers Corp.,房地产
Delaware Investments Colorado Municipal Income Fund Inc,非银金融
达纳,汽车
达美航空,交通运输
丹纳赫,医药生物
"Dealertrack Technologies, Inc.",计算机
"Delta Apparel, Inc.",纺织服饰
达维塔保健,医药生物
Delaware Investments Dividend & Income Fund,非银金融
Danaos Corporation,交通运输
戴克斯户外,纺织服饰
道森地探,机械设备
Delaware Investments Florida Insured Municipal Income Fund,非银金融
大全新能源,电力设备
迪尔,机械设备
Delaware Investments Minnesota Municipal Income Fund II Inc,非银金融
Deluxe Corporation,传媒
Delek Logistics Partners LP,石油石化
Delek US Holdings Inc,石油石化
丹尼森矿业,有色金属
"Douglas Emmett, Inc",房地产
"PLx Pharma, Inc.",医药生物
多尼戈尔集团,食品饮料
都福,商贸零售
DLH Holdings Corp.,社会服务
Ciena科技,通信
"Citi Trends, Inc.",商贸零售
Cineverse Corp.,传媒
中网载线,电子
喜满客影城,传媒
信达思,计算机
美中互利,社会服务
信诺保险,非银金融
中华电信,通信
Circor国际,机械设备
南茂科技,电子
Creative Media & Community Trust Corporation,传媒
凌云半导体,电子
丘奇&德怀特,食品饮料
墨式烧烤,食品饮料
Cimarex Energy Co.,石油石化
邱吉尔园,房地产
"Chuy's Holdings, Inc.",食品饮料
精品国际饭店公司,社会服务
辛辛那提贝尔,通信
思科,通信
辛辛那提金融,非银金融
CIT集团,非银金融
Dreyfus Municipal Bond Infrastructure Fund,非银金融
Dynagas LNG Partners LP,石油石化
"EastGroup Properties, Inc.",房地产
伊格尔合众银行,银行
"Dynex Capital, Inc.",非银金融
伊士曼化工,基础化工
亿创理财,非银金融
Eagle Capital Growth Fund,非银金融
Eagle Materials Inc.,建筑材料
Eaton Vance Municipal Bond Fund,非银金融
"Eagle Pharmaceuticals, Inc.",医药生物
Ellington Financial Inc.,非银金融
艺电,传媒
Embraer S.A. Sponsored ADR,国防军工
艾默生电气,电力设备
Ellington Residential Mortgage REIT,房地产
易安信,通信
伊莱克森,家用电器
Emerson Radio Corp.,家用电器
Ellomay Capital Ltd,公用事业
恩克莱尔金融,非银金融
"CoreLogic, Inc.",房地产
科尔-马克控股,机械设备
"CoreCivic, Inc.",社会服务
Cornerstone Strategic Return Fund,非银金融
"CorEnergy Infrastructure Trust, Inc.",公用事业
CorVel Corporation,计算机
"Covenant Logistics Group, Inc. Class A",交通运输
科蒂,美容护理
Cornerstone Strategic Value Fund,非银金融
康宁,电子
"Treasure Global, Inc.",商贸零售
"Cross Country Healthcare, Inc.",社会服务
CSG系统国际,计算机
Crescent Point Energy Corp.,石油石化
Cross Timbers Royalty Trust,有色金属
花旗,银行
市民北方,银行
市民大众,银行
清晰频道户外控股,传媒
Clough 全球机会基金,非银金融
ClearBridge Energy MLP Total Return Fund,石油石化
Cleveland-Cliffs Inc,钢铁
思杰系统,计算机
芝加哥商品交易所,非银金融
城市控股,房地产
高乐氏,食品饮料
"ClearOne, Inc.",通信
"Clean Harbors, Inc.",环保
Clough Global Dividend and Income Fund,非银金融
CMS能源,公用事业
克利尔沃特纸业,轻工制造
Clough 全球股票基金,非银金融
CNA金融,银行
CNB金融,银行
CNH Industrial NV,机械设备
Cogent Communications Holdings Inc,通信
可口可乐凡萨瓶装,食品饮料
Colonial Investment Grade Municipal Trust,非银金融
Cohen & Steers 高质量收益地产基金,房地产
"Coffee Holding Co., Inc.",食品饮料
Colonial Municipal Income Trust,非银金融
Cohen & Steers REIT优先受益基金,房地产
科勒尼银行,银行
商用汽车,汽车
康卡斯特,通信
社区银行家信托,银行
哥伦比亚银行系统,银行
Companhia de Saneamento Basico do Estado de Sao Paulo SABESP Sponsored ADR,公用事业
Companhia Paranaense de Energia Sponsored ADR,电力设备
社区卫生系统,医药生物
"Columbia Property Trust, Inc.",房地产
联信银行,银行
Compania Cervecerias Unidas S.A. Sponsored ADR,食品饮料
Columbia Seligman Premium Technology Growth Fund,计算机
大众信托合众银行,银行
美国舒适系统,家用电器
"Camping World Holdings, Inc. Class A",商贸零售
库博标准控股,机械设备
美国大陆资源,煤炭
康姆泰克通讯,通信
Copa控股,交通运输
"ConnectOne Bancorp, Inc.",银行
Control4 Corporation,计算机
科帕特,石油石化
康尼格拉,食品饮料
科恩,非银金融
Controladora Vuela Compania de Aviacion SAB de CV Sponsored ADR Class A,交通运输
星座品牌-A,美容护理
United Maritime Corp.,交通运输
CSP Inc.,计算机
Crestwood Equity Partners LP,石油石化
Credicorp Ltd.,银行
Cresud SA Sponsored ADR,农林牧渔
Credit Acceptance Corporation,非银金融
冠城国际,房地产
Crown Crafts制衣,纺织服饰
CSX运输,交通运输
CRH public limited company Sponsored ADR,建筑材料
皇冠控股,家用电器
Credit Suisse Asset Management Income Fund,非银金融
Criteo SA Sponsored ADR,传媒
CTI BioPharma Corp.,医药生物
"Artivion, Inc.",医药生物
Yunhong Green CTI Ltd.,农林牧渔
携程网,交通运输
库伦佛寺银行,银行
CTS Corporation,电子
"Customers Bancorp, Inc.",银行
CYREN Ltd.,通信
古特拉,汽车
赛安诺科技,计算机
"Culp, Inc.",纺织服饰
坎伯兰药业,医药生物
Chatham Lodging Trust,房地产
Chemung Financial Corporation,银行
切萨皮克气业,公用事业
"Color Star Technology Co., Ltd. Class A",传媒
Caesarstone Ltd.,建筑材料
Calamos全球综合回报基金,非银金融
卡伯特微电子,电子
卡隆石油,石油石化
Calamos战略总体回报基金,非银金融
Coterra Energy Inc.,石油石化
罗宾逊全球物流,交通运输
卡尔梅尔食品,食品饮料
CalAmp Corp.,通信
卡拉沃养殖,农林牧渔
"Bloomin' Brands, Inc.",食品饮料
Blackrock MuniYield New York Quality Fund,非银金融
"Bluerock Residential Growth REIT, Inc. Class A",房地产
黑石GSO战略信用债基金,非银金融
黑石GSO长短仓信用收益基金,非银金融
"Avantax, Inc.",非银金融
波士顿地产,房地产
波音,国防军工
恒异电子,电子
波士顿科学,医药生物
Brookfield Infrastructure Partners L.P.,交通运输
Brink's Company,社会服务
"Broadwind, Inc.",机械设备
百时美施贵宝,医药生物
BRT Apartments Corp,房地产
布鲁克代尔高级护理,社会服务
布鲁克菲尔德可再生能源,公用事业
英美烟草,食品饮料
布鲁克,房地产
"Buckle, Inc.",纺织服饰
Social Leverage Acquisition Corp. I Class A,非银金融
"CBIZ, Inc.",社会服务
卡朋特科技,电子
卡塞拉废物系统,环保
"CatchMark Timber Trust, Inc. Class A",农林牧渔
运输服务,交通运输
卡里索油气,石油石化
卡特彼勒,机械设备
车美仕,汽车
卡罗尔斯,食品饮料
凯信远达,计算机
"Carter's, Inc.",纺织服饰
嘉年华存托凭证,交通运输
国泰万通金控,非银金融
卡斯信息系统,计算机
嘉年华邮轮,交通运输
加图商场,商贸零售
卡弗储蓄,银行
卡寇工业,机械设备
世邦魏理仕全球房地产收益基金,房地产
世邦魏理仕,房地产
Cedar Realty Trust Inc,房地产
Cenovus Energy Inc.,石油石化
塞拉尼斯,基础化工
康西哥,食品饮料
Central Garden & Pet Company Class A,农林牧渔
CEL-SCI Corporation,医药生物
Center Coast MLP & Infrastructure Fund,非银金融
"Lumen Technologies, Inc.",通信
CF实业,基础化工
昌荣传播,传媒
Ceragon网络,通信
Check Point Software Technologies Ltd.,计算机
CGI Inc. Class A,计算机
"Cheniere Energy Partners, L.P.",石油石化
Cheniere能源,石油石化
猎豹移动,计算机
"Sonnet BioTherapeutics Holdings, Inc.",医药生物
切萨皮克能源,石油石化
"Chemocentryx, Inc.",医药生物
查尔斯河实验室国际,医药生物
"Galiano Gold, Inc.",有色金属
箭牌金融,非银金融
亚什兰,基础化工
奥科,机械设备
美国电话电报,通信
大西洋电讯,通信
全美汽车租赁,交通运输
Atlanticus Holdings Corp.,非银金融
ATMOS能源,公用事业
ATA Creativity Global Sponsored ADR,计算机
"Atossa Therapeutics, Inc.",医药生物
阿特拉斯环球航空,交通运输
"AtriCure, Inc.",医药生物
BlackRock Taxable Municipal Bond Trust,非银金融
AVEO制药,医药生物
B2Gold Corp.,有色金属
埃克斯资本,非银金融
"Axogen, Inc.",医药生物
Barings Corporate Investors,非银金融
鲍尔包装,轻工制造
AVG Technologies NV,计算机
"AXT, Inc.",电子
Bancroft Fund,非银金融
BancFirst Corporation,银行
加拿大丰业银行,银行
"Banco Bilbao Vizcaya Argentaria, S.A. Sponsored ADR",银行
南卡罗来纳银行,银行
布拉德斯科银行,银行
詹姆斯金融银行,银行
布拉德斯科银行-优先股,非银金融
欧扎克银行,银行
智利银行,银行
Truist Financial Corporation,银行
百特国际,医药生物
贝哲房屋,房地产
Banco BBVA Argentina SA Sponsored ADR,银行
"Benchmark Electronics, Inc.",电子
碧迪医疗,医药生物
"Benefitfocus, Inc.",计算机
Big5体育用品,商贸零售
必和必拓Ltd,有色金属
拜玛林制药,医药生物
"Biocept, Inc.",医药生物
黑山,煤炭
布莱克波特科技,计算机
BioCryst制药,医药生物
黑莓,通信
"Bio-Path Holdings, Inc.",医药生物
"Lineage Cell Therapeutics, Inc.",医药生物
黑鹰网络控股-B,通信
Blackrock Debt Strategies Fund,非银金融
BlackRock MuniHoldings Investment Quality Fund,非银金融
Blackrock MuniHoldings New Jersey Insured Fund,非银金融
Blackrock Municipal Income Quality Trust,非银金融
贝莱德多种类收益信托,非银金融
Blackrock MuniHoldings New York Quality Fund,非银金融
Blackrock MuniHoldings Quality Fund II,非银金融
Blackrock Muni Intermediate Duration Fund,非银金融
BlackRock Municipal 2030 Target Term Trust,非银金融
Blackrock MuniVest Fund II,非银金融
BlackRock MuniYield California Fund Inc,非银金融
BlackRock MuniYield California Quality Fund Inc,非银金融
Blackrock MuniYield Pennsylvania Quality Fund,非银金融
Blackrock MuniYield Quality Fund II,非银金融
Blackrock MuniYield Fund,非银金融
黑石GSO浮动利率高级债基金,非银金融
Blackrock MuniYield Quality Fund III,非银金融
Blackrock MuniYield Quality Fund,非银金融
贝莱德资源商品策略信托,非银金融
蓝鸟生物,医药生物
Blackrock MuniYield Michigan Quality Fund,非银金融
BlackRock MuniYield New Jersey Fund Inc,非银金融
BlueKnight Energy Partners LP LLC,石油石化
"Adamas Pharmaceuticals, Inc.",医药生物
AerCap Holdings NV,交通运输
"Aerie Pharmaceuticals, Inc.",医药生物
"Advaxis, Inc.",医药生物
Mega Matrix Corp.,计算机
领先汽车配件,汽车
AMG资管,非银金融
"Advanced Emissions Solutions, Inc.",石油石化
荷兰全球保险,非银金融
先进能源工业,电力设备
日月光半导体,电子
航空环境,国防军工
Aehr Test Systems,电子
美国家庭人寿保险,非银金融
AECOM,建筑装饰
依特钠,基础化工
"Aemetis, Inc.",石油石化
安泰保险,非银金融
"AG Mortgage Investment Trust, Inc.",非银金融
Air Industries Group,机械设备
爱科集团,电子
Alamos Gold Inc.,有色金属
阿卡迈,通信
美国铝业,有色金属
AllianzGI Convertible & Income,非银金融
亚力兄制药,医药生物
麦赛斯医药,医药生物
"ALLETE, Inc.",公用事业
"Alliance Resource Partners, L.P.",煤炭
"Alico, Inc.",农林牧渔
"Allied Healthcare Products, Inc.",医药生物
Alimera医疗科学,医药生物
Almaden Minerals Ltd.,有色金属
阿尔法泰克控股,机械设备
Altra控股,机械设备
阿里拉姆制药,医药生物
Alpine全球头等房地产基金,房地产
Amdocs Limited,通信
中国铝业,有色金属
安霸,电子
Alpine综合动态红利基金,非银金融
阿米斯医疗,医药生物
阿玛琳,医药生物
安贝夫,食品饮料
阿曼瑞恩,医药生物
阿尔法和欧米伽半导体,电子
Baytex Energy Corp.,石油石化
"A-Mark Precious Metals, Inc.",有色金属
阿梅雷斯克,医药生物
Altisource Asset Management Corp.,非银金融
亚马逊,商贸零售
Altisource Portfolio Solutions S.A.,非银金融
"Alpha Pro Tech, Ltd.",医药生物
AMC院线,传媒
美洲移动-存托股份L,通信
AMC网络,传媒
AMCON Distributing Company,商贸零售
美洲移动-存托股份A,通信
美国航空,交通运输
AGNC Investment Corp.,非银金融
美国国家保险,非银金融
"Stabilis Solutions, Inc.",石油石化
American Homes 4 Rent Class A,房地产
美国股票投资寿险,非银金融
American Shared Hospital Services,医药生物
美国公共教育,社会服务
美国运通,非银金融
美国软件,计算机
American States Water Company,公用事业
"AcelRx Pharmaceuticals, Inc.",医药生物
"Acuity Brands, Inc.",家用电器
爱德斯家庭护理,社会服务
"Accelerate Diagnostics, Inc.",医药生物
先进科技,电子
Adecoagro S.A.,农林牧渔
艾尔建医疗,医药生物
Antero Resources Corporation,石油石化
应用工业技术,机械设备
公寓投资管理,房地产
Coherent Corp.,电子
艾奇资本,非银金融
"Argan, Inc.",机械设备
阿伯房地产信托,房地产
"Armada Hoffler Properties, Inc.",房地产
美国图文,传媒
阿彻丹尼尔斯米德兰,石油石化
"Arcos Dorados Holdings, Inc. Class A",食品饮料
阿瑞斯商业地产,房地产
"ARMOUR Residential REIT, Inc.",房地产
Acme United Corporation,轻工制造
阿卡西亚,电子
"Adams Resources & Energy, Inc.",石油石化
精确射线,医药生物
阿卡迪亚医疗保健,医药生物
ACNB Corporation,银行
动视暴雪,计算机
阿卡迪亚,房地产
Enerpac Tool Group Corp Class A,机械设备
阿索尔达治疗,医药生物
"Avanos Medical, Inc.",医药生物
金铉品旅,交通运输
是德科技,计算机
金博尔电子,电子
金柏国际,商贸零售
"CB Financial Services, Inc.",银行
Paratek Pharmaceuticals Inc,医药生物
BlackRock Science & Technology Trust,计算机
"Boot Barn Holdings, Inc.",纺织服饰
Shell Midstream Partners LP,石油石化
"MOL Global, Inc.",通信
"Veritex Holdings, Inc.",银行
CrossAmerica Partners LP,交通运输
"Qurate Retail, Inc. Class B",商贸零售
"Qurate Retail, Inc. Class A",商贸零售
Nuveen Minnesota Quality Municipal Income Fund,非银金融
Evolve Transition Infrastructure LP,公用事业
盘古物流解决方案,交通运输
Atento SA,社会服务
"Unique Fabricating, Inc.",轻工制造
Federal Agricultural Mortgage Corporation Class A,非银金融
莫尔森库尔斯酿酒-A,食品饮料
Moog Inc. Class B,机械设备
Moog Inc. Class A,机械设备
莱纳房产-B,房地产
"Ispire Technology, Inc.",计算机
"Natera, Inc.",医药生物
"Gray Television, Inc. Class A",传媒
"Clearway Energy, Inc. Class A",公用事业
"Teladoc Health, Inc.",医药生物
"TEGNA, Inc.",传媒
捷迈邦美,计算机
Conformis Inc,医药生物
海亮教育,社会服务
Glaukos Corp,医药生物
"Pieris Pharmaceuticals, Inc.",医药生物
TransUnion,非银金融
"Alarm.com Holdings, Inc.",计算机
AppFolio Inc Class A,计算机
Green Plains Partners LP,农林牧渔
赛里斯治疗,医药生物
"Cemtrex, Inc.",电子
"Abeona Therapeutics, Inc.",医药生物
"Astria Therapeutics, Inc.",医药生物
Celyad Oncology S.A. Sponsored ADR,医药生物
"Qualigen Therapeutics, Inc.",医药生物
尤尼威尔,美容护理
"Alpine Immune Sciences, Inc.",医药生物
"Wingstop, Inc.",食品饮料
Timber Pharmaceuticals Inc,医药生物
Altabancorp,银行
"Mineralys Therapeutics, Inc.",医药生物
Evolent Health Inc Class A,医药生物
"DAVIDsTEA, Inc.",食品饮料
高力国际集团,房地产
Global Net Lease Inc,房地产
"Caleres, Inc.",纺织服饰
里程碑科技,计算机
FirstService Corp,社会服务
OncoSec Medical Incorporated,医药生物
AllianzGI Diversified Income & Convertible Fund,非银金融
Rimini Street Inc Class A,计算机
"Shopify, Inc. Class A",计算机
Apple Hospitality REIT Inc,房地产
Medigus Ltd Sponsored ADR,医药生物
Community Healthcare Trust Incorporated,房地产
"NeurAxis, Inc.",医药生物
宝尊电商,商贸零售
Atlas Lithium Corporation,有色金属
阿凯迪亚生物科学,医药生物
Galapagos NV Sponsored ADR,医药生物
Vedanta Limited Sponsored ADR,有色金属
"ONE Group Hospitality, Inc.",商贸零售
Adaptimmune Therapeutics PLC Sponsored ADR,医药生物
Collegium制药,医药生物
"HTG Molecular Diagnostics, Inc.",医药生物
"Civista Bancshares, Inc.",银行
Black Stone Minerals LP,石油石化
"OpGen, Inc.",医药生物
Enviva Inc,农林牧渔
蓝图医药,医药生物
"Fortress Biotech, Inc.",医药生物
"Del Taco Restaurants, Inc.",食品饮料
"Aerojet Rocketdyne Holdings, Inc.",国防军工
Scinai Immunotherapeutics Ltd.,医药生物
National Storage Affiliates Trust,房地产
"Party City Holdco, Inc.",商贸零售
Corbus Pharmaceuticals Holdings Inc,医药生物
"Etsy, Inc.",商贸零售
"Zevra Therapeutics, Inc.",医药生物
"Virtu Financial, Inc. Class A",非银金融
"Cidara Therapeutics, Inc.",医药生物
"Chinook Therapeutics, Inc.",医药生物
"XBiotech, Inc.",医药生物
安森美半导体,电子
"GoDaddy, Inc. Class A",计算机
Golden Ocean Group Ltd,交通运输
Kornit Digital Ltd.,电子
"Capricor Therapeutics, Inc.",医药生物
Summit Therapeutics Inc,医药生物
"Hepion Pharmaceuticals, Inc.",医药生物
Blue Bird Corporation,汽车
Iovance Biotherapeutics Inc,医药生物
能源方案,电力设备
Great Ajax Corp.,房地产
然健环球,医药生物
IRSA Propiedades Comerciales S.A. Sponsored ADR,房地产
Invitae Corp.,医药生物
NextDecade Corp.,石油石化
"Inovalon Holdings, Inc. Class A",计算机
"Orbital ATK, Inc.",国防军工
Vista Outdoor Inc,国防军工
Easterly Government Properties Inc,房地产
"Rocket Pharmaceuticals, Inc.",医药生物
ProPetro Holding Corp.,石油石化
Volitionrx Limited,医药生物
"Xenia Hotels & Resorts, Inc.",房地产
U-Haul Holding Company,交通运输
"Digital Turbine, Inc.",通信
Ready Capital Corporation,非银金融
Urban Edge Properties,房地产
"County Bancorp, Inc.",银行
CPS Technologies Corporation,电子
建安集团,建筑材料
"Rave Restaurant Group, Inc.",食品饮料
"Qorvo, Inc.",电子
沃尔格林联合博姿,美容护理
INNOVATE Corp,计算机
"Evofem Biosciences, Inc.",医药生物
"Paramount Group, Inc.",房地产
"Network-1 Technologies, Inc.",通信
STORE Capital Corporation,房地产
Cimpress Plc,传媒
CCC Intelligent Solutions Holdings Inc,计算机
"Applied DNA Sciences, Inc.",医药生物
Landmark Infrastructure Partners LP,房地产
Ashford Inc.,社会服务
易诺华国际,商贸零售
"FibroGen, Inc.",医药生物
艾仕得涂料系统,基础化工
"PRA Health Sciences, Inc.",医药生物
Joint Corp.,社会服务
New Senior Investment Group Inc,房地产
"Kiora Pharmaceuticals, Inc.",医药生物
"Wayfair, Inc. Class A",商贸零售
"Calithera Biosciences, Inc.",医药生物
"CDK Global, Inc.",计算机
Centrus Energy Corp. Class A,煤炭
Vascular Biogenics Ltd.,医药生物
"Impinj, Inc.",电子
"TPI Composites, Inc.",电力设备
Triton International Ltd. Class A,交通运输
"Kintara Therapeutics, Inc.",医药生物
Fortive Corp.,机械设备
Integer Holdings Corporation,医药生物
Osisko Gold Royalties Ltd,有色金属
"Herc Holdings, Inc.",机械设备
GATX Corporation,交通运输
"Randolph Bancorp, Inc.",银行
"Global Medical REIT, Inc.",房地产
HarborOne Bancorp Inc,银行
"9 Meters Biopharma, Inc.",医药生物
"Syros Pharmaceuticals, Inc.",医药生物
"Twilio, Inc. Class A",通信
Brookfield Business Partners LP,社会服务
"Socket Mobile, Inc.",计算机
"Tactile Systems Technology, Inc.",医药生物
"Selecta Biosciences, Inc.",医药生物
Atkore Inc,机械设备
Viveve Medical Inc,医药生物
"Mercurity Fintech Holding, Inc.",非银金融
"BMC Stock Holdings, Inc.",建筑材料
"Moleculin Biotech, Inc.",医药生物
"Zedge, Inc. Class B",传媒
"NantHealth, Inc.",医药生物
"GMS, Inc.",建筑材料
US Foods Holding Corp.,食品饮料
"Reata Pharmaceuticals, Inc. Class A",医药生物
"Clearside Biomedical, Inc.",医药生物
Grupo Supervielle SA Sponsored ADR Class B,银行
"Infrastructure & Energy Alternatives, Inc.",公用事业
Merus N.V.,医药生物
"Midland States Bancorp, Inc.",银行
Ingevity Corporation,石油石化
"Adverum Biotechnologies, Inc.",医药生物
Novanta Inc,电子
"SiteOne Landscape Supply, Inc.",轻工制造
"Acacia Communications, Inc.",通信
Medallion Financial Corp.,非银金融
"Pulse Biosciences, Inc.",医药生物
Turning Point Brands Inc,食品饮料
"XWELL, Inc.",美容护理
"Intellia Therapeutics, Inc.",医药生物
"VistaGen Therapeutics, Inc.",医药生物
"Outlook Therapeutics, Inc.",医药生物
"Universal Logistics Holdings, Inc.",交通运输
标普全球,非银金融
Enel Chile SA Sponsored ADR,公用事业
"Global Water Resources, Inc.",公用事业
"Red Rock Resorts, Inc. Class A",社会服务
ChromaDex Corporation,医药生物
"Interlink Electronics, Inc.",电子
SecureWorks Corp. Class A,计算机
MGM Growth Properties LLC Class A,房地产
"Windtree Therapeutics, Inc.",医药生物
自由传媒 SiriusXM Series-C,传媒
Liberty Media Corp. Series B Liberty SiriusXM,传媒
自由传媒 SiriusXM Series-A,传媒
Liberty Media Corp. Series C Liberty Braves,传媒
Liberty Media Corp. Series A Liberty Braves,传媒
"Vaxart, Inc.",医药生物
Aeglea BioTherapeutics Inc,医药生物
"Armstrong Flooring, Inc.",建筑材料
Banco Itau Chile Sponsored ADR,银行
申舒斯医疗保健,医药生物
"Eiger BioPharmaceuticals, Inc.",医药生物
"Corvus Pharmaceuticals, Inc.",医药生物
"Senseonics Holdings, Inc.",医药生物
"F-star Therapeutics, Inc.",医药生物
和黄医药,医药生物
Nano Dimension Ltd Sponsored ADR,电子
"Sunworks, Inc.",电力设备
DarioHealth Corp.,医药生物
"IZEA Worldwide, Inc.",传媒
Scully Royalty Ltd.,非银金融
"GCP Applied Technologies, Inc.",建筑材料
百济神州,医药生物
"Editas Medicine, Inc.",医药生物
"Tailored Brands, Inc.",纺织服饰
IAC Inc.,传媒
绿能宝,石油石化
"Global Self Storage, Inc.",房地产
"Innoviva, Inc.",医药生物
Nomad Foods Ltd.,食品饮料
Workhorse Group Inc.,汽车
"STRATA Skin Sciences, Inc.",医药生物
Hubbell Incorporated,电力设备
Ionis制药,医药生物
"Match Group, Inc.",社会服务
Mimecast Limited,计算机
"Block, Inc. Class A",非银金融
德卢斯控股,纺织服饰
"Axsome Therapeutics, Inc.",医药生物
Mesoblast Limited Sponsored ADR,医药生物
"Four Corners Property Trust, Inc.",房地产
"Voyager Therapeutics, Inc.",医药生物
Wave Life Sciences Ltd.,医药生物
Sisecam Resources LP,有色金属
Archrock Inc.,公用事业
Exterran Corp.,公用事业
"Kura Oncology, Inc.",医药生物
"Edesa Biotech, Inc.",医药生物
慧与,计算机
"Atlantic Capital Bancshares, Inc.",银行
播思科技,计算机
"Pyxis Tankers, Inc.",交通运输
"MyoKardia, Inc.",医药生物
Anavex Life Sciences Corp.,医药生物
"Aclaris Therapeutics, Inc.",医药生物
"CPI Card Group, Inc.",电子
"CytomX Therapeutics, Inc.",医药生物
Strongbridge Biopharma plc,医药生物
"CSW Industrials, Inc.",机械设备
Synlogic Inc,医药生物
NovoCure Ltd.,医药生物
性能食品集团,食品饮料
"PJT Partners, Inc. Class A",非银金融
"Surgery Partners, Inc.",社会服务
"J. Alexander's Holdings, Inc. Class A",食品饮料
FinTech Acquisition Corp.,非银金融
"SPX Flow, Inc.",机械设备
"Staffing 360 Solutions, Inc.",社会服务
"Mr. Cooper Group, Inc.",非银金融
Akari Therapeutics Plc Sponsored ADR,医药生物
"Penumbra, Inc.",医药生物
Boxlight Corporation Class A,计算机
"Everi Holdings, Inc.",非银金融
"Catalyst Biosciences, Inc.",医药生物
"Armata Pharmaceuticals, Inc.",医药生物
"Champions Oncology, Inc.",医药生物
"Zillow Group, Inc. Class A",房地产
"CAI International, Inc.",交通运输
"Purple Innovation, Inc.",家用电器
"Houlihan Lokey, Inc. Class A",非银金融
Global Blood Therapeutics Inc,医药生物
Conifer Holdings Inc,非银金融
"Usio, Inc.",非银金融
"Planet Fitness, Inc. Class A",社会服务
"Golden Entertainment, Inc.",商贸零售
"Lumentum Holdings, Inc.",电子
Sunrun Inc.,电力设备
唯亚威系统服务,计算机
Zynerba Pharmaceuticals Inc,医药生物
"AgroFresh Solutions, Inc.",农林牧渔
Arbutus Biopharma Corporation,医药生物
"Barnes & Noble Education, Inc.",商贸零售
"VEREIT, Inc.",房地产
"Aqua Metals, Inc.",有色金属
"XCel Brands, Inc.",纺织服饰
泓利洁能,电力设备
ImmunityBio Inc,医药生物
"CryoPort, Inc.",医药生物
"Condor Hospitality Trust, Inc.",房地产
Genco Shipping & Trading Ltd,交通运输
贝宝,非银金融
Ooma Inc,通信
"Warrantee, Inc. Sponsored ADR",非银金融
"Mastercraft Boat Holdings, Inc.",汽车
Rapid7 Inc.,计算机
"B. Riley Financial, Inc.",非银金融
Ollie's Bargain Outlet Holdings Inc,商贸零售
Provident Bancorp Inc,银行
"Lindblad Expeditions Holdings, Inc.",交通运输
"Aethlon Medical, Inc.",医药生物
"Anixa Biosciences, Inc.",医药生物
ESSA Pharma Inc,医药生物
Seritage Growth Properties Class A,房地产
布朗福曼-B,汽车
"Haverty Furniture Companies, Inc. Class A",轻工制造
布朗福曼-A,汽车
RELX PLC Sponsored ADR,传媒
海科航空-A,交通运输
壳牌石油-B,石油石化
Reliant Bancorp Inc,银行
星座品牌-B,食品饮料
Crawford & Company Class B,社会服务
卡夫亨氏,食品饮料
"John Wiley & Sons, Inc. Class B",传媒
"Watsco, Inc. Class B",家用电器
Crawford & Company Class A,社会服务
"John Wiley & Sons, Inc. Class A",传媒
伯克希尔哈撒韦-B,非银金融
Crane Company,机械设备
伯克希尔哈撒韦-A,非银金融
Embotelladora Andina S.A. Sponsored ADR Pfd Class B,食品饮料
Embotelladora Andina S.A. Sponsored ADR Pfd Class A,食品饮料
"Bio-Rad Laboratories, Inc. Class B",医药生物
海脊控股,计算机
Edgewell个人护理,美容护理
"Organogenesis Holdings, Inc. Class A",医药生物
"ReShape Lifesciences, Inc.",医药生物
"Arch Resources, Inc. Class A",煤炭
"Advansix, Inc.",基础化工
"Donnelley Financial Solutions, Inc.",非银金融
"Fulgent Genetics, Inc.",医药生物
"Nutanix, Inc. Class A",计算机
"Tabula Rasa Healthcare, Inc.",医药生物
"Fluent, Inc.",传媒
"Valvoline, Inc.",石油石化
尚高,房地产
AC Immune SA,医药生物
"Apptio, Inc. Class A",计算机
"e.l.f. Beauty, Inc.",美容护理
"CapStar Financial Holdings, Inc.",银行
"Novan, Inc.",医药生物
"Trade Desk, Inc. Class A",传媒
Bank of N.T. Butterfield & Son Limited (The),银行
FB Financial Corporation,银行
"Pono Capital Three, Inc. Class A",非银金融
"Everbridge, Inc.",通信
DZS Inc.,通信
"Priority Technology Holdings, Inc.",非银金融
"PC Connection, Inc.",计算机
戴尔科技,计算机
Trilogy Metals Inc.,有色金属
"Biomerica, Inc.",医药生物
"Life Storage, Inc.",房地产
"Phunware, Inc.",计算机
"Airgain, Inc.",通信
"First Wave BioPharma, Inc.",医药生物
"Medpace Holdings, Inc.",医药生物
"Ekso Bionics Holdings, Inc.",医药生物
"Protagonist Therapeutics, Inc.",医药生物
My Size Inc,计算机
"At Home Group, Inc.",商贸零售
第一夏威夷,银行
"Hope Bancorp, Inc.",银行
"Bioventus, Inc. Class A",医药生物
"PAVmed, Inc.",医药生物
Interactive Strength Inc,计算机
Eagle Bulk Shipping Inc,交通运输
"Madrigal Pharmaceuticals, Inc.",医药生物
"Quoin Pharmaceuticals, Ltd. Sponsored ADR",医药生物
Brainstorm Cell Therapeutics Inc.,医药生物
ICL Group Ltd.,基础化工
CyberArk Software Ltd.,计算机
Grupo Aval Acciones y Valores SA Sponsored ADR Pfd,非银金融
Caesars Entertainment Inc,社会服务
"Tenax Therapeutics, Inc.",医药生物
ProQR Therapeutics N.V.,医药生物
"Viking Therapeutics, Inc.",医药生物
"Eledon Pharmaceuticals, Inc.",医药生物
阿里巴巴,商贸零售
"NanoVibronix, Inc.",医药生物
Affimed N.V.,医药生物
ReWalk Robotics Ltd.,计算机
ContraFect Corp.,医药生物
Middlefield Banc Corp.,银行
"LogicMark, Inc.",医药生物
Soleno Therapeutics Inc,医药生物
Lantheus Holdings Inc,医药生物
Atara Biotherapeutics Inc,医药生物
戴夫和巴斯特娱乐,传媒
Aurinia Pharmaceuticals Inc.,医药生物
Liberty TripAdvisor Holdings Inc TEMP Class B,传媒
Liberty TripAdvisor Holdings Inc Class A,传媒
"Volt Information Sciences, Inc.",计算机
"Cellectar Biosciences, Inc.",医药生物
"Advanced Drainage Systems, Inc.",建筑材料
"Independence Contract Drilling, Inc.",石油石化
Equity Commonwealth,房地产
Intersect ENT Inc,医药生物
IRadimed Corp.,医药生物
El Pollo Loco Holdings Inc,食品饮料
Loxo Oncology Inc,医药生物
"Energy Focus, Inc.",电子
Marathon Digital Holdings Inc,计算机
Marinus Pharmaceuticals Inc,医药生物
"VBI Vaccines, Inc.",医药生物
Ryerson Holding Corporation,钢铁
"Via Renewables, Inc. Class A",公用事业
"Townsquare Media, Inc. Class A",传媒
Sphere 3D Corp.,计算机
"Wilhelmina International, Inc.",美容护理
"Trupanion, Inc.",社会服务
Synchrony Financial,非银金融
Enlivex Therapeutics Ltd.,医药生物
"CareDx, Inc.",医药生物
Catalent Inc,医药生物
Globant SA,计算机
HealthEquity Inc,非银金融
Ocular Therapeutix Inc,医药生物
Hoegh LNG Partners LP,交通运输
创梦天地科技,传媒
"Otonomy, Inc.",医药生物
"T2 Biosystems, Inc.",医药生物
Veritiv Corp,商贸零售
TimkenSteel Corp,钢铁
"SAGE Therapeutics, Inc.",医药生物
Select Bancorp Inc,银行
Westlake Chemical Partners LP,石油石化
"Spok Holdings, Inc.",通信
车里雅宾斯克钢铁,钢铁
"Bridgeline Digital, Inc.",计算机
NOW Inc.,商贸零售
汇鑫佳,电子
ESGL Holdings Limited,电子
Tim W.E. Sgps S.A.,传媒
"DESRI, Inc.",环保
Ayala Pharmaceuticals Inc,医药生物
Partners Bancorp,银行
"Global Star Acquisition, Inc. Class A",非银金融
"Delcath Systems, Inc.",医药生物
GAN Limited,计算机
Toro Corp.,机械设备
Woodside Energy Group Ltd Sponsored ADR,石油石化
"Praxis Precision Medicines, Inc.",医药生物
"Safety Shot, Inc.",国防军工
Connexa Sports Technologies Inc,社会服务
Eightco Holdings Inc.,商贸零售
Monterey Capital Acquisition Corp. Class A,非银金融
金山云,通信
Sphere Entertainment Co.,传媒
Benitec Biopharma Inc,医药生物
Esports Entertainment Group Inc,传媒
Metalla Royalty & Streaming Ltd.,有色金属
"1Life Healthcare, Inc.",社会服务
FSD Pharma Inc. Class B,医药生物
"Elys Game Technology, Corp.",传媒
"Keros Therapeutics, Inc.",医药生物
Otis Worldwide Corporation,机械设备
"BitNile Metaverse, Inc.",计算机
Worksport Ltd,机械设备
Blue Rhino Corporation,轻工制造
Pontem Corp. Class A,非银金融
"Oscar Health, Inc. Class A",医药生物
TCW Special Purpose Acquisition Corp. Class A,非银金融
Live Oak Mobility Acquisition Corp. Class A,非银金融
Dole Plc,食品饮料
"Stryve Foods, Inc. Class A",食品饮料
"Cytek Biosciences, Inc.",医药生物
"Context Therapeutics, Inc.",医药生物
SOPHiA GENETICS SA,医药生物
Snap One Holdings Corp.,计算机
Riskified Ltd. Class A,非银金融
"Caribou Biosciences, Inc.",医药生物
Autoscope Technologies Corporation,计算机
Cullman Bancorp Inc,银行
嘉楠科技,计算机
Profound Medical Corp,医药生物
AllianzGI Artificial Intelligence & Technology Opportunities Fund,非银金融
荔枝,传媒
"Sprout Social, Inc. Class A",计算机
"Alpine Income Property Trust, Inc.",房地产
SiTime Corporation,电子
"Maiden Holdings, Ltd.",非银金融
巴西石化,石油石化
华夏博雅,传媒
"BioCardia, Inc.",医药生物
"Exicure, Inc.",医药生物
Indonesia Energy Corporation Limited,石油石化
玖富,非银金融
BioVie Inc. Class A,医药生物
Altitude Acquisition Corp. Class A,非银金融
"Trinity Capital, Inc.",非银金融
Atotech Limited,基础化工
"Janover, Inc.",商贸零售
VCI Global Limited,商贸零售
洋葱,食品饮料
Fast Acquisition Corp. II Class A,非银金融
Frontier Acquisition Corp. Class A,非银金融
Stratim Cloud Acquisition Corp. Class A,非银金融
Red Cat Holdings Inc,电子
Nocturne Acquisition Corp.,非银金融
L Catterton Asia Acquisition Corp. Class A,非银金融
FTAC Parnassus Acquisition Corp. Class A,非银金融
CF Acquisition Corp. VIII Class A,非银金融
"Gores Technology Partners, Inc. Class A",计算机
元宇宙控股,传媒
亘喜生物,医药生物
"Cullinan Oncology, Inc.",医药生物
Kairos Acquisition Corp. Class A,非银金融
ModivCare Inc.,社会服务
Altimeter Growth Corp. 2 Class A,非银金融
Healthcare Services Acquisition Corp. Class A,非银金融
Clene Inc,医药生物
"Star Equity Holdings, Inc.",交通运输
ChampionX Corporation,石油石化
"INDUS Realty Trust, Inc.",房地产
Latch Inc,计算机
金生游乐,社会服务
"AEye, Inc. Class A",电子
ImmunoPrecise Antibodies Ltd.,医药生物
COMSovereign Holding Corp,通信
"Great Elm Group, Inc.",非银金融
"MEDIROM Healthcare Technologies, Inc. Sponsored ADR",医药生物
Eucrates Biomedical Acquisition Corporation,医药生物
ARKO Corp,商贸零售
Better World Acquisition Corp.,非银金融
UK Wisdom Ltd. Class A,商贸零售
盛大游戏,传媒
"Grom Social Enterprises, Inc.",传媒
"Tile Shop Holdings, Inc.",商贸零售
23andMe Holding Co. Class A,医药生物
"InterPrivate III Financial Partners, Inc. Class A",非银金融
Warburg Pincus Capital Corp. I-A Class A,非银金融
Warburg Pincus Capital Corp. I-B Class A,非银金融
Twin Ridge Capital Acquisition Corp. Class A,非银金融
"Treace Medical Concepts, Inc.",医药生物
Altimar Acquisition Corp. III Class A,非银金融
Hut 8 Mining Corp.,煤炭
iSpecimen Inc,医药生物
"Grubhub, Inc.",商贸零售
Skillsoft Corp Class A,计算机
"TC Bancshares, Inc.",银行
"Krispy Kreme, Inc.",食品饮料
七牛云,通信
"LiveVox Holding, Inc. Class A",计算机
Gobi Acquisition Corp. Class A,非银金融
"EverCommerce, Inc.",计算机
Blue Foundry Bancorp,银行
"Glimpse Group, Inc.",计算机
"Decipher Biosciences, Inc.",医药生物
"Intapp, Inc.",计算机
越众文化传媒,传媒
Cipher Mining Inc,电子
爱彼迎,社会服务
"Sigilon Therapeutics, Inc.",医药生物
"Docebo, Inc.",计算机
"Luminar Technologies, Inc. Class A",电子
Petros Pharmaceuticals Inc,医药生物
"Kinnate Biopharma, Inc.",医药生物
Panbela Therapeutics Inc,医药生物
"PROG Holdings, Inc.",商贸零售
Fathom Digital Manufacturing Corporation Class A,机械设备
Karooooo Ltd.,通信
Coursera Inc,计算机
"Frontier Group Holdings, Inc.",交通运输
Northern Revival Acquisition Corporation Class A,非银金融
Goal Acquisitions Corp.,非银金融
Ares Acquisition Corp. Class A,非银金融
宏利营造,建筑装饰
悦商集团,商贸零售
"Gorilla Technology Group, Inc.",计算机
格拉德斯通资本,非银金融
Polestar Automotive Holding UK PLC Sponsored ADR Class C,汽车
1847 Holdings LLC,商贸零售
Greenwave Technology Solutions Inc,环保
"Mobile Global Esports, Inc.",传媒
"Nocera, Inc.",环保
NeoVolta Inc,电力设备
"ECB Bancorp, Inc.",银行
Bruush Oral Care Inc,美容护理
Hudbay Minerals Inc,有色金属
胡克家具,轻工制造
霍夫纳尼安,美容护理
哈德森,商贸零售
"Howard Bancorp, Inc.",银行
霍勒斯曼恩,美容护理
Howard Hughes Holdings Inc.,房地产
Service Properties Trust,房地产
"Hudson Pacific Properties, Inc.",房地产
哈德森科技,计算机
凯悦酒店,社会服务
"iBio, Inc.",医药生物
"IDACORP, Inc.",公用事业
Ideal Power Inc.,电力设备
"iCAD, Inc.",医药生物
亨廷顿银行,银行
亨廷顿英戈尔斯工业,国防军工
单片机微系统,电子
海斯特-耶鲁物料搬运,机械设备
ICF国际,社会服务
亨斯迈,基础化工
"Aceragen, Inc.",医药生物
赫克,基础化工
IDEX Corporation,机械设备
印度工业信贷投资银行,银行
休伦咨询,社会服务
IAMGOLD Corporation,有色金属
IDEXX实验室,医药生物
ICON Plc,医药生物
"Income Opportunity Realty Investors, Inc.",房地产
信息服务集团,计算机
"IGC Pharma, Inc.",医药生物
特灵科技,电子
安格莱斯市场,商贸零售
GAMCO全球黄金自然资源收益信托,非银金融
通用动力,国防军工
GAMCO自然资源黄金收益信托,非银金融
加特纳,计算机
"MAIA Biotechnology, Inc.",医药生物
通用磨坊,食品饮料
游戏驿站,商贸零售
"Gaming and Leisure Properties, Inc.",房地产
通用电气,电力设备
Generac控股,电力设备
GasLog Partners LP,交通运输
"GEE Group, Inc.",社会服务
通用汽车,汽车
"Genomic Health, Inc.",医药生物
巨人网络,传媒
通用配件,机械设备
盖尔道钢铁,钢铁
德美银行,银行
杰龙,电子
"Kimree, Inc. Sponsored ADR",电子
"MultiVir, Inc.",医药生物
"Nordic Realty Trust, Inc.",房地产
MoneyHero Limited,非银金融
Allego N.V.,电力设备
Pivotal Investment Corp. III Class A,非银金融
健康流科技,医药生物
海科航空,交通运输
赫尔默里奇&佩恩,石油石化
海德思哲,计算机
半球传媒,传媒
哈特兰快递,交通运输
海伦特洛伊家电,家用电器
Welltower Inc.,房地产
AIM ImmunoTech Inc.,医药生物
哈特兰金融,非银金融
赫斯,石油石化
惠普,计算机
和利时自动化,机械设备
奇景光电,电子
"MillerKnoll, Inc.",轻工制造
赫氏,食品饮料
"G-III Apparel Group, Ltd.",纺织服饰
通用金融,非银金融
Getty Realty Corp.,房地产
GEO Group Inc,社会服务
吉来特卫星网络,通信
Glu移动,计算机
加拿大黄金,有色金属
Global Partners LP,石油石化
"GlycoMimetics, Inc.",医药生物
Ferroglobe PLC,有色金属
环汇,非银金融
黄金矿产,有色金属
Gogo Inc.,通信
Golden Star Resources Ltd.,有色金属
勒莫国航,交通运输
格林希尔,传媒
北方中心机场,交通运输
Greif Inc Class A,轻工制造
太平洋航空,交通运输
墨西哥东南部机场,交通运输
海湾资源,石油石化
Griffon Corporation,轻工制造
加利西亚金融,非银金融
"Oncternal Therapeutics, Inc.",医药生物
基立福,轻工制造
桑坦德银行墨西哥分行,银行
冠威,电子
哈尼斯品牌服装,纺织服饰
哈弗蒂家具,轻工制造
哈曼国际工业,机械设备
Hallador能源,煤炭
哈雷,汽车
哈利伯顿,石油石化
韩美金融,非银金融
夏威夷电力,公用事业
哈莫尼黄金,有色金属
哈佛生物科学,医药生物
标志金融服务,非银金融
"Hannon Armstrong Sustainable Infrastructure Capital, Inc.",非银金融
夏威夷控股,交通运输
奥洛兹美医疗,医药生物
L3Harris Technologies Inc,国防军工
孩之宝,轻工制造
霍金斯材料,基础化工
"Spectrum Brands Holdings, Inc.",家用电器
"Hawthorn Bancshares, Inc.",银行
富兰克林普世信托,非银金融
Fortuna Silver Mines Inc.,有色金属
福克斯工厂,机械设备
Expro Group Holdings N.V.,石油石化
"Fortune Brands Innovations, Inc.",轻工制造
Franco-Nevada Corporation,有色金属
自由港麦克莫兰,有色金属
"FS Bancorp, Inc.",银行
FS KKR Capital Corp.,非银金融
富尔顿金融,非银金融
Gabelli多媒体信托-Media Trust,传媒
FutureFuel Corp.,基础化工
The Gabelli Dividend & Income Trust,非银金融
燃料电池能源,电力设备
百家云,计算机
Gabelli公用事业信托-普通股,公用事业
前线海运,交通运输
"Full House Resorts, Inc.",社会服务
"Gaia, Inc. Class A",传媒
Gabelli资本信托,非银金融
雅诗兰黛,美容护理
Evogene Ltd,农林牧渔
伊克赛尔服务控股,社会服务
埃文斯万通金控,非银金融
"Evoke Pharma, Inc.",医药生物
亿客行,交通运输
康捷国际物流,交通运输
伊森艾伦室内装饰,建筑装饰
毅博科技咨询,计算机
Evercore Inc. Class A,非银金融
埃克森美孚,石油石化
慧甚,计算机
农民国民银行,银行
Fair Isaac Corporation,计算机
农地合伙基金,农林牧渔
艾茨克普,电子
法如科技,计算机
联邦快递,交通运输
快扣,轻工制造
F.N.B. Corporation,银行
联邦农业抵押贷款,非银金融
"Fate Therapeutics, Inc.",医药生物
Federal Realty Investment Trust,房地产
联邦信号,机械设备
Fiduciary/Claymore Energy Infrastructure Fund of Benef Interest,非银金融
多尔切斯特,商贸零售
发现金融,非银金融
"Dover Motorsports, Inc.",交通运输
Dorian LPG Ltd.,交通运输
大健云仓,商贸零售
唐纳森,机械设备
道格拉斯动力,电力设备
如瑞迪博士,医药生物
"Dril-Quip, Inc.",机械设备
DRDGOLD Limited Sponsored ADR,煤炭
杜科蒙,基础化工
"DXP Enterprises, Inc.",机械设备
杜克房地产,房地产
Duff & Phelps Global Utility Income Fund,公用事业
"DSP Group, Inc.",通信
戴康工业,机械设备
唐恩都乐,食品饮料
Duff & Phelps Utilities Income,公用事业
Dreyfus High Yield Strategies Fund,非银金融
恩普雷萨电力,电力设备
加拿大能源,石油石化
安可资本,非银金融
Encore Wire Corporation,电子
Endeavour Silver Corp.,有色金属
"AgEagle Aerial Systems, Inc.",国防军工
"EVI Industries, Inc.",家用电器
"Epizyme, Inc.",医药生物
爱立信,通信
艾可菲,医药生物
企业财务服务,非银金融
ePlus inc.,计算机
易昆尼克斯,电子
Erie Indemnity Company Class A,非银金融
Enterprise Products Partners L.P.,石油石化
恩佐生化,医药生物
宜居生活资产信托,房地产
超视野传播,传媒
公平住屋,房地产
EOG能源,石油石化
EPR房地产,房地产
EQT能源,石油石化
"EPAM Systems, Inc.",计算机
嘉年华酒店,社会服务
First Bank,银行
第一联邦金融,非银金融
First Busey Corporation,银行
"Mandiant, Inc.",计算机
第一社区银行股份,银行
第一商业金融服务,非银金融
第一社区,银行
Oaktree Specialty Lending Corporation,非银金融
富达国民信息服务,计算机
第一信托中长期优先收益基金,非银金融
第一信托能源收益成长基金,非银金融
第一信托能源基础设施基金,非银金融
第一太阳能,电力设备
马里兰第一联合,非银金融
弗莱厄蒂克伦兰保富总回报基金,非银金融
"Lument Finance Trust, Inc.",非银金融
第一能源,石油石化
AlerisLife Inc.,社会服务
弗莱厄蒂克伦兰保富成长基金,非银金融
弗莱克斯蒂尔工业,机械设备
"Five Below, Inc.",商贸零售
伟创力国际,计算机
菲利尔系统,国防军工
墨西哥经济开发,房地产
Flotek工业,基础化工
福里斯特,家用电器
Fonar Corporation,医药生物
"Flowers Foods, Inc.",食品饮料
居里,医药生物
"Cyclacel Pharmaceuticals, Inc.",医药生物
CVR能源,石油石化
Curtiss-Wright Corporation,国防军工
"CymaBay Therapeutics, Inc.",医药生物
Cushing Renaissance Fund,非银金融
"CVR Partners, LP",石油石化
"Orbital Infrastructure Group, Inc.",交通运输
细胞动力科技,医药生物
西维斯,医药生物
DHT控股,交通运输
登士柏西诺德,医药生物
"Ault Alliance, Inc.",非银金融
黛安娜船舶,交通运输
帝亚吉欧,食品饮料
"Assertio Holdings, Inc.",医药生物
戴斯控股,非银金融
钻石山投资集团,非银金融
"Dicerna Pharmaceuticals, Inc.",医药生物
德意志银行,银行
戴文能源,石油石化
迪克体育用品,轻工制造
迪堡金融设备,非银金融
Adtalem Global Education Inc.,社会服务
Diamondback能源,石油石化
美国迪进国际,商贸零售
德斯维尔工业,机械设备
数字房地产信托,房地产
数字标识,传媒
德康医疗,医药生物
DiamondRock Hospitality Company,社会服务
Performance Shipping Inc.,交通运输
"Digital Ally, Inc.",计算机
狄乐百货,商贸零售
DISH Network Corporation Class A,通信
"Dine Brands Global, Inc.",食品饮料
美元树,商贸零售
Diodes Incorporated,电子
Donegal Group Inc. Class B,非银金融
丹麦信托基金,非银金融
Designer Brands Inc. Class A,纺织服饰
Dreyfus Municipal Income,非银金融
DMC Global Inc.,机械设备
Dreyfus Strategic Municipal Bond Fund,非银金融
杜克能源,公用事业
DTE能源,公用事业
LEO市政债券基金,非银金融
Dynatronics Corporation,医药生物
德纳维制药,医药生物
柯达,电子
伊万增强股票收益基金2期,非银金融
伊顿,电力设备
伊万浮动利率收益信托,非银金融
"Earthstone Energy, Inc. Class A",石油石化
Eaton Vance Municipal Income Trust,非银金融
Eaton Vance California Municipal Bond Fund,非银金融
庆客隆,食品饮料
"Eagle Bancorp Montana, Inc.",银行
华美银行,银行
伊万有限久期收益基金,非银金融
东部,汽车
Eaton Vance New York Municipal Bond Fund,非银金融
伊万税收管理红利收益基金,非银金融
伊万全球红利机会基金,非银金融
爱迪生国际,公用事业
回声全球物流,交通运输
伊万税收优势债券期权策略基金,非银金融
伊万税收管理全球红利收益基金,非银金融
回声星通信,通信
伊万税收管理备兑认购收益基金,非银金融
教育发展,社会服务
伊万风险管理多元股票收益基金,非银金融
伊万税收管理多元股票收益基金,非银金融
爱德华兹生命科学,医药生物
伊万浮动利率高级债信托,非银金融
伊万税收管理全球多元股票收益基金,非银金融
艺康,医药生物
eBay Inc.,商贸零售
伊万高级债收益信托,非银金融
亚太交换中心,通信
当当网,商贸零售
伊万短久期多元收益基金,非银金融
eGain Corporation,计算机
埃尔比特系统,国防军工
哥伦比亚国家石油,石油石化
埃尔拉多黄金,有色金属
EDAP TMS SA Sponsored ADR,医药生物
易康,医药生物
"Electromed, Inc.",医药生物
埃尔迈拉储蓄银行,银行
"Carisma Therapeutics, Inc.",医药生物
埃姆科集团,机械设备
礼来,医药生物
"Enable Midstream Partners, LP",石油石化
EMCORE Corporation,电子
Eltek Ltd,电子
"Enanta Pharmaceuticals, Inc.",医药生物
eMagin Corporation,电子
"Ellie Mae, Inc.",计算机
"Empire State Realty Trust, Inc. Class A",房地产
Emergent BioSolutions Inc.,医药生物
Employers控股,非银金融
安桥,公用事业
Bel Fuse Inc. Class B,电子
Corcept医疗,医药生物
康菲石油,石油石化
Constellium SE Class A,有色金属
Core Laboratories Inc.,石油石化
"Core Molding Technologies, Inc.",轻工制造
CoreSite Realty Corporation,房地产
乡村基,食品饮料
高宏,电子
"Coupa Software, Inc.",计算机
Costamare Inc.,交通运输
中央太平洋银行,银行
Corporate Office Properties Trust,房地产
科斯塔,食品饮料
"Cornerstone Ondemand, Inc.",计算机
Cousins Properties Incorporated,房地产
开市客,商贸零售
ProMIS Neurosciences Inc.,医药生物
Primo Water Corporation,食品饮料
卡万塔控股,石油石化
CRA国际,社会服务
"Cracker Barrel Old Country Store, Inc.",食品饮料
瑞士信贷,非银金融
"Crane NXT, Co.",机械设备
Credit Suisse High Yield Bond Fund,非银金融
卡骆驰,纺织服饰
城市办公房地产投资信托基金,房地产
"Clovis Oncology, Inc.",医药生物
"Statera Biopharma, Inc.",医药生物
Civeo Corp,社会服务
ClearBridge Energy MLP Fund,石油石化
市民金融控股,非银金融
"CKX Lands, Inc.",农林牧渔
ClearBridge Energy MLP Opportunity Fund,石油石化
"Coya Therapeutics, Inc.",医药生物
"Citizens, Inc. Class A",非银金融
克利尔菲尔德,商贸零售
清洁能源,公用事业
ClearSign Technologies Corporation,电力设备
康塞科,医药生物
Cohen & Steers 精选优先收益基金,非银金融
康耐视科技,电子
Cohen & Steers 全回报地产基金,房地产
高知特,计算机
可口可乐,食品饮料
Cohen & Steers 封基机会基金,非银金融
"Tapestry, Inc.",纺织服饰
"Cohen & Steers, Inc.",非银金融
科休半导体,电子
"Codexis, Inc.",医药生物
MFS市政基金,非银金融
Cohen & Steers 基础设施基金,非银金融
科多勒斯谷万通金控,非银金融
Enovis Corporation,机械设备
Cohen & Steers 有限久期优先收益基金,非银金融
高露洁,美容护理
Colonial Intermediate High Income Fund,非银金融
科尔黛伦矿业,有色金属
计算机程序和系统,计算机
Companhia Energetica de Minas Gerais SA Sponsored ADR Pfd,公用事业
社区银行系统,银行
巴西百货,商贸零售
Computer Sciences Corp.,计算机
"Computer Task Group, Incorporated",计算机
"Concert Pharmaceuticals, Inc.",医药生物
CompX国际,轻工制造
CNX Resources Corporation,石油石化
"Consumer Portfolio Services, Inc.",非银金融
泰和诚医疗,医药生物
联合通讯,通信
"The Container Store Group, Inc.",商贸零售
康斯托克住宅建筑,房地产
Contango Oil & Gas Company,石油石化
爱迪生联合电气,电力设备
Comstock Inc.,石油石化
Consolidated Water Co. Ltd.,公用事业
库珀轮胎与橡胶,轻工制造
康斯托克能源,石油石化
东方航空,交通运输
雪佛龙,石油石化
西比埃,机械设备
华住,社会服务
芝加哥机械,机械设备
中汽系统,汽车
中国基金,非银金融
惠普森医药,医药生物
中国循环能源,环保
明阳风电,电力设备
泰邦生物,医药生物
中国绿色农业,农林牧渔
汉广厦房地产,房地产
南方航空,交通运输
铜道控股,有色金属
中电光伏,电力设备
中华地产,房地产
奇美拉投资,非银金融
中国天然资源,农林牧渔
国际脐带血库,医药生物
"Chimerix, Inc.",医药生物
海王星辰,美容护理
淘屏,计算机
正保远程教育,传媒
九洲大药房,医药生物
玉柴国际,机械设备
Calamos全球动态收益基金,非银金融
C&F金融,银行
华润巴德,医药生物
CACI国际,国防军工
卡路美,纺织服饰
冠群电脑,计算机
铿腾电子,电子
Calamos可转债高收益基金,非银金融
加州水务,公用事业
"Calix, Inc.",通信
Delaware Enhanced Global Dividend,非银金融
康特科技,电子
"Sonida Senior Living, Inc.",社会服务
加拿大帝国商业银行,银行
加拿大国家铁路,交通运输
卡姆登国家银行,银行
Capital Southwest Corporation,非银金融
Capstone Green Energy Corporation,电力设备
Camden Property Trust,房地产
加拿大自然资源,石油石化
黑石抵押信托,房地产
拉丁美洲出口银行,银行
班克金融,银行
哥伦比亚银行,银行
科默斯银行控股,银行
桑坦德银行-巴西,银行
夏威夷银行,银行
马林银行,银行
"BankUnited, Inc.",银行
蒙特利尔银行,银行
"Bankwell Financial Group, Inc.",银行
邦纳,机械设备
"Barnwell Industries, Inc.",石油石化
"BCB Bancorp, Inc.",银行
"Bar Harbor Bankshares, Inc.",银行
3B家居,家用电器
巴瑞特商业服务,社会服务
加拿大贝尔,通信
扩斯达,计算机
Israel Acquisitions Corp. Class A,非银金融
贝莱德,非银金融
底线科技,计算机
BrasilAgro Cia Brasileira de Propriedades Agricolas Sponsored ADR,农林牧渔
博思艾伦咨询,社会服务
博伊德赌场,社会服务
Boise Cascade Co.,建筑材料
博格华纳,汽车
英国石油,石油石化
BOK Financial Corporation,银行
波士顿啤酒,食品饮料
BP Prudhoe Bay Royalty Trust,石油石化
桑坦德银行,银行
Berry Global Group Inc,轻工制造
博纳影业,传媒
BRF SA Sponsored ADR,食品饮料
"Civitas Resources, Inc.",石油石化
布雷迪,电子
"Dime Community Bancshares, Inc.",银行
Brandywine Realty Trust,房地产
"Brixmor Property Group, Inc.",房地产
Bridgford Foods Corporation,食品饮料
博通,电子
布罗德里奇金融解决方案,非银金融
光明地平线家庭解决方案,社会服务
布鲁克赖恩银行,银行
"Azenta, Inc.",医药生物
布莱克维,机械设备
"Brown & Brown, Inc.",非银金融
布林克国际,交通运输
百老汇金融,非银金融
BSQUARE Corporation,计算机
布鲁克菲尔德资产管理,非银金融
布埃纳文图拉开采,石油石化
布朗斯威克,交通运输
布林摩尔银行,银行
"BuildABear Workshop, Inc.",商贸零售
邦吉,食品饮料
Cadiz Inc.,农林牧渔
Topgolf Callaway Brands Corp.,社会服务
加拿大航空电子设备,电子
Calamos可转债机会收益基金,非银金融
伯灵顿百货,商贸零售
卡博特,基础化工
第一资本金融,非银金融
卡地纳健康,医药生物
Capital Product Partners LP,交通运输
国会联邦金融,非银金融
泰尔茂心血管系统,医药生物
Cardtronics plc Class A,商贸零售
"Castlight Health, Inc. Class B",医药生物
"Catalyst Pharmaceuticals, Inc.",医药生物
卡莱,医药生物
凯西,食品饮料
天弘科技,计算机
Central Garden & Pet Company,农林牧渔
"Imunon, Inc.",医药生物
中点能源,石油石化
中央证券,非银金融
新基,医药生物
CDW Corporation,计算机
中央谷地,农林牧渔
Cementos Pacasmayo SAA Sponsored ADR,建筑材料
CECO Environmental Corp.,环保
雪松娱乐,传媒
西麦斯,食品饮料
巴西电力,公用事业
世纪铝业,有色金属
中欧俄土基金,非银金融
世纪银行,银行
世纪赌场,社会服务
CF Bankshares Inc,银行
"Century Communities, Inc.",房地产
Nextracker Inc. Class A,电力设备
塞纳,建筑材料
畅游,通信
"Chegg, Inc.",计算机
"Dare Bioscience, Inc.",医药生物
量子之歌,计算机
"Chembio Diagnostics, Inc.",医药生物
Cerus Corporation,医药生物
Cherry Hill Mortgage Investment Corp.,非银金融
特许通讯,通信
Chemed Corporation,社会服务
"ThermoGenesis Holdings, Inc.",医药生物
Chase Corporation,建筑材料
"CEVA, Inc.",计算机
"Charles & Colvard, Ltd.",有色金属
阿斯伯里汽车,汽车
"Arrowhead Pharmaceuticals, Inc.",医药生物
自流资源,煤炭
Assured Guaranty Ltd.,非银金融
艾斯本科技,电子
亚太电线电缆,电子
亚瑟加拉格尔,纺织服饰
"Artisan Partners Asset Management, Inc. Class A",非银金融
"Braemar Hotels & Resorts, Inc.",社会服务
"Astec Industries, Inc.",机械设备
阿斯麦,电子
"AstroNova, Inc.",电子
Atlantic American Corporation,非银金融
太空电子,电子
汽车之家,汽车
奥本银行,银行
Astrotech Corporation,国防军工
奥托立夫,汽车
"Asure Software, Inc.",计算机
自动数据处理,计算机
汽车地带,汽车
Atrion Corporation,医药生物
"Athersys, Inc.",医药生物
AutoWeb Inc,通信
Avalon Holdings Corporation Class A,环保
欧特克,计算机
艾芙隆海湾社区,房地产
Aberdeen Income Credit Strategies Fund,非银金融
阿维斯塔,公用事业
艾利丹尼森,轻工制造
巴布森全球短期高收益基金,非银金融
"Aviat Networks, Inc.",通信
万通金融,非银金融
巴拉德动力系统,电力设备
"Aware, Inc.",计算机
Avino Silver & Gold Mines Ltd.,有色金属
亚舍立科技,电子
巴利技术,计算机
B&G食品,食品饮料
安飞士,机械设备
百度,计算机
BOS科技,计算机
B/E航天,国防军工
拜切,医药生物
桑坦德银行-智利,银行
Cadence Bank,银行
加州银行,银行
美国银行,银行
Albany International Corp. Class A,纺织服饰
"MyMD Pharmaceuticals, Inc.",医药生物
"Agilysys, Inc.",计算机
Agios制药,医药生物
美国航空运输服务,交通运输
"Aldeyra Therapeutics, Inc.",医药生物
美国雅保,美容护理
伊格尔矿业,有色金属
艾格里不动产,房地产
亚历山大&鲍德温,农林牧渔
Alamo Group Inc.,机械设备
西部社区银行,银行
巴里克黄金,有色金属
"Beacon Roofing Supply, Inc.",建筑材料
Bel Fuse Inc. Class A,电子
百通,通信
巴西特家具,轻工制造
比斯利广播集团,传媒
巴克莱银行,银行
巴恩斯,轻工制造
必乐透,商贸零售
伯克希尔山银行,银行
百思买,商贸零售
"Bio-Rad Laboratories, Inc. Class A",医药生物
生化基因,医药生物
"BIOLASE, Inc.",医药生物
"BioLife Solutions, Inc.",医药生物
Bioline RX Ltd Sponsored ADR,医药生物
布鲁林克斯,汽车
奥多比,计算机
亚川公司,机械设备
安帝君斯,医药生物
阿拉斯加航空,交通运输
航空租赁,交通运输
"Arcturus Therapeutics Holdings, Inc.",医药生物
"Akebia Therapeutics, Inc.",医药生物
安捷伦科技,电子
空气化工产品,基础化工
Annaly资本管理,非银金融
苹果,计算机
"Seelos Therapeutics, Inc.",医药生物
阿普达,计算机
安斯科技,电子
"JanOne, Inc.",医药生物
阿波罗全球管理,非银金融
安塔尔制药,医药生物
应用基因,医药生物
忠实航空,交通运输
亚历山大房地产,房地产
安朗杰,电子
Alexco Resource Corp.,有色金属
阿莱技术,电子
Allient Inc.,通信
"Bread Financial Holdings, Inc.",非银金融
阿尔凯默斯,基础化工
AllianceBernstein Holding L.P.,非银金融
Alleghany Corporation,非银金融
ATI Inc.,有色金属
"Mangoceuticals, Inc.",医药生物
好事达保险,非银金融
Allison Transmission控股,机械设备
艾奥特,电子
Ally Financial Inc,非银金融
奥驰亚集团,轻工制造
"SINTX Technologies, Inc.",医药生物
"American Assets Trust, Inc.",房地产
美国国际集团,非银金融
美国车桥制造,汽车
美国绿星球,环保
美国金融集团,非银金融
"American Campus Communities, Inc.",房地产
美国鹰,纺织服饰
美国房地产投资,房地产
美国国家银行,银行
美国汽车行,汽车
爱美医疗,医药生物
阿默普莱斯金融,非银金融
ABC银行,银行
American Superconductor Corporation,电力设备
"Amtech Systems, Inc.",电子
艾马克技术,机械设备
"AMERISAFE, Inc.",非银金融
星源燃料,石油石化
阿美特克,机械设备
安博科-匹兹堡,基础化工
美国电塔,公用事业
阿吉奥动态,汽车
美斯夫银行,银行
"Amphastar Pharmaceuticals, Inc.",医药生物
"Cencora, Inc.",计算机
美国先锋,非银金融
AngloGold Ashanti Limited Sponsored ADR,有色金属
"Amyris, Inc.",基础化工
安费诺,电子
美国水业,公用事业
艾姆斯国家,银行
百威英博,食品饮料
美国伍德马克,建筑装饰
阿纳达科石油,石油石化
安进,医药生物
阿尼制药,医药生物
安美瑞普,医药生物
亚德诺,电子
阿尼卡医疗,医药生物
Apollo Senior Floating Rate Fund,非银金融
应用光电,电子
怡安保险,非银金融
Apollo Tactical Income Fund,非银金融
阿波罗房地产金融,房地产
安达保险,非银金融
Acasti Pharma Inc. Class A,医药生物
应用材料,电子
"Neoleukin Therapeutics, Inc",医药生物
Aramark,社会服务
方舟生物医药,医药生物
ArcBest Corporation,交通运输
"Ardelyx, Inc.",医药生物
阿德莫尔海运,交通运输
阿里那制药,医药生物
安赛乐米塔尔,钢铁
Ares Management Corporation,非银金融
Ares动态信用债配置基金,非银金融
"Arista Networks, Inc.",通信
阿姆斯特朗,建筑材料
Ark Restaurants Corp.,食品饮料
Array BioPharma Inc.,医药生物
安信龙保险,非银金融
Aspen Aerogels Inc,环保
艾睿电子,电子
"Ashford Hospitality Trust, Inc.",房地产
艾伦建材,建筑材料
阿贝克隆比&费奇,纺织服饰
比特矿业,煤炭
AAR CORP.,机械设备
"1-800-FLOWERS.COM, Inc. Class A",商贸零售
安本亚太收益基金,非银金融
前程无忧,社会服务
安本澳洲股票封基,非银金融
58同城,社会服务
第一机构银行,银行
1st Source Corporation,银行
ABB Ltd. Shs Sponsored American Depositary Receipt Repr 1 Sh,电力设备
安本环球收益基金,非银金融
世纪互联,通信
雅培,医药生物
艾伯维,医药生物
"2U, Inc.",计算机
Atlantica Sustainable Infrastructure plc,公用事业
"A10 Networks, Inc.",通信
安本日本股票封基,非银金融
Acceleron Pharma Inc,医药生物
埃森哲,计算机
阿比奥梅德,医药生物
"Actinium Pharmaceuticals, Inc.",医药生物
ABM Industries Incorporated,社会服务
ACI环球,通信
DMK Pharmaceuticals Corporation,医药生物
ACCO Brands Corporation,轻工制造
Acadia Realty Trust,房地产
"Coherus BioSciences, Inc.",医药生物
Freshpet Inc,食品饮料
Nevro Corp.,医药生物
Liberty Broadband Corp. Class C,通信
Liberty Broadband Corp. Class A,通信
"Upland Software, Inc.",计算机
"Syneos Health, Inc. Class A",医药生物
"Jaguar Health, Inc.",医药生物
"Triumph Financial, Inc.",非银金融
太阳石油,石油石化
"Sientra, Inc.",医药生物
Aptose Biosciences Inc.,医药生物
DBV Technologies SA Sponsored ADR,医药生物
Xenon Pharmaceuticals Inc.,医药生物
"Great Western Bancorp, Inc.",银行
凯尔索科技,计算机
"HubSpot, Inc.",计算机
"BrightSphere Investment Group, Inc.",非银金融
USD Partners LP,交通运输
"NexPoint Residential Trust, Inc.",房地产
Cellectis SA Sponsored ADR,医药生物
"SolarEdge Technologies, Inc.",电力设备
"ViewRay, Inc.",医药生物
碳博士控股,环保
"U.S. Rare Earths, Inc.",有色金属
Check-Cap Ltd.,医药生物
"Goldman Sachs BDC, Inc",非银金融
峰会材料,建筑材料
"Exela Technologies, Inc.",计算机
Associated Banc-Corp,银行
CytoSorbents Corporation,医药生物
延龄草治疗,医药生物
Bellicum制药,医药生物
Predictive Oncology Inc,医药生物
"Restaurant Brands International, Inc.",食品饮料
"New Relic, Inc.",计算机
Workiva Inc. Class A,计算机
詹姆斯河集团,非银金融
LendingClub Corp,非银金融
挚文集团,传媒
艾维科技,电子
FRP Holdings Inc,房地产
"Elevance Health, Inc.",医药生物
Ocugen Inc,医药生物
CSI Compressco LP,机械设备
California Resources Corp,石油石化
Miller/Howard High Income Equity Fund,非银金融
Vericel Corporation,医药生物
OUTFRONT Media Inc.,传媒
海外航运集团,交通运输
三一广场,房地产
宜人金科,非银金融
"Avangrid, Inc.",公用事业
"SmartFinancial, Inc.",银行
"RMR Group, Inc. Class A",房地产
LM Funding America Inc,非银金融
Biodexa Pharmaceuticals PLC,医药生物
联营资本,非银金融
OneMain控股,非银金融
中芯国际,电子
法拉利,汽车
Quotient Technology Incorporated,计算机
"Xtant Medical Holdings, Inc.",医药生物
LivaNova Plc,医药生物
First Data Corporation Class A,非银金融
"Titan Pharmaceuticals, Inc.",医药生物
"Allegiance Bancshares, Inc.",银行
"First Guaranty Bancshares, Inc.",银行
"Pure Storage, Inc. Class A",计算机
Babcock & Wilcox Enterprises Inc,电力设备
Centrais Eletricas Brasileiras SA-Eletrobras Sponsored ADR Pfd Class B,公用事业
Chemours Co.,基础化工
"BWX Technologies, Inc.",国防军工
"Cable One, Inc.",通信
Companhia Energetica de Minas Gerais SA Sponsored ADR,公用事业
Greif Inc Class B,轻工制造
巴西国家石油公司,石油石化
Horizon Global Corp.,机械设备
TopBuild Corp.,建筑装饰
V2X Inc,通信
公民金融,银行
Orion S.A.,传媒
Channeladvisor Corporation,计算机
3D系统,电子
3M公司,机械设备
"REGENXBIO, Inc.",医药生物
Nabriva Therapeutics Plc,医药生物
Avalo Therapeutics Inc,医药生物
GD Culture Group Limited,传媒
"X3 Holdings Co., Ltd.",计算机
"Gryphon Digital Mining, Inc.",有色金属
星图国际,通信
ELEVAI Labs Inc.,计算机
"Inno Holdings, Inc.",计算机
"American Healthcare REIT, Inc.",房地产
"Alto Neuroscience, Inc.",医药生物
"Fractyl Health, Inc.",医药生物
"Zoomcar Holdings, Inc.",汽车
浩希健康,医药生物
Richtech Robotics Inc. Class B,计算机
"TruGolf, Inc.",社会服务
"CERo Therapeutics Holdings, Inc.",医药生物
"Pinstripes Holdings, Inc.",商贸零售
Ryde Group Limited Class A,交通运输
Abivax SA,医药生物
AI Transportation Acquisition Corp.,交通运输
Borealis Foods Inc.,食品饮料
Plum Acquisition Corp. III,非银金融
"AtlasClear Holdings, Inc.",环保
NCR Voyix Corporation,计算机
Blue Owl Capital Corporation III,非银金融
Smith Douglas Homes Corp. Class A,房地产
Silynxcom Ltd.,通信
Prairie Operating Co.,交通运输
童程童美,社会服务
United Parks & Resorts Inc.,社会服务
"Astrana Health, Inc.",医药生物
"Metagenomi, Inc.",医药生物
Captivision Inc.,传媒
Tevogen Bio Holdings Inc.,医药生物
"Alternus Clean Energy, Inc.",电力设备
Palmer Square Capital BDC Inc.,非银金融
Diversified Energy Company PLC,石油石化
Linkage Global Incorporation,商贸零售
"Infrared Cameras Holdings, Inc.",电子
Critical Metals Corp.,有色金属
enGene Holdings Inc.,医药生物
Helix Acquisition Corp. II Class A,非银金融
"Kyverna Therapeutics, Inc.",医药生物
荣志集团,房地产
Nuveen Churchill Direct Lending Corp.,非银金融
"AXIL Brands, Inc.",食品饮料
Chromocell Therapeutics Corp,医药生物
Iron Horse Acquisitions Corp.,非银金融
"Volato Group, Inc. Class A",商贸零售
"DIH Holding US, Inc.",计算机
"Telomir Pharmaceuticals, Inc.",医药生物
Gaxos.ai Inc.,计算机
"CG Oncology, Inc.",医药生物
"Griid Infrastructure, Inc.",公用事业
"FibroBiologics, Inc.",医药生物
Cadeler A/S,交通运输
即亮集团,电子
Spark I Acquisition Corp. Class A,非银金融
"BBB Foods, Inc. Class A",食品饮料
Shimmick Corporation,建筑装饰
"Scorpius Holdings, Inc.",非银金融
Perfect Moment Ltd.,纺织服饰
"Onconetix, Inc.",医药生物
Unusual Machines Inc.,机械设备
Morgan Stanley Direct Lending Fund,非银金融
"ArriVent BioPharma, Inc.",医药生物
Psyence Biomedical Ltd.,医药生物
"Aeries Technology, Inc.",计算机
BitFuFu Inc.,计算机
SRIVARU Holding Limited,轻工制造
"Dayforce, Inc.",计算机
"Lazydays Holdings, Inc.",商贸零售
"Collective Audience, Inc.",传媒
Semilux International Ltd.,电子
"ECD Automotive Design, Inc.",汽车
"Mobix Labs, Inc.",通信
Mural Oncology plc,医药生物
Carbon Revolution Public Limited Company,汽车
"Autonomix Medical, Inc.",医药生物
"RiskOn International, Inc.",非银金融
Okeanis Eco Tankers Corp.,交通运输
承创互连,通信
罗科仕,计算机
Brookfield Reinsurance Ltd. Class A-1,非银金融
Colombier Acquisition Corp II Class A,非银金融
"Beyond, Inc.",计算机
"Hamilton Insurance Group, Ltd. Class B",非银金融
"Lexeo Therapeutics, Inc.",医药生物
LeddarTech Holdings Inc.,电子
Global Gas Corporation,石油石化
"Banzai International, Inc.",商贸零售
Sound Group Inc.,家用电器
"Solidion Technology, Inc.",计算机
Bayview Acquisition Corp Class A,非银金融
Vast Renewables Limited,环保
罗马绿色金融,非银金融
Urgent.ly Inc.,社会服务
"Korro Bio, Inc.",医药生物
NCR Atleos Corporation,计算机
"The Beachbody Company, Inc.",美容护理
"Tourmaline Bio, Inc.",医药生物
路特斯,汽车
"XBP Europe, Inc.",商贸零售
"Signing Day Sports, Inc.",传媒
reAlpha Tech Corp.,计算机
Next.e.GO N.V.,汽车
Barinthus Biotherapeutics plc,医药生物
Royalty Management Holding Corporation,非银金融
Nexxen International Ltd.,商贸零售
"NeueHealth, Inc.",医药生物
"flyExclusive, Inc.",交通运输
一盈证券,非银金融
Sable Offshore Corp.,石油石化
"Worthington Steel, Inc.",钢铁
晖宝控股,房地产
日日煮,食品饮料
Alpha Technology Group Ltd.,计算机
"Mynd.ai, Inc. Sponsored ADR Class A",计算机
"CARGO Therapeutics, Inc.",医药生物
Nukkleus Inc.,通信
"QT Imaging Holdings, Inc.",医药生物
"Airship AI Holdings, Inc",计算机
OneMedNet Corp,医药生物
"TruBridge, Inc.",社会服务
震坤行,商贸零售
亚玛芬体育,纺织服饰
Graphjet Technology,计算机
华普集团,汽车
"NextTrip, Inc.",交通运输
"XTI Aerospace, Inc.",国防军工
Nature's Miracle Holding Inc.,食品饮料
Montana Technologies Corporation,计算机
CBX (Listing Market NYSE Networks AE,非银金融
Zeo Energy Corp.,电力设备
羚羊控股,房地产
Corner Growth Acquisition Corp. 2 Class A,非银金融
法拉第未来,汽车
FinWise Bancorp,银行
Ardagh Metal Packaging S.A,钢铁
"Cybin, Inc.",医药生物
"Rocket Companies, Inc. Class A",非银金融
BigCommerce Holdings Inc,计算机
"Rackspace Technology, Inc.",计算机
IBEX Ltd,社会服务
Portage Biotech Inc,医药生物
厄比奎蒂,房地产
"TELUS International (CDA), Inc.",通信
Brand Engagement Network Inc.,传媒
"ContextLogic, Inc. Class A",计算机
"BioAtla, Inc.",医药生物
美物科技,计算机
"Plains All American Pipeline, L.P.",交通运输
Plains GP Holdings LP Class A,交通运输
"LifeMD, Inc.",医药生物
U.S. GoldMining Inc.,有色金属
"N2OFF, Inc.",计算机
联代科技,计算机
Inspira Technologies Oxy B.H.N. Ltd.,医药生物
Achilles Therapeutics PLC Sponsored ADR,医药生物
天成金汇,非银金融
哈门那,食品饮料
"HCI Group, Inc.",房地产
Enviri Corporation,环保
"Enterprise Bancorp, Inc.",银行
攀登者,计算机
Bristow Group Inc,交通运输
"Flanigan's Enterprises, Inc.",食品饮料
"Forum Energy Technologies, Inc.",电力设备
富乐客,食品饮料
"FormFactor, Inc.",电子
福斯,汽车
Standard BioTools Inc.,医药生物
富兰克林柯维,非银金融
配方系统,计算机
福沃运输,交通运输
富兰克林电子,电子
佛罗斯特研究,医药生物
Denny's Corporation,食品饮料
Compass Diversified Holdings,非银金融
哥伦比亚户外,纺织服饰
罗盘矿物,有色金属
康普,计算机
哥伦布-麦金农,农林牧渔
Pineapple Energy Inc.,电力设备
康沃系统,计算机
科默斯银行,银行
Compugen医疗,医药生物
美国工商五金,轻工制造
"Children's Place, Inc.",纺织服饰
坎特伯雷帕克控股,房地产
Cara Therapeutics Inc,医药生物
加拿大太平洋铁路,交通运输
Cameco Corporation,煤炭
"Capital City Bank Group, Inc.",银行
Logan Ridge Finance Corporation,非银金融
阿特斯太阳能,电力设备
康宝浓汤,食品饮料
Can-Fite BioPharma Ltd. Sponsored ADR,医药生物
AZZ Inc.,电力设备
"Badger Meter, Inc.",电子
BJ's餐饮,食品饮料
"BGC Group, Inc.",非银金融
Clarus Corporation,轻工制造
Birks Group Inc.,纺织服饰
Blackrock Capital and Income Strategies Fund,非银金融
Blackrock MuniAssets Fund,非银金融
Blackrock Corporate High Yield Fund,非银金融
Blackrock Enhanced Government Fund,非银金融
Blackrock MuniHoldings California Quality Fund,非银金融
Blackrock Floating Rate Income Strategies Fund,非银金融
贝莱德信用债配置收益信托,非银金融
Blackrock MuniHoldings Fund,非银金融
"Arq, Inc.",计算机
"Alexander's, Inc.",房地产
远地点企业,商贸零售
"Talphera, Inc.",计算机
"Neurogene, Inc.",医药生物
"Art's-Way Manufacturing Co., Inc.",机械设备
Anterix Inc.,通信
"Shake Shack, Inc. Class A",食品饮料
"Avinger, Inc.",医药生物
First Northwest Bancorp,银行
Ascendis Pharma A/S Sponsored ADR,医药生物
"TRACON Pharmaceuticals, Inc.",医药生物
Vuzix Corporation,电子
"Box, Inc. Class A",计算机
Euronav NV,交通运输
"Notable Labs, Inc.",医药生物
"Cartesian Therapeutics, Inc.",医药生物
"Spyre Therapeutics, Inc.",医药生物
"Gyre Therapeutics, Inc.",医药生物
"New Horizon Aircraft, Ltd.",交通运输
Metallus Inc.,有色金属
伟大奇科技,计算机
"Aimei Health Technology Co., Ltd",医药生物
Kaspi.kz Joint Stock Company Sponsored ADR RegS,非银金融
"Syntec Optics Holdings, Inc.",电子
JVSPAC Acquisition Corp. Class A,非银金融
Flutter Entertainment Plc,传媒
HWH International Inc.,商贸零售
Agriculture & Natural Solutions Acquisition Corporation Class A,农林牧渔
Arcadium Lithium Plc,有色金属
Spectaire Holdings Inc.,环保
